name,amplitude,phase,omega,scale,bins,generator,injected,trial,degree,recovered_omega,recovered_amplitude,search_score
nominal,1.0,-0.2313916852932179,7.025825825825827,1.0,350,spline_s2,0,0,7,51.74944944944946,0.1055209320887885,13.757043116953184
nominal,1.0,-0.2313916852932179,7.025825825825827,1.0,350,spline_s2,0,0,12,51.74944944944946,0.062143773142478556,13.434767291411731
nominal,1.0,-0.2313916852932179,7.025825825825827,1.0,350,spline_s2,0,1,7,47.28478478478479,0.14057953413578236,7.749297759301726
nominal,1.0,-0.2313916852932179,7.025825825825827,1.0,350,spline_s2,0,1,12,47.28478478478479,0.08970410687893934,7.589270876962871
nominal,1.0,-0.2313916852932179,7.025825825825827,1.0,350,spline_s2,0,2,7,78.15255255255256,0.1762776919289424,11.322785883070367
nominal,1.0,-0.2313916852932179,7.025825825825827,1.0,350,spline_s2,0,2,12,78.15255255255256,0.05209604738019874,11.837770391203406
nominal,1.0,-0.2313916852932179,7.025825825825827,1.0,350,spline_s2,0,3,7,67.83763763763764,0.11268078104198774,8.549358452751505
nominal,1.0,-0.2313916852932179,7.025825825825827,1.0,350,spline_s2,0,3,12,67.83763763763764,0.02090098816260194,7.89430629493657
nominal,1.0,-0.2313916852932179,7.025825825825827,1.0,350,spline_s2,0,4,7,72.91811811811812,0.19412291476341764,11.381101741723171
nominal,1.0,-0.2313916852932179,7.025825825825827,1.0,350,spline_s2,0,4,12,78.07557557557558,0.05235454561513193,10.855331370173246
nominal,1.0,-0.2313916852932179,7.025825825825827,1.0,350,spline_s2,0,5,7,31.966366366366373,0.13167943948455793,11.14284091850368
nominal,1.0,-0.2313916852932179,7.025825825825827,1.0,350,spline_s2,0,5,12,31.812412412412417,0.03571465446343898,11.04967785099194
nominal,1.0,-0.2313916852932179,7.025825825825827,1.0,350,spline_s2,0,6,7,69.06926926926927,0.09170581284660305,12.766606177952013
nominal,1.0,-0.2313916852932179,7.025825825825827,1.0,350,spline_s2,0,6,12,69.06926926926927,0.04877349473121571,12.632420823027871
nominal,1.0,-0.2313916852932179,7.025825825825827,1.0,350,spline_s2,0,7,7,30.426826826826833,0.12887229760345975,11.939254702744506
nominal,1.0,-0.2313916852932179,7.025825825825827,1.0,350,spline_s2,0,7,12,30.580780780780785,0.038826238894919235,10.377049503048795
nominal,1.0,-0.2313916852932179,7.025825825825827,1.0,350,spline_s2,0,8,7,72.9950950950951,0.12110333543533992,9.934608645659239
nominal,1.0,-0.2313916852932179,7.025825825825827,1.0,350,spline_s2,0,8,12,73.07207207207207,0.09269393014686662,9.443854226211556
nominal,1.0,-0.2313916852932179,7.025825825825827,1.0,350,spline_s2,0,9,7,31.042642642642647,0.06628214067894464,11.28391898168178
nominal,1.0,-0.2313916852932179,7.025825825825827,1.0,350,spline_s2,0,9,12,31.042642642642647,0.036151155393877116,9.836643647226907
nominal,1.0,-0.2313916852932179,7.025825825825827,1.0,350,spline_s2,0,10,7,68.14554554554554,0.09787427226651539,7.641907406465066
nominal,1.0,-0.2313916852932179,7.025825825825827,1.0,350,spline_s2,0,10,12,24.34564564564565,0.038614540228443045,8.851123937978912
nominal,1.0,-0.2313916852932179,7.025825825825827,1.0,350,spline_s2,0,11,7,48.208508508508515,0.11930680710505656,11.703094298340204
nominal,1.0,-0.2313916852932179,7.025825825825827,1.0,350,spline_s2,0,11,12,48.208508508508515,0.02927826117452858,10.666626391737054
nominal,1.0,-0.2313916852932179,7.025825825825827,1.0,350,spline_s2,0,12,7,26.11611611611612,0.04639305893807084,9.907608736669943
nominal,1.0,-0.2313916852932179,7.025825825825827,1.0,350,spline_s2,0,12,12,26.039139139139145,0.039733149909045445,7.1646326886265115
nominal,1.0,-0.2313916852932179,7.025825825825827,1.0,350,spline_s2,0,13,7,75.15045045045045,0.09629026293728662,9.490037159251415
nominal,1.0,-0.2313916852932179,7.025825825825827,1.0,350,spline_s2,0,13,12,75.07347347347348,0.002780300165296036,9.950858900450157
nominal,1.0,-0.2313916852932179,7.025825825825827,1.0,350,spline_s2,0,14,7,80.0,0.23570006699235638,9.034405687736665
nominal,1.0,-0.2313916852932179,7.025825825825827,1.0,350,spline_s2,0,14,12,80.0,0.09598008306685517,8.995042881088807
nominal,1.0,-0.2313916852932179,7.025825825825827,1.0,350,spline_s2,0,15,7,77.22882882882884,0.11400465639088679,9.939360468266443
nominal,1.0,-0.2313916852932179,7.025825825825827,1.0,350,spline_s2,0,15,12,77.15185185185186,0.0857624012952867,10.351245904413986
nominal,1.0,-0.2313916852932179,7.025825825825827,1.0,350,spline_s2,0,16,7,54.597597597597606,0.06938816820615908,11.601465609315028
nominal,1.0,-0.2313916852932179,7.025825825825827,1.0,350,spline_s2,0,16,12,54.75155155155156,0.0522020533920465,12.220754028204567
nominal,1.0,-0.2313916852932179,7.025825825825827,1.0,350,spline_s2,0,17,7,69.83903903903904,0.1268283830526439,8.630068949137183
nominal,1.0,-0.2313916852932179,7.025825825825827,1.0,350,spline_s2,0,17,12,69.76206206206207,0.025028823452624884,9.32960081906893
nominal,1.0,-0.2313916852932179,7.025825825825827,1.0,350,spline_s2,0,18,7,35.199399399399404,0.02637120249623879,10.4768915160397
nominal,1.0,-0.2313916852932179,7.025825825825827,1.0,350,spline_s2,0,18,12,35.12242242242243,0.030462171820687754,10.042321677091877
nominal,1.0,-0.2313916852932179,7.025825825825827,1.0,350,spline_s2,0,19,7,66.75995995995997,0.039025807111953,10.554078412754166
nominal,1.0,-0.2313916852932179,7.025825825825827,1.0,350,spline_s2,0,19,12,66.75995995995997,0.022374766728217352,11.169527137835018
nominal,1.0,-0.2313916852932179,7.025825825825827,1.0,350,spline_s2,0,20,7,71.22462462462462,0.06158595099864643,6.822433581798521
nominal,1.0,-0.2313916852932179,7.025825825825827,1.0,350,spline_s2,0,20,12,71.22462462462462,0.060143463925994636,6.834828966827928
nominal,1.0,-0.2313916852932179,7.025825825825827,1.0,350,spline_s2,0,21,7,36.35405405405406,0.16586488288884763,13.278613839160982
nominal,1.0,-0.2313916852932179,7.025825825825827,1.0,350,spline_s2,0,21,12,36.27707707707708,0.10449732387177758,14.855134612166921
nominal,1.0,-0.2313916852932179,7.025825825825827,1.0,350,spline_s2,0,22,7,24.653553553553557,0.09517107660045732,9.08261021338376
nominal,1.0,-0.2313916852932179,7.025825825825827,1.0,350,spline_s2,0,22,12,24.653553553553557,0.0126080864330867,10.080506019777545
nominal,1.0,-0.2313916852932179,7.025825825825827,1.0,350,spline_s2,0,23,7,34.50660660660661,0.10809320551917341,12.417486545004124
nominal,1.0,-0.2313916852932179,7.025825825825827,1.0,350,spline_s2,0,23,12,34.50660660660661,0.06398978591291017,11.78566738279423
nominal,1.0,-0.2313916852932179,7.025825825825827,1.0,350,spline_s2,0,24,7,79.6920920920921,0.05183351817021571,8.584303005943326
nominal,1.0,-0.2313916852932179,7.025825825825827,1.0,350,spline_s2,0,24,12,79.6920920920921,0.02380288483974075,8.499994026229672
nominal,1.0,-0.2313916852932179,7.025825825825827,1.0,350,spline_s2,0,25,7,61.52552552552554,0.13056409713714898,9.221914755910575
nominal,1.0,-0.2313916852932179,7.025825825825827,1.0,350,spline_s2,0,25,12,30.73473473473474,0.042772403855422476,8.689166317028935
nominal,1.0,-0.2313916852932179,7.025825825825827,1.0,350,spline_s2,0,26,7,41.04964964964966,0.03774176481608553,11.760167868505562
nominal,1.0,-0.2313916852932179,7.025825825825827,1.0,350,spline_s2,0,26,12,40.97267267267268,0.03480820620619001,10.559993395674582
nominal,1.0,-0.2313916852932179,7.025825825825827,1.0,350,spline_s2,0,27,7,21.651451451451454,0.07845010604989291,10.987934392909551
nominal,1.0,-0.2313916852932179,7.025825825825827,1.0,350,spline_s2,0,27,12,21.80540540540541,0.026646839389566922,10.180743108968898
nominal,1.0,-0.2313916852932179,7.025825825825827,1.0,350,spline_s2,0,28,7,44.12872872872874,0.09677064117649528,17.250219716809482
nominal,1.0,-0.2313916852932179,7.025825825825827,1.0,350,spline_s2,0,28,12,44.12872872872874,0.053255411501095605,17.029076673253684
nominal,1.0,-0.2313916852932179,7.025825825825827,1.0,350,spline_s2,0,29,7,48.5933933933934,0.2072715334153882,11.080846324357566
nominal,1.0,-0.2313916852932179,7.025825825825827,1.0,350,spline_s2,0,29,12,48.516416416416426,0.12253967706053677,10.96048903546449
nominal,1.0,-0.2313916852932179,7.025825825825827,1.0,350,spline_s2,0,30,7,11.02862862862863,0.0773784264733914,9.340135505112329
nominal,1.0,-0.2313916852932179,7.025825825825827,1.0,350,spline_s2,0,30,12,11.105605605605607,0.08683597017691402,9.152570106498132
nominal,1.0,-0.2313916852932179,7.025825825825827,1.0,350,spline_s2,0,31,7,46.591991991991996,0.0757347107732497,12.180558704922987
nominal,1.0,-0.2313916852932179,7.025825825825827,1.0,350,spline_s2,0,31,12,46.668968968968976,0.059590632269009576,11.885570375374641
nominal,1.0,-0.2313916852932179,7.025825825825827,1.0,350,spline_s2,0,32,7,19.573073073073076,0.11364086368950765,7.058636771931845
nominal,1.0,-0.2313916852932179,7.025825825825827,1.0,350,spline_s2,0,32,12,14.415615615615616,0.11492685034331841,6.826723146969073
nominal,1.0,-0.2313916852932179,7.025825825825827,1.0,350,spline_s2,0,33,7,62.21831831831833,0.061825907377563966,12.038215969095972
nominal,1.0,-0.2313916852932179,7.025825825825827,1.0,350,spline_s2,0,33,12,62.14134134134135,0.03153944682416793,11.468951441208958
nominal,1.0,-0.2313916852932179,7.025825825825827,1.0,350,spline_s2,0,34,7,57.06086086086087,0.009756520927287063,8.817814722937726
nominal,1.0,-0.2313916852932179,7.025825825825827,1.0,350,spline_s2,0,34,12,16.032132132132134,0.044154965250456264,8.888151793211364
nominal,1.0,-0.2313916852932179,7.025825825825827,1.0,350,spline_s2,0,35,7,54.05875875875877,0.1339323117263094,14.445355495699232
nominal,1.0,-0.2313916852932179,7.025825825825827,1.0,350,spline_s2,0,35,12,54.05875875875877,0.02082100955494598,14.376498616654885
nominal,1.0,-0.2313916852932179,7.025825825825827,1.0,350,spline_s2,0,36,7,22.729129129129134,0.019698986718840367,12.661983566137394
nominal,1.0,-0.2313916852932179,7.025825825825827,1.0,350,spline_s2,0,36,12,22.652152152152155,0.05315594397829648,11.435938564510309
nominal,1.0,-0.2313916852932179,7.025825825825827,1.0,350,spline_s2,0,37,7,29.272172172172176,0.03372859845652808,10.854921785528177
nominal,1.0,-0.2313916852932179,7.025825825825827,1.0,350,spline_s2,0,37,12,29.272172172172176,0.03802916424137187,10.25292426020249
nominal,1.0,-0.2313916852932179,7.025825825825827,1.0,350,spline_s2,0,38,7,66.14414414414415,0.056106304082868604,9.873220219334542
nominal,1.0,-0.2313916852932179,7.025825825825827,1.0,350,spline_s2,0,38,12,66.14414414414415,0.08195282473091742,10.000167034738638
nominal,1.0,-0.2313916852932179,7.025825825825827,1.0,350,spline_s2,0,39,7,25.88518518518519,0.03133302917945508,5.888594853456482
nominal,1.0,-0.2313916852932179,7.025825825825827,1.0,350,spline_s2,0,39,12,37.97057057057058,0.039704743970631534,5.357889590752734
nominal,1.0,-0.2313916852932179,7.025825825825827,1.0,350,spline_s2,0,40,7,41.51151151151152,0.0682197524595212,7.781526608014673
nominal,1.0,-0.2313916852932179,7.025825825825827,1.0,350,spline_s2,0,40,12,41.43453453453454,0.028437557473067913,7.479619071483398
nominal,1.0,-0.2313916852932179,7.025825825825827,1.0,350,spline_s2,0,41,7,41.51151151151152,0.1280056683143865,8.524202230896634
nominal,1.0,-0.2313916852932179,7.025825825825827,1.0,350,spline_s2,0,41,12,41.66546546546547,0.05030530648390544,8.655217748962912
nominal,1.0,-0.2313916852932179,7.025825825825827,1.0,350,spline_s2,0,42,7,33.197997997998,0.08656079580975348,8.838648629901826
nominal,1.0,-0.2313916852932179,7.025825825825827,1.0,350,spline_s2,0,42,12,33.27497497497498,0.020771195025610013,8.893963018594718
nominal,1.0,-0.2313916852932179,7.025825825825827,1.0,350,spline_s2,0,43,7,43.20500500500501,0.09667717130886132,7.174178875288646
nominal,1.0,-0.2313916852932179,7.025825825825827,1.0,350,spline_s2,0,43,12,51.05665665665666,0.02593876068678468,7.144725262774273
nominal,1.0,-0.2313916852932179,7.025825825825827,1.0,350,spline_s2,0,44,7,10.181881881881884,0.06558201452741029,6.879205789298112
nominal,1.0,-0.2313916852932179,7.025825825825827,1.0,350,spline_s2,0,44,12,79.92302302302303,0.031009949909470026,6.372500092846678
nominal,1.0,-0.2313916852932179,7.025825825825827,1.0,350,spline_s2,0,45,7,39.04824824824826,0.03085227599991805,13.629941120610908
nominal,1.0,-0.2313916852932179,7.025825825825827,1.0,350,spline_s2,0,45,12,38.97127127127128,0.015501581669620616,13.89497442812825
nominal,1.0,-0.2313916852932179,7.025825825825827,1.0,350,spline_s2,0,46,7,59.524124124124135,0.06263269707337034,13.26596893858283
nominal,1.0,-0.2313916852932179,7.025825825825827,1.0,350,spline_s2,0,46,12,59.524124124124135,0.05763561921881763,14.283199229962122
nominal,1.0,-0.2313916852932179,7.025825825825827,1.0,350,spline_s2,0,47,7,18.95725725725726,0.027550811460345027,11.256103940947469
nominal,1.0,-0.2313916852932179,7.025825825825827,1.0,350,spline_s2,0,47,12,19.034234234234237,0.07201909886094518,11.335511034745423
nominal,1.0,-0.2313916852932179,7.025825825825827,1.0,350,spline_s2,0,48,7,16.95585585585586,0.04795723749467253,12.598859375087386
nominal,1.0,-0.2313916852932179,7.025825825825827,1.0,350,spline_s2,0,48,12,16.878878878878883,0.04281173866613725,9.774913253053825
nominal,1.0,-0.2313916852932179,7.025825825825827,1.0,350,spline_s2,0,49,7,58.83133133133134,0.11819571667562996,10.71054427762212
nominal,1.0,-0.2313916852932179,7.025825825825827,1.0,350,spline_s2,0,49,12,58.83133133133134,0.014260458894195999,10.366409731132478
nominal,1.0,-0.2313916852932179,7.025825825825827,1.0,350,spline_s2,0,50,7,34.66056056056056,0.16230860550185386,8.496914059762815
nominal,1.0,-0.2313916852932179,7.025825825825827,1.0,350,spline_s2,0,50,12,34.66056056056056,0.01632292965796659,8.194457536598605
nominal,1.0,-0.2313916852932179,7.025825825825827,1.0,350,spline_s2,0,51,7,22.498198198198203,0.12274137952010736,12.83124142325488
nominal,1.0,-0.2313916852932179,7.025825825825827,1.0,350,spline_s2,0,51,12,22.652152152152155,0.01375345732959564,15.252762678517286
nominal,1.0,-0.2313916852932179,7.025825825825827,1.0,350,spline_s2,0,52,7,72.9950950950951,0.12351065711451582,7.493078017164635
nominal,1.0,-0.2313916852932179,7.025825825825827,1.0,350,spline_s2,0,52,12,72.9950950950951,0.07197196185426585,7.4343336081898315
nominal,1.0,-0.2313916852932179,7.025825825825827,1.0,350,spline_s2,0,53,7,63.91181181181182,0.0562289341496828,12.197850129402525
nominal,1.0,-0.2313916852932179,7.025825825825827,1.0,350,spline_s2,0,53,12,63.834834834834844,0.04607098330445562,13.272760467000012
nominal,1.0,-0.2313916852932179,7.025825825825827,1.0,350,spline_s2,0,54,7,62.06436436436437,0.08472033529405713,8.204361658549544
nominal,1.0,-0.2313916852932179,7.025825825825827,1.0,350,spline_s2,0,54,12,62.06436436436437,0.07623627055476456,8.176092295564104
nominal,1.0,-0.2313916852932179,7.025825825825827,1.0,350,spline_s2,0,55,7,30.349849849849853,0.06815258312754856,5.849129922772022
nominal,1.0,-0.2313916852932179,7.025825825825827,1.0,350,spline_s2,0,55,12,30.349849849849853,0.06236460419869669,5.954526086508537
nominal,1.0,-0.2313916852932179,7.025825825825827,1.0,350,spline_s2,0,56,7,31.73543543543544,0.20384056914202522,11.89659649775831
nominal,1.0,-0.2313916852932179,7.025825825825827,1.0,350,spline_s2,0,56,12,49.28618618618619,0.04462980417110692,10.072616416378281
nominal,1.0,-0.2313916852932179,7.025825825825827,1.0,350,spline_s2,0,57,7,59.90900900900902,0.15647420930173428,9.47887645043403
nominal,1.0,-0.2313916852932179,7.025825825825827,1.0,350,spline_s2,0,57,12,13.799799799799802,0.12648589223422474,9.031880345001866
nominal,1.0,-0.2313916852932179,7.025825825825827,1.0,350,spline_s2,0,58,7,6.179079079079079,0.15536102598010437,10.92352235817549
nominal,1.0,-0.2313916852932179,7.025825825825827,1.0,350,spline_s2,0,58,12,68.68438438438439,0.08658187086414748,7.497854904738915
nominal,1.0,-0.2313916852932179,7.025825825825827,1.0,350,spline_s2,0,59,7,60.755755755755764,0.1800532017994106,12.824554121262565
nominal,1.0,-0.2313916852932179,7.025825825825827,1.0,350,spline_s2,0,59,12,60.755755755755764,0.06582106000130715,11.820824316770143
nominal,1.0,-0.2313916852932179,7.025825825825827,1.0,350,spline_s2,0,60,7,68.45345345345346,0.1048722314248087,11.62203902591213
nominal,1.0,-0.2313916852932179,7.025825825825827,1.0,350,spline_s2,0,60,12,68.45345345345346,0.06040081488234105,11.874628571987188
nominal,1.0,-0.2313916852932179,7.025825825825827,1.0,350,spline_s2,0,61,7,73.6878878878879,0.07522813987382725,11.319180659075357
nominal,1.0,-0.2313916852932179,7.025825825825827,1.0,350,spline_s2,0,61,12,73.6878878878879,0.024821226042086336,12.455358535196012
nominal,1.0,-0.2313916852932179,7.025825825825827,1.0,350,spline_s2,0,62,7,27.732632632632637,0.04922380003543887,12.32154287440386
nominal,1.0,-0.2313916852932179,7.025825825825827,1.0,350,spline_s2,0,62,12,27.732632632632637,0.05023363518436016,12.610367223682829
nominal,1.0,-0.2313916852932179,7.025825825825827,1.0,350,spline_s2,0,63,7,42.5891891891892,0.07786573264507184,11.481038586865054
nominal,1.0,-0.2313916852932179,7.025825825825827,1.0,350,spline_s2,0,63,12,42.43523523523524,0.04480692411177888,10.996198479383395
nominal,1.0,-0.2313916852932179,7.025825825825827,1.0,350,spline_s2,0,64,7,58.60040040040041,0.16026126865211388,9.032093376194382
nominal,1.0,-0.2313916852932179,7.025825825825827,1.0,350,spline_s2,0,64,12,58.60040040040041,0.10140246943955278,8.829585629239716
nominal,1.0,-0.2313916852932179,7.025825825825827,1.0,350,spline_s2,0,65,7,44.82152152152153,0.01281341342835141,12.28188212474032
nominal,1.0,-0.2313916852932179,7.025825825825827,1.0,350,spline_s2,0,65,12,44.82152152152153,0.023770908111843507,12.991320069468031
nominal,1.0,-0.2313916852932179,7.025825825825827,1.0,350,spline_s2,0,66,7,57.52272272272273,0.12287091455592504,9.657531985207925
nominal,1.0,-0.2313916852932179,7.025825825825827,1.0,350,spline_s2,0,66,12,57.599699699699705,0.05964733051920171,10.801568553265753
nominal,1.0,-0.2313916852932179,7.025825825825827,1.0,350,spline_s2,0,67,7,47.36176176176177,0.22511449354313826,10.302080651425769
nominal,1.0,-0.2313916852932179,7.025825825825827,1.0,350,spline_s2,0,67,12,47.28478478478479,0.13604580055311807,10.19588395639181
nominal,1.0,-0.2313916852932179,7.025825825825827,1.0,350,spline_s2,0,68,7,33.967767767767775,0.11680208699114668,9.678175255307792
nominal,1.0,-0.2313916852932179,7.025825825825827,1.0,350,spline_s2,0,68,12,33.813813813813816,0.053478166631698014,8.8737858014793
nominal,1.0,-0.2313916852932179,7.025825825825827,1.0,350,spline_s2,0,69,7,61.67947947947949,0.018651255834876826,8.155162976485997
nominal,1.0,-0.2313916852932179,7.025825825825827,1.0,350,spline_s2,0,69,12,61.67947947947949,0.06780215279643269,8.076252084668454
nominal,1.0,-0.2313916852932179,7.025825825825827,1.0,350,spline_s2,0,70,7,39.27917917917919,0.10893297621787836,10.915655549047983
nominal,1.0,-0.2313916852932179,7.025825825825827,1.0,350,spline_s2,0,70,12,39.35615615615616,0.10097126366876213,10.40513494375216
nominal,1.0,-0.2313916852932179,7.025825825825827,1.0,350,spline_s2,0,71,7,62.526226226226235,0.11871868535565103,9.679328942110601
nominal,1.0,-0.2313916852932179,7.025825825825827,1.0,350,spline_s2,0,71,12,62.603203203203215,0.01590791105008453,9.151817552880885
nominal,1.0,-0.2313916852932179,7.025825825825827,1.0,350,spline_s2,0,72,7,47.20780780780782,0.09788813307951476,11.606470672087994
nominal,1.0,-0.2313916852932179,7.025825825825827,1.0,350,spline_s2,0,72,12,47.28478478478479,0.10333769998766223,12.120776942598923
nominal,1.0,-0.2313916852932179,7.025825825825827,1.0,350,spline_s2,0,73,7,55.2903903903904,0.17876828166949557,10.760537390544073
nominal,1.0,-0.2313916852932179,7.025825825825827,1.0,350,spline_s2,0,73,12,55.2903903903904,0.08044867890315424,11.610609844915587
nominal,1.0,-0.2313916852932179,7.025825825825827,1.0,350,spline_s2,0,74,7,25.577277277277283,0.20251207274832286,12.242497352901523
nominal,1.0,-0.2313916852932179,7.025825825825827,1.0,350,spline_s2,0,74,12,25.88518518518519,0.04919156975035083,11.467765509905064
nominal,1.0,-0.2313916852932179,7.025825825825827,1.0,350,spline_s2,0,75,7,51.44154154154155,0.05247263649034927,8.09036357689746
nominal,1.0,-0.2313916852932179,7.025825825825827,1.0,350,spline_s2,0,75,12,51.518518518518526,0.03466081861828171,7.811865042201248
nominal,1.0,-0.2313916852932179,7.025825825825827,1.0,350,spline_s2,0,76,7,67.37577577577578,0.10001729030169028,8.39618408149471
nominal,1.0,-0.2313916852932179,7.025825825825827,1.0,350,spline_s2,0,76,12,67.45275275275276,0.0285344935775386,8.145778991479006
nominal,1.0,-0.2313916852932179,7.025825825825827,1.0,350,spline_s2,0,77,7,66.91391391391392,0.08023370644761352,9.915753871517921
nominal,1.0,-0.2313916852932179,7.025825825825827,1.0,350,spline_s2,0,77,12,66.91391391391392,0.005440827671653563,10.205682631838329
nominal,1.0,-0.2313916852932179,7.025825825825827,1.0,350,spline_s2,0,78,7,20.727727727727732,0.07490286443807279,11.084826512589643
nominal,1.0,-0.2313916852932179,7.025825825825827,1.0,350,spline_s2,0,78,12,20.650750750750756,0.011367947266377978,8.990888701275253
nominal,1.0,-0.2313916852932179,7.025825825825827,1.0,350,spline_s2,0,79,7,78.61441441441443,0.03460695306154508,8.139139603971557
nominal,1.0,-0.2313916852932179,7.025825825825827,1.0,350,spline_s2,0,79,12,78.61441441441443,0.040949868170945994,8.09238081461109
nominal,1.0,-0.2313916852932179,7.025825825825827,1.0,350,spline_s2,0,80,7,22.960060060060066,0.038174179357257046,9.07643873952108
nominal,1.0,-0.2313916852932179,7.025825825825827,1.0,350,spline_s2,0,80,12,22.960060060060066,0.022596674855709587,9.598361253350362
nominal,1.0,-0.2313916852932179,7.025825825825827,1.0,350,spline_s2,0,81,7,41.97337337337338,0.07555505384899888,18.587265585713084
nominal,1.0,-0.2313916852932179,7.025825825825827,1.0,350,spline_s2,0,81,12,41.97337337337338,0.03519726018806952,19.82473948642513
nominal,1.0,-0.2313916852932179,7.025825825825827,1.0,350,spline_s2,0,82,7,54.520620620620626,0.0367563165917745,7.2138697960274385
nominal,1.0,-0.2313916852932179,7.025825825825827,1.0,350,spline_s2,0,82,12,72.61021021021021,0.049537493042844875,6.72547855711889
nominal,1.0,-0.2313916852932179,7.025825825825827,1.0,350,spline_s2,0,83,7,34.89149149149149,0.16222248208546983,6.579107539966628
nominal,1.0,-0.2313916852932179,7.025825825825827,1.0,350,spline_s2,0,83,12,25.34634634634635,0.06180400129315588,7.281562784277639
nominal,1.0,-0.2313916852932179,7.025825825825827,1.0,350,spline_s2,0,84,7,69.14624624624625,0.14717298292920053,11.181186709420842
nominal,1.0,-0.2313916852932179,7.025825825825827,1.0,350,spline_s2,0,84,12,69.14624624624625,0.10822554538618755,11.431360226140384
nominal,1.0,-0.2313916852932179,7.025825825825827,1.0,350,spline_s2,0,85,7,21.112612612612615,0.03899428309474057,6.721391014756023
nominal,1.0,-0.2313916852932179,7.025825825825827,1.0,350,spline_s2,0,85,12,79.53813813813814,0.01458594297714985,5.814342779888136
nominal,1.0,-0.2313916852932179,7.025825825825827,1.0,350,spline_s2,0,86,7,40.048948948948954,0.12634051485392292,11.627827761396873
nominal,1.0,-0.2313916852932179,7.025825825825827,1.0,350,spline_s2,0,86,12,39.97197197197198,0.08906305780219662,12.832063071825786
nominal,1.0,-0.2313916852932179,7.025825825825827,1.0,350,spline_s2,0,87,7,60.44784784784786,0.12088218884813888,13.22976586929326
nominal,1.0,-0.2313916852932179,7.025825825825827,1.0,350,spline_s2,0,87,12,60.44784784784786,0.039589651485635355,12.84587724811746
nominal,1.0,-0.2313916852932179,7.025825825825827,1.0,350,spline_s2,0,88,7,11.952352352352353,0.06301202084270338,12.955381604524632
nominal,1.0,-0.2313916852932179,7.025825825825827,1.0,350,spline_s2,0,88,12,12.02932932932933,0.043736161394093656,10.153701717222361
nominal,1.0,-0.2313916852932179,7.025825825825827,1.0,350,spline_s2,0,89,7,54.443643643643654,0.08413464657872124,10.220954960999961
nominal,1.0,-0.2313916852932179,7.025825825825827,1.0,350,spline_s2,0,89,12,54.366666666666674,0.08021229341044753,10.276377451157089
nominal,1.0,-0.2313916852932179,7.025825825825827,1.0,350,spline_s2,0,90,7,13.414914914914917,0.1350207149818583,17.536863763076667
nominal,1.0,-0.2313916852932179,7.025825825825827,1.0,350,spline_s2,0,90,12,13.337937937937939,0.1374797426488932,13.905012804129797
nominal,1.0,-0.2313916852932179,7.025825825825827,1.0,350,spline_s2,0,91,7,34.04474474474475,0.04162969526542732,10.234194291816152
nominal,1.0,-0.2313916852932179,7.025825825825827,1.0,350,spline_s2,0,91,12,34.04474474474475,0.04702506571776455,9.962797371694023
nominal,1.0,-0.2313916852932179,7.025825825825827,1.0,350,spline_s2,0,92,7,73.45695695695696,0.04513831149117943,8.701913552648136
nominal,1.0,-0.2313916852932179,7.025825825825827,1.0,350,spline_s2,0,92,12,73.37997997997998,0.033772110128009625,8.360483010141962
nominal,1.0,-0.2313916852932179,7.025825825825827,1.0,350,spline_s2,0,93,7,69.14624624624625,0.04950404639004122,7.4268084488933255
nominal,1.0,-0.2313916852932179,7.025825825825827,1.0,350,spline_s2,0,93,12,69.14624624624625,0.0341323692208976,7.347136717555657
nominal,1.0,-0.2313916852932179,7.025825825825827,1.0,350,spline_s2,0,94,7,29.887987987987994,0.041742538739660225,9.092672064433259
nominal,1.0,-0.2313916852932179,7.025825825825827,1.0,350,spline_s2,0,94,12,29.887987987987994,0.06580441935148709,8.430910922156897
nominal,1.0,-0.2313916852932179,7.025825825825827,1.0,350,spline_s2,0,95,7,76.76696696696698,0.11412786816040296,12.347614160464673
nominal,1.0,-0.2313916852932179,7.025825825825827,1.0,350,spline_s2,0,95,12,76.84394394394396,0.06767546957836819,12.475485002891503
nominal,1.0,-0.2313916852932179,7.025825825825827,1.0,350,spline_s2,0,96,7,17.340740740740742,0.12311969775453407,24.68474106377701
nominal,1.0,-0.2313916852932179,7.025825825825827,1.0,350,spline_s2,0,96,12,17.41771771771772,0.12148060772893692,24.66911069922631
nominal,1.0,-0.2313916852932179,7.025825825825827,1.0,350,spline_s2,0,97,7,17.10980980980981,0.12710560084439543,11.11230231807707
nominal,1.0,-0.2313916852932179,7.025825825825827,1.0,350,spline_s2,0,97,12,17.032832832832835,0.07221729805573657,11.620687992117155
nominal,1.0,-0.2313916852932179,7.025825825825827,1.0,350,spline_s2,0,98,7,32.81311311311312,0.056493578945914155,12.113359688265177
nominal,1.0,-0.2313916852932179,7.025825825825827,1.0,350,spline_s2,0,98,12,32.81311311311312,0.05836945759318187,11.949573711370647
nominal,1.0,-0.2313916852932179,7.025825825825827,1.0,350,spline_s2,0,99,7,71.60950950950951,0.07322813833499271,9.706442565615191
nominal,1.0,-0.2313916852932179,7.025825825825827,1.0,350,spline_s2,0,99,12,71.60950950950951,0.04929132495464997,9.473296454416811
nominal,1.0,-0.2313916852932179,7.025825825825827,1.0,350,spline_s2,1.0,0,7,7.17977977977978,0.9734860976937769,129.8680666465312
nominal,1.0,-0.2313916852932179,7.025825825825827,1.0,350,spline_s2,1.0,0,12,7.94954954954955,0.26571379917728727,18.175921857606568
nominal,1.0,-0.2313916852932179,7.025825825825827,1.0,350,spline_s2,1.0,1,7,7.102802802802804,0.8040573963253843,87.4740124454421
nominal,1.0,-0.2313916852932179,7.025825825825827,1.0,350,spline_s2,1.0,1,12,10.951651651651654,0.15911403384917774,12.014210796649309
nominal,1.0,-0.2313916852932179,7.025825825825827,1.0,350,spline_s2,1.0,2,7,7.102802802802804,0.9705398906975828,128.34659867489322
nominal,1.0,-0.2313916852932179,7.025825825825827,1.0,350,spline_s2,1.0,2,12,8.026526526526528,0.285863498929001,22.476299271233813
nominal,1.0,-0.2313916852932179,7.025825825825827,1.0,350,spline_s2,1.0,3,7,7.102802802802804,0.7969002127885426,87.4741543137036
nominal,1.0,-0.2313916852932179,7.025825825825827,1.0,350,spline_s2,1.0,3,12,10.566766766766769,0.2028424599367294,11.307564893503525
nominal,1.0,-0.2313916852932179,7.025825825825827,1.0,350,spline_s2,1.0,4,7,7.256756756756758,0.9616280972514257,135.11885678997834
nominal,1.0,-0.2313916852932179,7.025825825825827,1.0,350,spline_s2,1.0,4,12,8.180480480480481,0.2847669932060208,26.87115836398317
nominal,1.0,-0.2313916852932179,7.025825825825827,1.0,350,spline_s2,1.0,5,7,7.256756756756758,0.8153893325070036,95.11118559358783
nominal,1.0,-0.2313916852932179,7.025825825825827,1.0,350,spline_s2,1.0,5,12,7.94954954954955,0.2522241499145919,15.073621990756862
nominal,1.0,-0.2313916852932179,7.025825825825827,1.0,350,spline_s2,1.0,6,7,7.17977977977978,0.7900050848919805,84.38892256421605
nominal,1.0,-0.2313916852932179,7.025825825825827,1.0,350,spline_s2,1.0,6,12,8.103503503503504,0.2410238632740439,16.637385322040984
nominal,1.0,-0.2313916852932179,7.025825825825827,1.0,350,spline_s2,1.0,7,7,7.102802802802804,0.9675857591058435,127.07334587254766
nominal,1.0,-0.2313916852932179,7.025825825825827,1.0,350,spline_s2,1.0,7,12,7.94954954954955,0.31687466127163855,27.357503537923378
nominal,1.0,-0.2313916852932179,7.025825825825827,1.0,350,spline_s2,1.0,8,7,7.17977977977978,0.7970981418183248,87.68919129718086
nominal,1.0,-0.2313916852932179,7.025825825825827,1.0,350,spline_s2,1.0,8,12,8.026526526526528,0.27005704177473666,22.405680572339207
nominal,1.0,-0.2313916852932179,7.025825825825827,1.0,350,spline_s2,1.0,9,7,7.102802802802804,0.7629253342755512,77.59392973143173
nominal,1.0,-0.2313916852932179,7.025825825825827,1.0,350,spline_s2,1.0,9,12,8.180480480480481,0.20271281753045808,12.799944184638264
nominal,1.0,-0.2313916852932179,7.025825825825827,1.0,350,spline_s2,1.0,10,7,7.17977977977978,0.8629766580836304,103.22373286793936
nominal,1.0,-0.2313916852932179,7.025825825825827,1.0,350,spline_s2,1.0,10,12,8.026526526526528,0.29962961048218906,24.57095917837063
nominal,1.0,-0.2313916852932179,7.025825825825827,1.0,350,spline_s2,1.0,11,7,7.102802802802804,0.8987675088578155,108.612694313308
nominal,1.0,-0.2313916852932179,7.025825825825827,1.0,350,spline_s2,1.0,11,12,8.180480480480481,0.22178939744965925,17.267329264269847
nominal,1.0,-0.2313916852932179,7.025825825825827,1.0,350,spline_s2,1.0,12,7,7.025825825825827,0.9491862467617603,121.43434286918705
nominal,1.0,-0.2313916852932179,7.025825825825827,1.0,350,spline_s2,1.0,12,12,8.026526526526528,0.256797598289233,17.843888782821352
nominal,1.0,-0.2313916852932179,7.025825825825827,1.0,350,spline_s2,1.0,13,7,7.102802802802804,0.9484352379284525,123.7175694262396
nominal,1.0,-0.2313916852932179,7.025825825825827,1.0,350,spline_s2,1.0,13,12,7.94954954954955,0.33607777773615827,27.842133489125843
nominal,1.0,-0.2313916852932179,7.025825825825827,1.0,350,spline_s2,1.0,14,7,7.025825825825827,0.7923598961936077,82.91770568493394
nominal,1.0,-0.2313916852932179,7.025825825825827,1.0,350,spline_s2,1.0,14,12,16.18608608608609,0.15456620565364954,13.43403189063207
nominal,1.0,-0.2313916852932179,7.025825825825827,1.0,350,spline_s2,1.0,15,7,7.102802802802804,0.8268219423483149,93.1944869114729
nominal,1.0,-0.2313916852932179,7.025825825825827,1.0,350,spline_s2,1.0,15,12,8.180480480480481,0.19544822609104767,13.723344892936439
nominal,1.0,-0.2313916852932179,7.025825825825827,1.0,350,spline_s2,1.0,16,7,7.025825825825827,0.7646204568300322,78.82048254727005
nominal,1.0,-0.2313916852932179,7.025825825825827,1.0,350,spline_s2,1.0,16,12,72.22532532532533,0.19956142064446775,12.536207459862396
nominal,1.0,-0.2313916852932179,7.025825825825827,1.0,350,spline_s2,1.0,17,7,7.17977977977978,0.9407375214916054,119.67882629456903
nominal,1.0,-0.2313916852932179,7.025825825825827,1.0,350,spline_s2,1.0,17,12,8.026526526526528,0.25602017313071607,17.486051623830576
nominal,1.0,-0.2313916852932179,7.025825825825827,1.0,350,spline_s2,1.0,18,7,7.256756756756758,0.7930051991894682,88.31878901119234
nominal,1.0,-0.2313916852932179,7.025825825825827,1.0,350,spline_s2,1.0,18,12,8.180480480480481,0.28394118369648536,29.693296954226923
nominal,1.0,-0.2313916852932179,7.025825825825827,1.0,350,spline_s2,1.0,19,7,7.025825825825827,0.939174005226416,119.39215222624335
nominal,1.0,-0.2313916852932179,7.025825825825827,1.0,350,spline_s2,1.0,19,12,7.94954954954955,0.34799737701688366,33.07105310097364
nominal,1.0,-0.2313916852932179,7.025825825825827,1.0,350,spline_s2,1.0,20,7,7.17977977977978,0.900111886750619,111.51944835621094
nominal,1.0,-0.2313916852932179,7.025825825825827,1.0,350,spline_s2,1.0,20,12,7.872572572572574,0.22159850603409018,11.084583411297956
nominal,1.0,-0.2313916852932179,7.025825825825827,1.0,350,spline_s2,1.0,21,7,7.102802802802804,0.8473696599308949,96.15744870476607
nominal,1.0,-0.2313916852932179,7.025825825825827,1.0,350,spline_s2,1.0,21,12,8.103503503503504,0.24089623657415626,18.249981441881914
nominal,1.0,-0.2313916852932179,7.025825825825827,1.0,350,spline_s2,1.0,22,7,6.948848848848849,0.8861211856603354,105.98172165853492
nominal,1.0,-0.2313916852932179,7.025825825825827,1.0,350,spline_s2,1.0,22,12,8.026526526526528,0.2287928140518184,14.771097411274923
nominal,1.0,-0.2313916852932179,7.025825825825827,1.0,350,spline_s2,1.0,23,7,7.025825825825827,0.8670046427461741,101.1951097953069
nominal,1.0,-0.2313916852932179,7.025825825825827,1.0,350,spline_s2,1.0,23,12,8.103503503503504,0.2755425670010339,26.72427782196945
nominal,1.0,-0.2313916852932179,7.025825825825827,1.0,350,spline_s2,1.0,24,7,7.025825825825827,0.6966498304327187,64.66904233996894
nominal,1.0,-0.2313916852932179,7.025825825825827,1.0,350,spline_s2,1.0,24,12,53.21201201201202,0.18161711115673415,10.103782444452236
nominal,1.0,-0.2313916852932179,7.025825825825827,1.0,350,spline_s2,1.0,25,7,7.025825825825827,1.0607881661981768,150.88523164613144
nominal,1.0,-0.2313916852932179,7.025825825825827,1.0,350,spline_s2,1.0,25,12,7.94954954954955,0.25067524419164366,16.246052949319562
nominal,1.0,-0.2313916852932179,7.025825825825827,1.0,350,spline_s2,1.0,26,7,7.102802802802804,0.8854242261733611,104.79397568125978
nominal,1.0,-0.2313916852932179,7.025825825825827,1.0,350,spline_s2,1.0,26,12,7.94954954954955,0.20667495643383726,11.191289400799945
nominal,1.0,-0.2313916852932179,7.025825825825827,1.0,350,spline_s2,1.0,27,7,7.102802802802804,0.7753289403750128,83.03083733707109
nominal,1.0,-0.2313916852932179,7.025825825825827,1.0,350,spline_s2,1.0,27,12,7.94954954954955,0.2495904407073722,18.064820547672298
nominal,1.0,-0.2313916852932179,7.025825825825827,1.0,350,spline_s2,1.0,28,7,7.025825825825827,0.7423586682442569,74.48807145437183
nominal,1.0,-0.2313916852932179,7.025825825825827,1.0,350,spline_s2,1.0,28,12,24.422622622622626,0.15448294402711638,7.928161353799823
nominal,1.0,-0.2313916852932179,7.025825825825827,1.0,350,spline_s2,1.0,29,7,7.102802802802804,0.7616340344711391,77.66416161764982
nominal,1.0,-0.2313916852932179,7.025825825825827,1.0,350,spline_s2,1.0,29,12,46.28408408408409,0.16477336676858834,16.25668879496112
nominal,1.0,-0.2313916852932179,7.025825825825827,1.0,350,spline_s2,1.0,30,7,7.102802802802804,0.8424306385156308,97.49016592069336
nominal,1.0,-0.2313916852932179,7.025825825825827,1.0,350,spline_s2,1.0,30,12,7.94954954954955,0.1988825500831732,10.058332350036267
nominal,1.0,-0.2313916852932179,7.025825825825827,1.0,350,spline_s2,1.0,31,7,7.102802802802804,0.7826458887507477,82.64180587439978
nominal,1.0,-0.2313916852932179,7.025825825825827,1.0,350,spline_s2,1.0,31,12,20.727727727727732,0.17977824024426253,15.529803137355486
nominal,1.0,-0.2313916852932179,7.025825825825827,1.0,350,spline_s2,1.0,32,7,6.948848848848849,0.9516395377591136,123.31660544317742
nominal,1.0,-0.2313916852932179,7.025825825825827,1.0,350,spline_s2,1.0,32,12,7.94954954954955,0.24038227996478725,14.706636788322612
nominal,1.0,-0.2313916852932179,7.025825825825827,1.0,350,spline_s2,1.0,33,7,7.025825825825827,0.857097752584437,100.17234644377305
nominal,1.0,-0.2313916852932179,7.025825825825827,1.0,350,spline_s2,1.0,33,12,7.872572572572574,0.2549459048424747,15.88345226811657
nominal,1.0,-0.2313916852932179,7.025825825825827,1.0,350,spline_s2,1.0,34,7,7.025825825825827,0.794482506858425,86.14098032439728
nominal,1.0,-0.2313916852932179,7.025825825825827,1.0,350,spline_s2,1.0,34,12,8.180480480480481,0.22868649236121538,18.386249049007063
nominal,1.0,-0.2313916852932179,7.025825825825827,1.0,350,spline_s2,1.0,35,7,6.948848848848849,1.02315970731158,141.08083146084653
nominal,1.0,-0.2313916852932179,7.025825825825827,1.0,350,spline_s2,1.0,35,12,8.026526526526528,0.27703789761927217,20.644564345733954
nominal,1.0,-0.2313916852932179,7.025825825825827,1.0,350,spline_s2,1.0,36,7,7.256756756756758,0.7890746354055659,89.91048987706421
nominal,1.0,-0.2313916852932179,7.025825825825827,1.0,350,spline_s2,1.0,36,12,8.026526526526528,0.24662642903571338,17.36207920956059
nominal,1.0,-0.2313916852932179,7.025825825825827,1.0,350,spline_s2,1.0,37,7,7.102802802802804,1.0146151775047154,138.77268897189253
nominal,1.0,-0.2313916852932179,7.025825825825827,1.0,350,spline_s2,1.0,37,12,8.026526526526528,0.2942648259796333,22.113386058424624
nominal,1.0,-0.2313916852932179,7.025825825825827,1.0,350,spline_s2,1.0,38,7,7.102802802802804,0.6861773354371216,63.57054986351346
nominal,1.0,-0.2313916852932179,7.025825825825827,1.0,350,spline_s2,1.0,38,12,13.491891891891893,0.18742268454313732,10.432672124038675
nominal,1.0,-0.2313916852932179,7.025825825825827,1.0,350,spline_s2,1.0,39,7,7.17977977977978,0.895685364322059,109.94387820992682
nominal,1.0,-0.2313916852932179,7.025825825825827,1.0,350,spline_s2,1.0,39,12,10.566766766766769,0.2503112387095312,23.68401774133315
nominal,1.0,-0.2313916852932179,7.025825825825827,1.0,350,spline_s2,1.0,40,7,7.102802802802804,0.9022845529749579,110.42938552062287
nominal,1.0,-0.2313916852932179,7.025825825825827,1.0,350,spline_s2,1.0,40,12,74.14974974974976,0.24847187094723722,15.74613804454259
nominal,1.0,-0.2313916852932179,7.025825825825827,1.0,350,spline_s2,1.0,41,7,7.102802802802804,0.9161779364218217,112.01674093855024
nominal,1.0,-0.2313916852932179,7.025825825825827,1.0,350,spline_s2,1.0,41,12,7.872572572572574,0.23727497307675352,12.696700436542073
nominal,1.0,-0.2313916852932179,7.025825825825827,1.0,350,spline_s2,1.0,42,7,6.948848848848849,0.7769762426407718,82.60504722706418
nominal,1.0,-0.2313916852932179,7.025825825825827,1.0,350,spline_s2,1.0,42,12,7.94954954954955,0.20743957785940992,14.269306912958058
nominal,1.0,-0.2313916852932179,7.025825825825827,1.0,350,spline_s2,1.0,43,7,7.102802802802804,0.9644384190052268,126.27469904989448
nominal,1.0,-0.2313916852932179,7.025825825825827,1.0,350,spline_s2,1.0,43,12,7.94954954954955,0.2873734799530625,21.803935904864204
nominal,1.0,-0.2313916852932179,7.025825825825827,1.0,350,spline_s2,1.0,44,7,7.102802802802804,0.7732934180539117,81.97477851728993
nominal,1.0,-0.2313916852932179,7.025825825825827,1.0,350,spline_s2,1.0,44,12,49.20920920920922,0.12567121810055384,6.683039004054308
nominal,1.0,-0.2313916852932179,7.025825825825827,1.0,350,spline_s2,1.0,45,7,7.025825825825827,0.9846224820628214,131.60967208937092
nominal,1.0,-0.2313916852932179,7.025825825825827,1.0,350,spline_s2,1.0,45,12,7.7955955955955964,0.27538820344469406,17.314668410852676
nominal,1.0,-0.2313916852932179,7.025825825825827,1.0,350,spline_s2,1.0,46,7,7.102802802802804,0.8724326507835047,103.5336689801614
nominal,1.0,-0.2313916852932179,7.025825825825827,1.0,350,spline_s2,1.0,46,12,8.026526526526528,0.31320348154379357,26.981822948258525
nominal,1.0,-0.2313916852932179,7.025825825825827,1.0,350,spline_s2,1.0,47,7,7.17977977977978,0.8695825624838798,103.9956508116664
nominal,1.0,-0.2313916852932179,7.025825825825827,1.0,350,spline_s2,1.0,47,12,8.103503503503504,0.17794457828707788,10.465879122079627
nominal,1.0,-0.2313916852932179,7.025825825825827,1.0,350,spline_s2,1.0,48,7,7.025825825825827,0.8816039130907243,103.95170517828319
nominal,1.0,-0.2313916852932179,7.025825825825827,1.0,350,spline_s2,1.0,48,12,58.52342342342343,0.2293665739222514,14.769510944515446
nominal,1.0,-0.2313916852932179,7.025825825825827,1.0,350,spline_s2,1.0,49,7,7.025825825825827,0.8460063630248403,97.14396736605335
nominal,1.0,-0.2313916852932179,7.025825825825827,1.0,350,spline_s2,1.0,49,12,40.97267267267268,0.21502614238575132,14.2786614567176
nominal,1.0,-0.2313916852932179,7.025825825825827,1.0,350,spline_s2,1.0,50,7,7.025825825825827,0.9260001973504298,117.80198306065017
nominal,1.0,-0.2313916852932179,7.025825825825827,1.0,350,spline_s2,1.0,50,12,7.94954954954955,0.3087324546516609,25.32685604372051
nominal,1.0,-0.2313916852932179,7.025825825825827,1.0,350,spline_s2,1.0,51,7,7.025825825825827,0.8365787032757218,94.03860783407794
nominal,1.0,-0.2313916852932179,7.025825825825827,1.0,350,spline_s2,1.0,51,12,8.103503503503504,0.21720125691003675,15.24611640922626
nominal,1.0,-0.2313916852932179,7.025825825825827,1.0,350,spline_s2,1.0,52,7,7.17977977977978,0.8653833406206434,102.76034532703147
nominal,1.0,-0.2313916852932179,7.025825825825827,1.0,350,spline_s2,1.0,52,12,8.103503503503504,0.2229050708179517,15.847606854357252
nominal,1.0,-0.2313916852932179,7.025825825825827,1.0,350,spline_s2,1.0,53,7,7.025825825825827,0.8965155606494278,108.88608151623396
nominal,1.0,-0.2313916852932179,7.025825825825827,1.0,350,spline_s2,1.0,53,12,8.026526526526528,0.3328358980630732,29.477261069987094
nominal,1.0,-0.2313916852932179,7.025825825825827,1.0,350,spline_s2,1.0,54,7,7.102802802802804,0.8981757614779479,109.00661490964615
nominal,1.0,-0.2313916852932179,7.025825825825827,1.0,350,spline_s2,1.0,54,12,7.94954954954955,0.23872668325797117,12.651609501980715
nominal,1.0,-0.2313916852932179,7.025825825825827,1.0,350,spline_s2,1.0,55,7,7.102802802802804,0.8378387516070726,96.62343446513279
nominal,1.0,-0.2313916852932179,7.025825825825827,1.0,350,spline_s2,1.0,55,12,7.94954954954955,0.25496316980279715,17.392463035286994
nominal,1.0,-0.2313916852932179,7.025825825825827,1.0,350,spline_s2,1.0,56,7,6.948848848848849,0.8772985046544777,104.21595707827606
nominal,1.0,-0.2313916852932179,7.025825825825827,1.0,350,spline_s2,1.0,56,12,8.026526526526528,0.24357033350486637,19.048071938264513
nominal,1.0,-0.2313916852932179,7.025825825825827,1.0,350,spline_s2,1.0,57,7,6.948848848848849,0.8325421187317449,94.10213994229247
nominal,1.0,-0.2313916852932179,7.025825825825827,1.0,350,spline_s2,1.0,57,12,8.103503503503504,0.23106579695073004,17.35330825963763
nominal,1.0,-0.2313916852932179,7.025825825825827,1.0,350,spline_s2,1.0,58,7,7.025825825825827,0.8608808658077707,98.7178736152681
nominal,1.0,-0.2313916852932179,7.025825825825827,1.0,350,spline_s2,1.0,58,12,8.026526526526528,0.2073490704338018,12.196126429751473
nominal,1.0,-0.2313916852932179,7.025825825825827,1.0,350,spline_s2,1.0,59,7,6.948848848848849,0.940650786287829,121.49964955726676
nominal,1.0,-0.2313916852932179,7.025825825825827,1.0,350,spline_s2,1.0,59,12,7.94954954954955,0.23982202368326277,14.691977360246312
nominal,1.0,-0.2313916852932179,7.025825825825827,1.0,350,spline_s2,1.0,60,7,7.102802802802804,0.7893786776368056,84.1596110688742
nominal,1.0,-0.2313916852932179,7.025825825825827,1.0,350,spline_s2,1.0,60,12,8.026526526526528,0.23490251558342087,15.07682354489748
nominal,1.0,-0.2313916852932179,7.025825825825827,1.0,350,spline_s2,1.0,61,7,7.17977977977978,0.9512247020477238,123.37293206664327
nominal,1.0,-0.2313916852932179,7.025825825825827,1.0,350,spline_s2,1.0,61,12,8.026526526526528,0.24211310068368544,15.036393225302675
nominal,1.0,-0.2313916852932179,7.025825825825827,1.0,350,spline_s2,1.0,62,7,7.17977977977978,0.8612866034199107,104.695232012789
nominal,1.0,-0.2313916852932179,7.025825825825827,1.0,350,spline_s2,1.0,62,12,7.94954954954955,0.19536275299005287,11.044067488906819
nominal,1.0,-0.2313916852932179,7.025825825825827,1.0,350,spline_s2,1.0,63,7,7.102802802802804,0.9221770834489172,116.46074861418572
nominal,1.0,-0.2313916852932179,7.025825825825827,1.0,350,spline_s2,1.0,63,12,8.103503503503504,0.25234105085393116,20.078412784828117
nominal,1.0,-0.2313916852932179,7.025825825825827,1.0,350,spline_s2,1.0,64,7,7.102802802802804,0.8200292256472136,91.69423790366415
nominal,1.0,-0.2313916852932179,7.025825825825827,1.0,350,spline_s2,1.0,64,12,74.84254254254255,0.20019372364050894,14.62024309332503
nominal,1.0,-0.2313916852932179,7.025825825825827,1.0,350,spline_s2,1.0,65,7,7.025825825825827,0.8671420164380531,102.4742002340995
nominal,1.0,-0.2313916852932179,7.025825825825827,1.0,350,spline_s2,1.0,65,12,8.026526526526528,0.2556946115828392,18.506825193653356
nominal,1.0,-0.2313916852932179,7.025825825825827,1.0,350,spline_s2,1.0,66,7,7.17977977977978,0.6977093790387905,66.34835554032014
nominal,1.0,-0.2313916852932179,7.025825825825827,1.0,350,spline_s2,1.0,66,12,8.103503503503504,0.17289123223836605,9.69252606598252
nominal,1.0,-0.2313916852932179,7.025825825825827,1.0,350,spline_s2,1.0,67,7,7.17977977977978,0.7578961403171527,78.99792877300195
nominal,1.0,-0.2313916852932179,7.025825825825827,1.0,350,spline_s2,1.0,67,12,61.60250250250251,0.15269064045962982,9.913492651815943
nominal,1.0,-0.2313916852932179,7.025825825825827,1.0,350,spline_s2,1.0,68,7,6.948848848848849,0.9416571928669181,121.44526491995589
nominal,1.0,-0.2313916852932179,7.025825825825827,1.0,350,spline_s2,1.0,68,12,7.94954954954955,0.2625350062660231,18.88560171141819
nominal,1.0,-0.2313916852932179,7.025825825825827,1.0,350,spline_s2,1.0,69,7,7.17977977977978,0.8029166879343903,88.96019874304613
nominal,1.0,-0.2313916852932179,7.025825825825827,1.0,350,spline_s2,1.0,69,12,8.103503503503504,0.2622206696852262,22.220393790842593
nominal,1.0,-0.2313916852932179,7.025825825825827,1.0,350,spline_s2,1.0,70,7,7.102802802802804,0.9011174543903056,108.88262397004797
nominal,1.0,-0.2313916852932179,7.025825825825827,1.0,350,spline_s2,1.0,70,12,8.026526526526528,0.2608149326390067,20.42169307870597
nominal,1.0,-0.2313916852932179,7.025825825825827,1.0,350,spline_s2,1.0,71,7,7.025825825825827,0.9272448191465047,115.90658269428258
nominal,1.0,-0.2313916852932179,7.025825825825827,1.0,350,spline_s2,1.0,71,12,7.872572572572574,0.2610355139298392,18.279114406453914
nominal,1.0,-0.2313916852932179,7.025825825825827,1.0,350,spline_s2,1.0,72,7,6.948848848848849,0.6889502849306169,66.50652622665854
nominal,1.0,-0.2313916852932179,7.025825825825827,1.0,350,spline_s2,1.0,72,12,61.75645645645647,0.17609053900699947,13.760678173828467
nominal,1.0,-0.2313916852932179,7.025825825825827,1.0,350,spline_s2,1.0,73,7,7.025825825825827,0.8999464889373042,108.61601098151652
nominal,1.0,-0.2313916852932179,7.025825825825827,1.0,350,spline_s2,1.0,73,12,12.414214214214216,0.197342735131955,17.368972292391618
nominal,1.0,-0.2313916852932179,7.025825825825827,1.0,350,spline_s2,1.0,74,7,7.102802802802804,0.7817191348492599,82.75465343695623
nominal,1.0,-0.2313916852932179,7.025825825825827,1.0,350,spline_s2,1.0,74,12,8.026526526526528,0.17391761364210914,9.672289600582985
nominal,1.0,-0.2313916852932179,7.025825825825827,1.0,350,spline_s2,1.0,75,7,7.17977977977978,0.8728407073945225,106.94830515451582
nominal,1.0,-0.2313916852932179,7.025825825825827,1.0,350,spline_s2,1.0,75,12,8.026526526526528,0.30153136519870094,29.561938822684567
nominal,1.0,-0.2313916852932179,7.025825825825827,1.0,350,spline_s2,1.0,76,7,7.025825825825827,0.8758884660717302,102.87333788544476
nominal,1.0,-0.2313916852932179,7.025825825825827,1.0,350,spline_s2,1.0,76,12,8.180480480480481,0.20849004354284442,13.823921882687102
nominal,1.0,-0.2313916852932179,7.025825825825827,1.0,350,spline_s2,1.0,77,7,7.102802802802804,0.9961324252695157,134.2158853826886
nominal,1.0,-0.2313916852932179,7.025825825825827,1.0,350,spline_s2,1.0,77,12,10.797697697697698,0.27153051598276884,26.063064005330546
nominal,1.0,-0.2313916852932179,7.025825825825827,1.0,350,spline_s2,1.0,78,7,7.102802802802804,0.7115557921639738,68.21355788475668
nominal,1.0,-0.2313916852932179,7.025825825825827,1.0,350,spline_s2,1.0,78,12,8.103503503503504,0.24468870225378145,19.446564264247968
nominal,1.0,-0.2313916852932179,7.025825825825827,1.0,350,spline_s2,1.0,79,7,7.17977977977978,0.8753746162788886,103.97335547410898
nominal,1.0,-0.2313916852932179,7.025825825825827,1.0,350,spline_s2,1.0,79,12,8.257457457457459,0.23405871615576138,21.339982932834687
nominal,1.0,-0.2313916852932179,7.025825825825827,1.0,350,spline_s2,1.0,80,7,7.17977977977978,0.7615722730009924,78.81729314749634
nominal,1.0,-0.2313916852932179,7.025825825825827,1.0,350,spline_s2,1.0,80,12,36.969869869869875,0.2072300866869156,13.686463693609994
nominal,1.0,-0.2313916852932179,7.025825825825827,1.0,350,spline_s2,1.0,81,7,6.948848848848849,0.8574360086944427,99.05289167707497
nominal,1.0,-0.2313916852932179,7.025825825825827,1.0,350,spline_s2,1.0,81,12,8.026526526526528,0.2407026633706832,15.265495104138552
nominal,1.0,-0.2313916852932179,7.025825825825827,1.0,350,spline_s2,1.0,82,7,7.17977977977978,0.7981493413745645,90.89538103679104
nominal,1.0,-0.2313916852932179,7.025825825825827,1.0,350,spline_s2,1.0,82,12,7.872572572572574,0.28230896342625356,20.07502353799282
nominal,1.0,-0.2313916852932179,7.025825825825827,1.0,350,spline_s2,1.0,83,7,7.17977977977978,0.8508597999899314,99.8096555042435
nominal,1.0,-0.2313916852932179,7.025825825825827,1.0,350,spline_s2,1.0,83,12,8.103503503503504,0.24164258311426817,16.387367132545762
nominal,1.0,-0.2313916852932179,7.025825825825827,1.0,350,spline_s2,1.0,84,7,7.102802802802804,0.8435240094538998,97.38022429885012
nominal,1.0,-0.2313916852932179,7.025825825825827,1.0,350,spline_s2,1.0,84,12,8.026526526526528,0.24873899248993303,17.170497342755482
nominal,1.0,-0.2313916852932179,7.025825825825827,1.0,350,spline_s2,1.0,85,7,6.948848848848849,0.865688726285097,102.63372846881629
nominal,1.0,-0.2313916852932179,7.025825825825827,1.0,350,spline_s2,1.0,85,12,7.94954954954955,0.21505248937097624,11.37505214409316
nominal,1.0,-0.2313916852932179,7.025825825825827,1.0,350,spline_s2,1.0,86,7,7.025825825825827,0.8921648571152736,107.10837369310087
nominal,1.0,-0.2313916852932179,7.025825825825827,1.0,350,spline_s2,1.0,86,12,8.103503503503504,0.29710180206638964,29.607588285622228
nominal,1.0,-0.2313916852932179,7.025825825825827,1.0,350,spline_s2,1.0,87,7,7.025825825825827,0.9746274314999124,130.1067238918135
nominal,1.0,-0.2313916852932179,7.025825825825827,1.0,350,spline_s2,1.0,87,12,8.026526526526528,0.27810603508432147,21.395085155468394
nominal,1.0,-0.2313916852932179,7.025825825825827,1.0,350,spline_s2,1.0,88,7,7.102802802802804,0.7458786432403797,74.43793437234683
nominal,1.0,-0.2313916852932179,7.025825825825827,1.0,350,spline_s2,1.0,88,12,8.026526526526528,0.229219916696781,15.112919659278987
nominal,1.0,-0.2313916852932179,7.025825825825827,1.0,350,spline_s2,1.0,89,7,7.025825825825827,0.8942698844037995,107.73717983511136
nominal,1.0,-0.2313916852932179,7.025825825825827,1.0,350,spline_s2,1.0,89,12,8.026526526526528,0.2576083677007556,19.191613433153805
nominal,1.0,-0.2313916852932179,7.025825825825827,1.0,350,spline_s2,1.0,90,7,7.102802802802804,0.9202912539407125,115.57182240529158
nominal,1.0,-0.2313916852932179,7.025825825825827,1.0,350,spline_s2,1.0,90,12,7.94954954954955,0.26156655616052565,18.92766784535496
nominal,1.0,-0.2313916852932179,7.025825825825827,1.0,350,spline_s2,1.0,91,7,7.025825825825827,0.8418539652125091,93.59804199535199
nominal,1.0,-0.2313916852932179,7.025825825825827,1.0,350,spline_s2,1.0,91,12,73.91881881881882,0.16871455879156877,11.980015031195705
nominal,1.0,-0.2313916852932179,7.025825825825827,1.0,350,spline_s2,1.0,92,7,7.025825825825827,0.9048321886806727,109.76167164205782
nominal,1.0,-0.2313916852932179,7.025825825825827,1.0,350,spline_s2,1.0,92,12,8.026526526526528,0.18068686476688425,9.650557826828532
nominal,1.0,-0.2313916852932179,7.025825825825827,1.0,350,spline_s2,1.0,93,7,7.102802802802804,0.7697160566286425,80.73206609922596
nominal,1.0,-0.2313916852932179,7.025825825825827,1.0,350,spline_s2,1.0,93,12,8.026526526526528,0.20632766376984987,13.862252954315522
nominal,1.0,-0.2313916852932179,7.025825825825827,1.0,350,spline_s2,1.0,94,7,7.102802802802804,0.8692874055468648,102.49310751209424
nominal,1.0,-0.2313916852932179,7.025825825825827,1.0,350,spline_s2,1.0,94,12,7.94954954954955,0.2944155510268142,22.96359348503563
nominal,1.0,-0.2313916852932179,7.025825825825827,1.0,350,spline_s2,1.0,95,7,7.025825825825827,0.8149166337827477,91.78587537387767
nominal,1.0,-0.2313916852932179,7.025825825825827,1.0,350,spline_s2,1.0,95,12,47.74664664664665,0.19154375235152346,10.336388712628718
nominal,1.0,-0.2313916852932179,7.025825825825827,1.0,350,spline_s2,1.0,96,7,7.102802802802804,0.76459397981998,78.79742532405959
nominal,1.0,-0.2313916852932179,7.025825825825827,1.0,350,spline_s2,1.0,96,12,8.180480480480481,0.19174456784225624,13.340465771256959
nominal,1.0,-0.2313916852932179,7.025825825825827,1.0,350,spline_s2,1.0,97,7,6.948848848848849,0.7979031516161855,88.53247271937374
nominal,1.0,-0.2313916852932179,7.025825825825827,1.0,350,spline_s2,1.0,97,12,7.872572572572574,0.20222177804760252,10.10039254187052
nominal,1.0,-0.2313916852932179,7.025825825825827,1.0,350,spline_s2,1.0,98,7,7.17977977977978,0.8699246780182363,105.12292195386448
nominal,1.0,-0.2313916852932179,7.025825825825827,1.0,350,spline_s2,1.0,98,12,8.026526526526528,0.26459972755140687,20.68910529303369
nominal,1.0,-0.2313916852932179,7.025825825825827,1.0,350,spline_s2,1.0,99,7,7.17977977977978,0.9387489116160501,120.64547450427852
nominal,1.0,-0.2313916852932179,7.025825825825827,1.0,350,spline_s2,1.0,99,12,8.026526526526528,0.2659920786648793,20.378279016365582
amplitude_0.25,0.25,-0.2313916852932179,7.025825825825827,1.0,350,spline_s2,0,0,7,66.29809809809811,0.09101424723208677,7.076923864935736
amplitude_0.25,0.25,-0.2313916852932179,7.025825825825827,1.0,350,spline_s2,0,0,12,66.29809809809811,0.04107849847222921,7.071720984734668
amplitude_0.25,0.25,-0.2313916852932179,7.025825825825827,1.0,350,spline_s2,0,1,7,57.83063063063064,0.09659861657784911,7.399446746470915
amplitude_0.25,0.25,-0.2313916852932179,7.025825825825827,1.0,350,spline_s2,0,1,12,57.83063063063064,0.03331259172918977,7.809429797996415
amplitude_0.25,0.25,-0.2313916852932179,7.025825825825827,1.0,350,spline_s2,0,2,7,47.5926926926927,0.06321359863985547,13.853304378694588
amplitude_0.25,0.25,-0.2313916852932179,7.025825825825827,1.0,350,spline_s2,0,2,12,47.5926926926927,0.02788015443724032,14.543859289942702
amplitude_0.25,0.25,-0.2313916852932179,7.025825825825827,1.0,350,spline_s2,0,3,7,15.339339339339341,0.09200122023975306,10.791258862928316
amplitude_0.25,0.25,-0.2313916852932179,7.025825825825827,1.0,350,spline_s2,0,3,12,19.880980980980986,0.045504628749908634,9.881966823399239
amplitude_0.25,0.25,-0.2313916852932179,7.025825825825827,1.0,350,spline_s2,0,4,7,67.68368368368368,0.09258697844691734,8.657119590053924
amplitude_0.25,0.25,-0.2313916852932179,7.025825825825827,1.0,350,spline_s2,0,4,12,67.68368368368368,0.04931044521046035,9.067196762800137
amplitude_0.25,0.25,-0.2313916852932179,7.025825825825827,1.0,350,spline_s2,0,5,7,47.05385385385386,0.039014679603583464,13.936806078318114
amplitude_0.25,0.25,-0.2313916852932179,7.025825825825827,1.0,350,spline_s2,0,5,12,47.05385385385386,0.08126921263933891,13.800539221141037
amplitude_0.25,0.25,-0.2313916852932179,7.025825825825827,1.0,350,spline_s2,0,6,7,27.809609609609616,0.13531418599792225,7.068939586985181
amplitude_0.25,0.25,-0.2313916852932179,7.025825825825827,1.0,350,spline_s2,0,6,12,59.524124124124135,0.05662941545043252,6.725683301653902
amplitude_0.25,0.25,-0.2313916852932179,7.025825825825827,1.0,350,spline_s2,0,7,7,54.520620620620626,0.06026587448096804,8.36662546476225
amplitude_0.25,0.25,-0.2313916852932179,7.025825825825827,1.0,350,spline_s2,0,7,12,48.131531531531536,0.07329275269995597,8.928495455142468
amplitude_0.25,0.25,-0.2313916852932179,7.025825825825827,1.0,350,spline_s2,0,8,7,33.35195195195195,0.046789009715788664,6.8261597113147445
amplitude_0.25,0.25,-0.2313916852932179,7.025825825825827,1.0,350,spline_s2,0,8,12,17.571671671671673,0.03451753314253409,7.8331070751790435
amplitude_0.25,0.25,-0.2313916852932179,7.025825825825827,1.0,350,spline_s2,0,9,7,36.66196196196197,0.09190620798118188,8.420259666182574
amplitude_0.25,0.25,-0.2313916852932179,7.025825825825827,1.0,350,spline_s2,0,9,12,36.66196196196197,0.003245769538515097,7.037743971698717
amplitude_0.25,0.25,-0.2313916852932179,7.025825825825827,1.0,350,spline_s2,0,10,7,14.569569569569571,0.05285829762934938,9.715870847986906
amplitude_0.25,0.25,-0.2313916852932179,7.025825825825827,1.0,350,spline_s2,0,10,12,14.492592592592594,0.022946688174222442,10.442937890291404
amplitude_0.25,0.25,-0.2313916852932179,7.025825825825827,1.0,350,spline_s2,0,11,7,12.876076076076076,0.11010901268524298,8.348574847649388
amplitude_0.25,0.25,-0.2313916852932179,7.025825825825827,1.0,350,spline_s2,0,11,12,45.66826826826828,0.07003677615699112,8.4681256501664
amplitude_0.25,0.25,-0.2313916852932179,7.025825825825827,1.0,350,spline_s2,0,12,7,50.44084084084085,0.03477435195373889,8.917300207419089
amplitude_0.25,0.25,-0.2313916852932179,7.025825825825827,1.0,350,spline_s2,0,12,12,50.51781781781783,0.020940618631472285,8.05681640787617
amplitude_0.25,0.25,-0.2313916852932179,7.025825825825827,1.0,350,spline_s2,0,13,7,14.954454454454456,0.08485963831421199,11.89296476882123
amplitude_0.25,0.25,-0.2313916852932179,7.025825825825827,1.0,350,spline_s2,0,13,12,71.68648648648649,0.030491015860876203,11.073606959600568
amplitude_0.25,0.25,-0.2313916852932179,7.025825825825827,1.0,350,spline_s2,0,14,7,26.039139139139145,0.03210962333872169,10.072109553017697
amplitude_0.25,0.25,-0.2313916852932179,7.025825825825827,1.0,350,spline_s2,0,14,12,26.11611611611612,0.036071453430458596,9.773884763483352
amplitude_0.25,0.25,-0.2313916852932179,7.025825825825827,1.0,350,spline_s2,0,15,7,32.043343343343345,0.026764690998555503,11.899078211446067
amplitude_0.25,0.25,-0.2313916852932179,7.025825825825827,1.0,350,spline_s2,0,15,12,31.889389389389393,0.0317417306167045,10.229663575139114
amplitude_0.25,0.25,-0.2313916852932179,7.025825825825827,1.0,350,spline_s2,0,16,7,35.507307307307315,0.01918510340017516,9.442668512748696
amplitude_0.25,0.25,-0.2313916852932179,7.025825825825827,1.0,350,spline_s2,0,16,12,35.58428428428429,0.01041089693583983,9.228619462532492
amplitude_0.25,0.25,-0.2313916852932179,7.025825825825827,1.0,350,spline_s2,0,17,7,34.73753753753754,0.07484827914214609,14.982617436791799
amplitude_0.25,0.25,-0.2313916852932179,7.025825825825827,1.0,350,spline_s2,0,17,12,34.81451451451452,0.05488708396434868,13.849116448620919
amplitude_0.25,0.25,-0.2313916852932179,7.025825825825827,1.0,350,spline_s2,0,18,7,5.948148148148149,0.10711680800961555,11.183686509870086
amplitude_0.25,0.25,-0.2313916852932179,7.025825825825827,1.0,350,spline_s2,0,18,12,77.22882882882884,0.05202182257111689,6.712415363553021
amplitude_0.25,0.25,-0.2313916852932179,7.025825825825827,1.0,350,spline_s2,0,19,7,41.43453453453454,0.03407138092626181,9.481950513073684
amplitude_0.25,0.25,-0.2313916852932179,7.025825825825827,1.0,350,spline_s2,0,19,12,41.43453453453454,0.018678772216624128,9.249097853015485
amplitude_0.25,0.25,-0.2313916852932179,7.025825825825827,1.0,350,spline_s2,0,20,7,74.84254254254255,0.15998521354229478,9.80768813446889
amplitude_0.25,0.25,-0.2313916852932179,7.025825825825827,1.0,350,spline_s2,0,20,12,74.84254254254255,0.06707956293506681,9.991131631958524
amplitude_0.25,0.25,-0.2313916852932179,7.025825825825827,1.0,350,spline_s2,0,21,7,53.59689689689691,0.08230130669005184,7.172906281153189
amplitude_0.25,0.25,-0.2313916852932179,7.025825825825827,1.0,350,spline_s2,0,21,12,53.59689689689691,0.04861002498163775,7.327672954145214
amplitude_0.25,0.25,-0.2313916852932179,7.025825825825827,1.0,350,spline_s2,0,22,7,36.58498498498499,0.07280966154879949,6.548186901449384
amplitude_0.25,0.25,-0.2313916852932179,7.025825825825827,1.0,350,spline_s2,0,22,12,33.04404404404405,0.055391632725060244,6.810891435884429
amplitude_0.25,0.25,-0.2313916852932179,7.025825825825827,1.0,350,spline_s2,0,23,7,44.20570570570571,0.08264285932020883,7.110206552254908
amplitude_0.25,0.25,-0.2313916852932179,7.025825825825827,1.0,350,spline_s2,0,23,12,44.20570570570571,0.08299319165585531,7.190832660307677
amplitude_0.25,0.25,-0.2313916852932179,7.025825825825827,1.0,350,spline_s2,0,24,7,36.969869869869875,0.10399664768719523,13.524072942582762
amplitude_0.25,0.25,-0.2313916852932179,7.025825825825827,1.0,350,spline_s2,0,24,12,55.21341341341342,0.03530898847852107,13.317527999392382
amplitude_0.25,0.25,-0.2313916852932179,7.025825825825827,1.0,350,spline_s2,0,25,7,36.58498498498499,0.08996013847614212,6.8484597596256265
amplitude_0.25,0.25,-0.2313916852932179,7.025825825825827,1.0,350,spline_s2,0,25,12,36.43103103103104,0.05666858413418639,6.992364848915855
amplitude_0.25,0.25,-0.2313916852932179,7.025825825825827,1.0,350,spline_s2,0,26,7,8.334434434434435,0.07236978229449507,6.852254467846251
amplitude_0.25,0.25,-0.2313916852932179,7.025825825825827,1.0,350,spline_s2,0,26,12,46.82292292292293,0.0731960618405243,5.994586463593976
amplitude_0.25,0.25,-0.2313916852932179,7.025825825825827,1.0,350,spline_s2,0,27,7,68.06856856856857,0.18362268692122732,12.056538160184857
amplitude_0.25,0.25,-0.2313916852932179,7.025825825825827,1.0,350,spline_s2,0,27,12,30.272872872872878,0.07267975738419838,12.065721079179866
amplitude_0.25,0.25,-0.2313916852932179,7.025825825825827,1.0,350,spline_s2,0,28,7,26.347047047047052,0.09151462769855129,9.21432965070511
amplitude_0.25,0.25,-0.2313916852932179,7.025825825825827,1.0,350,spline_s2,0,28,12,26.501001001001004,0.011556318588180401,8.81047255982918
amplitude_0.25,0.25,-0.2313916852932179,7.025825825825827,1.0,350,spline_s2,0,29,7,52.51921921921923,0.033668738480144185,7.395413063513985
amplitude_0.25,0.25,-0.2313916852932179,7.025825825825827,1.0,350,spline_s2,0,29,12,52.51921921921923,0.05368493906374992,7.450081824129967
amplitude_0.25,0.25,-0.2313916852932179,7.025825825825827,1.0,350,spline_s2,0,30,7,63.14204204204205,0.070929684683309,8.652719786284308
amplitude_0.25,0.25,-0.2313916852932179,7.025825825825827,1.0,350,spline_s2,0,30,12,63.21901901901903,0.0353862660915741,7.822884491461423
amplitude_0.25,0.25,-0.2313916852932179,7.025825825825827,1.0,350,spline_s2,0,31,7,39.66406406406407,0.019134151715022838,10.68957986790025
amplitude_0.25,0.25,-0.2313916852932179,7.025825825825827,1.0,350,spline_s2,0,31,12,75.61231231231231,0.030947493428476264,10.322236087756039
amplitude_0.25,0.25,-0.2313916852932179,7.025825825825827,1.0,350,spline_s2,0,32,7,70.3009009009009,0.09857208563880226,7.516231600380763
amplitude_0.25,0.25,-0.2313916852932179,7.025825825825827,1.0,350,spline_s2,0,32,12,70.3009009009009,0.061253200348057375,7.111203405122637
amplitude_0.25,0.25,-0.2313916852932179,7.025825825825827,1.0,350,spline_s2,0,33,7,30.118918918918926,0.10579694449447488,6.1314707428588235
amplitude_0.25,0.25,-0.2313916852932179,7.025825825825827,1.0,350,spline_s2,0,33,12,40.125925925925934,0.04914593412815977,5.684884218519215
amplitude_0.25,0.25,-0.2313916852932179,7.025825825825827,1.0,350,spline_s2,0,34,7,27.578678678678685,0.08266680138956618,7.328474541849687
amplitude_0.25,0.25,-0.2313916852932179,7.025825825825827,1.0,350,spline_s2,0,34,12,27.42472472472473,0.0525490691447474,6.75134948241606
amplitude_0.25,0.25,-0.2313916852932179,7.025825825825827,1.0,350,spline_s2,0,35,7,63.29599599599601,0.06839893843671986,6.880315186810719
amplitude_0.25,0.25,-0.2313916852932179,7.025825825825827,1.0,350,spline_s2,0,35,12,31.27357357357358,0.012058834630984885,6.608574829177826
amplitude_0.25,0.25,-0.2313916852932179,7.025825825825827,1.0,350,spline_s2,0,36,7,64.06576576576578,0.11213096572003778,8.149453880494548
amplitude_0.25,0.25,-0.2313916852932179,7.025825825825827,1.0,350,spline_s2,0,36,12,61.83343343343344,0.04065670469519081,8.28008304333656
amplitude_0.25,0.25,-0.2313916852932179,7.025825825825827,1.0,350,spline_s2,0,37,7,47.5926926926927,0.017684440090286916,8.364786934589688
amplitude_0.25,0.25,-0.2313916852932179,7.025825825825827,1.0,350,spline_s2,0,37,12,47.5926926926927,0.0203081996500435,8.609353553914673
amplitude_0.25,0.25,-0.2313916852932179,7.025825825825827,1.0,350,spline_s2,0,38,7,52.904104104104114,0.08974262918599514,7.32115287698403
amplitude_0.25,0.25,-0.2313916852932179,7.025825825825827,1.0,350,spline_s2,0,38,12,52.904104104104114,0.08217277694811576,7.028993390608235
amplitude_0.25,0.25,-0.2313916852932179,7.025825825825827,1.0,350,spline_s2,0,39,7,14.646546546546547,0.09865588004015849,7.7665069132465305
amplitude_0.25,0.25,-0.2313916852932179,7.025825825825827,1.0,350,spline_s2,0,39,12,53.51991991991993,0.09150241257857682,7.532557137251615
amplitude_0.25,0.25,-0.2313916852932179,7.025825825825827,1.0,350,spline_s2,0,40,7,25.962162162162166,0.1630406824932671,8.479319132308206
amplitude_0.25,0.25,-0.2313916852932179,7.025825825825827,1.0,350,spline_s2,0,40,12,46.05315315315316,0.05128463098895531,7.971253099407505
amplitude_0.25,0.25,-0.2313916852932179,7.025825825825827,1.0,350,spline_s2,0,41,7,50.97967967967969,0.0650252608598939,9.309631472130832
amplitude_0.25,0.25,-0.2313916852932179,7.025825825825827,1.0,350,spline_s2,0,41,12,50.97967967967969,0.08810528657166347,8.744540787695541
amplitude_0.25,0.25,-0.2313916852932179,7.025825825825827,1.0,350,spline_s2,0,42,7,68.53043043043043,0.08282022337157978,16.841919583930405
amplitude_0.25,0.25,-0.2313916852932179,7.025825825825827,1.0,350,spline_s2,0,42,12,68.53043043043043,0.04810277338543193,17.1316332644962
amplitude_0.25,0.25,-0.2313916852932179,7.025825825825827,1.0,350,spline_s2,0,43,7,24.268668668668674,0.1158525339061535,7.28459023468173
amplitude_0.25,0.25,-0.2313916852932179,7.025825825825827,1.0,350,spline_s2,0,43,12,24.34564564564565,0.08899982261690612,6.060339140290779
amplitude_0.25,0.25,-0.2313916852932179,7.025825825825827,1.0,350,spline_s2,0,44,7,14.107707707707709,0.17316834464771125,12.308131904086963
amplitude_0.25,0.25,-0.2313916852932179,7.025825825825827,1.0,350,spline_s2,0,44,12,14.184684684684687,0.0922162408505739,9.556377877360092
amplitude_0.25,0.25,-0.2313916852932179,7.025825825825827,1.0,350,spline_s2,0,45,7,52.2882882882883,0.06433785159681905,12.422868521005455
amplitude_0.25,0.25,-0.2313916852932179,7.025825825825827,1.0,350,spline_s2,0,45,12,52.2882882882883,0.02737768763339084,12.40827687990219
amplitude_0.25,0.25,-0.2313916852932179,7.025825825825827,1.0,350,spline_s2,0,46,7,30.73473473473474,0.06874493058043797,11.883562405941404
amplitude_0.25,0.25,-0.2313916852932179,7.025825825825827,1.0,350,spline_s2,0,46,12,30.811711711711716,0.0657465237873377,10.66740521491647
amplitude_0.25,0.25,-0.2313916852932179,7.025825825825827,1.0,350,spline_s2,0,47,7,11.105605605605607,0.040992576272851584,12.482526174672557
amplitude_0.25,0.25,-0.2313916852932179,7.025825825825827,1.0,350,spline_s2,0,47,12,11.105605605605607,0.04710025222767661,12.515381411883538
amplitude_0.25,0.25,-0.2313916852932179,7.025825825825827,1.0,350,spline_s2,0,48,7,58.52342342342343,0.16536446448742406,9.376967171149943
amplitude_0.25,0.25,-0.2313916852932179,7.025825825825827,1.0,350,spline_s2,0,48,12,58.44644644644646,0.09051046655871779,8.84278499473038
amplitude_0.25,0.25,-0.2313916852932179,7.025825825825827,1.0,350,spline_s2,0,49,7,52.21131131131132,0.06491150590575079,7.56688782012867
amplitude_0.25,0.25,-0.2313916852932179,7.025825825825827,1.0,350,spline_s2,0,49,12,30.349849849849853,0.07481121529015991,7.709636987541671
amplitude_0.25,0.25,-0.2313916852932179,7.025825825825827,1.0,350,spline_s2,0,50,7,55.13643643643645,0.11920126512997674,11.918250594642473
amplitude_0.25,0.25,-0.2313916852932179,7.025825825825827,1.0,350,spline_s2,0,50,12,55.13643643643645,0.026786539824133905,12.570697086489247
amplitude_0.25,0.25,-0.2313916852932179,7.025825825825827,1.0,350,spline_s2,0,51,7,29.272172172172176,0.1765866778279553,8.524291145399957
amplitude_0.25,0.25,-0.2313916852932179,7.025825825825827,1.0,350,spline_s2,0,51,12,49.671071071071076,0.05028821270703524,6.944257565399539
amplitude_0.25,0.25,-0.2313916852932179,7.025825825825827,1.0,350,spline_s2,0,52,7,22.498198198198203,0.046367884646390994,13.178246524931723
amplitude_0.25,0.25,-0.2313916852932179,7.025825825825827,1.0,350,spline_s2,0,52,12,22.498198198198203,0.045938651568745326,11.78595172820161
amplitude_0.25,0.25,-0.2313916852932179,7.025825825825827,1.0,350,spline_s2,0,53,7,73.45695695695696,0.024302528774654244,10.112718865250372
amplitude_0.25,0.25,-0.2313916852932179,7.025825825825827,1.0,350,spline_s2,0,53,12,73.45695695695696,0.034212583843462395,10.056417405634392
amplitude_0.25,0.25,-0.2313916852932179,7.025825825825827,1.0,350,spline_s2,0,54,7,45.206406406406415,0.1623434707764273,11.620519871006138
amplitude_0.25,0.25,-0.2313916852932179,7.025825825825827,1.0,350,spline_s2,0,54,12,45.206406406406415,0.12883031373079246,11.01087273796577
amplitude_0.25,0.25,-0.2313916852932179,7.025825825825827,1.0,350,spline_s2,0,55,7,76.9978978978979,0.0779674450028641,9.021205581541835
amplitude_0.25,0.25,-0.2313916852932179,7.025825825825827,1.0,350,spline_s2,0,55,12,76.92092092092092,0.05644190241045474,8.830995514361035
amplitude_0.25,0.25,-0.2313916852932179,7.025825825825827,1.0,350,spline_s2,0,56,7,39.35615615615616,0.08155044388475328,9.238750452845466
amplitude_0.25,0.25,-0.2313916852932179,7.025825825825827,1.0,350,spline_s2,0,56,12,39.27917917917919,0.038792228282013376,10.04476307514301
amplitude_0.25,0.25,-0.2313916852932179,7.025825825825827,1.0,350,spline_s2,0,57,7,73.53393393393394,0.21249829238800058,11.63918966439968
amplitude_0.25,0.25,-0.2313916852932179,7.025825825825827,1.0,350,spline_s2,0,57,12,73.53393393393394,0.1518478671552639,11.134686060237982
amplitude_0.25,0.25,-0.2313916852932179,7.025825825825827,1.0,350,spline_s2,0,58,7,54.82852852852854,0.05181451289576997,8.167895454517094
amplitude_0.25,0.25,-0.2313916852932179,7.025825825825827,1.0,350,spline_s2,0,58,12,54.75155155155156,0.05250835938177846,8.068057312724534
amplitude_0.25,0.25,-0.2313916852932179,7.025825825825827,1.0,350,spline_s2,0,59,7,63.44994994994996,0.060190785572346264,6.728561037405939
amplitude_0.25,0.25,-0.2313916852932179,7.025825825825827,1.0,350,spline_s2,0,59,12,63.44994994994996,0.06154311889724855,6.573443005126876
amplitude_0.25,0.25,-0.2313916852932179,7.025825825825827,1.0,350,spline_s2,0,60,7,53.36596596596598,0.15350435590387887,9.097596766787717
amplitude_0.25,0.25,-0.2313916852932179,7.025825825825827,1.0,350,spline_s2,0,60,12,53.36596596596598,0.06923561602785218,9.632774128193802
amplitude_0.25,0.25,-0.2313916852932179,7.025825825825827,1.0,350,spline_s2,0,61,7,15.57027027027027,0.10443624403198609,10.875400062301253
amplitude_0.25,0.25,-0.2313916852932179,7.025825825825827,1.0,350,spline_s2,0,61,12,15.57027027027027,0.0298152917552788,7.623311041441923
amplitude_0.25,0.25,-0.2313916852932179,7.025825825825827,1.0,350,spline_s2,0,62,7,40.74174174174175,0.09216166861308929,8.075957735058296
amplitude_0.25,0.25,-0.2313916852932179,7.025825825825827,1.0,350,spline_s2,0,62,12,40.74174174174175,0.036027882657123346,7.277950049087849
amplitude_0.25,0.25,-0.2313916852932179,7.025825825825827,1.0,350,spline_s2,0,63,7,43.82082082082083,0.05466765807285628,9.482199879439975
amplitude_0.25,0.25,-0.2313916852932179,7.025825825825827,1.0,350,spline_s2,0,63,12,47.20780780780782,0.11726983516549674,8.998390419602288
amplitude_0.25,0.25,-0.2313916852932179,7.025825825825827,1.0,350,spline_s2,0,64,7,30.1958958958959,0.10875667130090189,7.450873587159094
amplitude_0.25,0.25,-0.2313916852932179,7.025825825825827,1.0,350,spline_s2,0,64,12,30.426826826826833,0.010861468871983011,7.210538696218691
amplitude_0.25,0.25,-0.2313916852932179,7.025825825825827,1.0,350,spline_s2,0,65,7,31.042642642642647,0.09712275676477279,8.605627183406966
amplitude_0.25,0.25,-0.2313916852932179,7.025825825825827,1.0,350,spline_s2,0,65,12,30.96566566566567,0.018337075791377444,9.088162129163152
amplitude_0.25,0.25,-0.2313916852932179,7.025825825825827,1.0,350,spline_s2,0,66,7,46.28408408408409,0.07767655863949986,14.167132464596591
amplitude_0.25,0.25,-0.2313916852932179,7.025825825825827,1.0,350,spline_s2,0,66,12,46.28408408408409,0.07269666498254793,13.814823430148635
amplitude_0.25,0.25,-0.2313916852932179,7.025825825825827,1.0,350,spline_s2,0,67,7,26.193093093093097,0.07057122639399668,20.25856163033683
amplitude_0.25,0.25,-0.2313916852932179,7.025825825825827,1.0,350,spline_s2,0,67,12,26.193093093093097,0.04883264379978203,21.310838059434502
amplitude_0.25,0.25,-0.2313916852932179,7.025825825825827,1.0,350,spline_s2,0,68,7,27.886586586586592,0.11018637670021161,6.618452489091112
amplitude_0.25,0.25,-0.2313916852932179,7.025825825825827,1.0,350,spline_s2,0,68,12,27.809609609609616,0.04215078358484371,6.815072703329349
amplitude_0.25,0.25,-0.2313916852932179,7.025825825825827,1.0,350,spline_s2,0,69,7,67.68368368368368,0.22498446766265306,9.114601512512024
amplitude_0.25,0.25,-0.2313916852932179,7.025825825825827,1.0,350,spline_s2,0,69,12,67.60670670670672,0.16492537194009427,8.87994127104804
amplitude_0.25,0.25,-0.2313916852932179,7.025825825825827,1.0,350,spline_s2,0,70,7,64.37367367367368,0.06313143758058763,8.122341931923273
amplitude_0.25,0.25,-0.2313916852932179,7.025825825825827,1.0,350,spline_s2,0,70,12,32.274274274274276,0.04019043699031116,8.66458702165582
amplitude_0.25,0.25,-0.2313916852932179,7.025825825825827,1.0,350,spline_s2,0,71,7,59.139239239239245,0.0882357320444483,7.001239597501268
amplitude_0.25,0.25,-0.2313916852932179,7.025825825825827,1.0,350,spline_s2,0,71,12,50.51781781781783,0.09741510437788733,6.616825992290387
amplitude_0.25,0.25,-0.2313916852932179,7.025825825825827,1.0,350,spline_s2,0,72,7,32.274274274274276,0.1552172548954436,5.976947265928857
amplitude_0.25,0.25,-0.2313916852932179,7.025825825825827,1.0,350,spline_s2,0,72,12,32.274274274274276,0.09977521363777825,6.19807612508319
amplitude_0.25,0.25,-0.2313916852932179,7.025825825825827,1.0,350,spline_s2,0,73,7,58.60040040040041,0.09677775111773167,7.973931875048265
amplitude_0.25,0.25,-0.2313916852932179,7.025825825825827,1.0,350,spline_s2,0,73,12,58.60040040040041,0.014365252782590677,7.878328789565728
amplitude_0.25,0.25,-0.2313916852932179,7.025825825825827,1.0,350,spline_s2,0,74,7,43.435935935935944,0.03914675663332523,8.810946265067514
amplitude_0.25,0.25,-0.2313916852932179,7.025825825825827,1.0,350,spline_s2,0,74,12,43.435935935935944,0.03779944659528599,9.604620849212608
amplitude_0.25,0.25,-0.2313916852932179,7.025825825825827,1.0,350,spline_s2,0,75,7,35.66126126126127,0.19985449934578445,13.017201524085067
amplitude_0.25,0.25,-0.2313916852932179,7.025825825825827,1.0,350,spline_s2,0,75,12,35.738238238238246,0.09840395272476288,12.606331134092954
amplitude_0.25,0.25,-0.2313916852932179,7.025825825825827,1.0,350,spline_s2,0,76,7,32.197297297297304,0.04623209853228265,8.775663445812512
amplitude_0.25,0.25,-0.2313916852932179,7.025825825825827,1.0,350,spline_s2,0,76,12,32.197297297297304,0.036360250924971034,8.321615008468626
amplitude_0.25,0.25,-0.2313916852932179,7.025825825825827,1.0,350,spline_s2,0,77,7,21.26656656656657,0.11999715015337002,8.049064110262236
amplitude_0.25,0.25,-0.2313916852932179,7.025825825825827,1.0,350,spline_s2,0,77,12,10.797697697697698,0.0923599271147598,5.6954223084549085
amplitude_0.25,0.25,-0.2313916852932179,7.025825825825827,1.0,350,spline_s2,0,78,7,29.580080080080084,0.14387524297725635,13.663011285661526
amplitude_0.25,0.25,-0.2313916852932179,7.025825825825827,1.0,350,spline_s2,0,78,12,29.580080080080084,0.0434318060913657,12.581279165292642
amplitude_0.25,0.25,-0.2313916852932179,7.025825825825827,1.0,350,spline_s2,0,79,7,24.807507507507513,0.041992822882661596,7.271110733447472
amplitude_0.25,0.25,-0.2313916852932179,7.025825825825827,1.0,350,spline_s2,0,79,12,25.192392392392396,0.03427105920212695,7.538791972272662
amplitude_0.25,0.25,-0.2313916852932179,7.025825825825827,1.0,350,spline_s2,0,80,7,72.61021021021021,0.10655498538280704,12.07871596066218
amplitude_0.25,0.25,-0.2313916852932179,7.025825825825827,1.0,350,spline_s2,0,80,12,72.61021021021021,0.09539981803321507,12.336936891676714
amplitude_0.25,0.25,-0.2313916852932179,7.025825825825827,1.0,350,spline_s2,0,81,7,74.61161161161162,0.043187678588162706,8.500492487880365
amplitude_0.25,0.25,-0.2313916852932179,7.025825825825827,1.0,350,spline_s2,0,81,12,74.61161161161162,0.06520908278259066,8.655590052164143
amplitude_0.25,0.25,-0.2313916852932179,7.025825825825827,1.0,350,spline_s2,0,82,7,49.90200200200201,0.15179461194385638,7.6946035495150795
amplitude_0.25,0.25,-0.2313916852932179,7.025825825825827,1.0,350,spline_s2,0,82,12,49.825025025025035,0.07252847395351719,6.5703079822135635
amplitude_0.25,0.25,-0.2313916852932179,7.025825825825827,1.0,350,spline_s2,0,83,7,23.729829829829836,0.09594377150140218,6.703158690716748
amplitude_0.25,0.25,-0.2313916852932179,7.025825825825827,1.0,350,spline_s2,0,83,12,23.57587587587588,0.013628645071307609,6.57927990809543
amplitude_0.25,0.25,-0.2313916852932179,7.025825825825827,1.0,350,spline_s2,0,84,7,24.807507507507513,0.030573014879850504,5.8508348160662536
amplitude_0.25,0.25,-0.2313916852932179,7.025825825825827,1.0,350,spline_s2,0,84,12,24.730530530530537,0.04105538005017099,6.228333888900494
amplitude_0.25,0.25,-0.2313916852932179,7.025825825825827,1.0,350,spline_s2,0,85,7,52.981081081081086,0.09736624713478631,10.06486225835738
amplitude_0.25,0.25,-0.2313916852932179,7.025825825825827,1.0,350,spline_s2,0,85,12,52.981081081081086,0.024932198699761456,9.825470575402676
amplitude_0.25,0.25,-0.2313916852932179,7.025825825825827,1.0,350,spline_s2,0,86,7,23.34494494494495,0.034289190622965454,6.6665994916701266
amplitude_0.25,0.25,-0.2313916852932179,7.025825825825827,1.0,350,spline_s2,0,86,12,23.267967967967973,0.040647298065191295,6.604268603218372
amplitude_0.25,0.25,-0.2313916852932179,7.025825825825827,1.0,350,spline_s2,0,87,7,28.656356356356362,0.055362093878744856,9.582204078121322
amplitude_0.25,0.25,-0.2313916852932179,7.025825825825827,1.0,350,spline_s2,0,87,12,28.656356356356362,0.03962981875465958,8.510476367491208
amplitude_0.25,0.25,-0.2313916852932179,7.025825825825827,1.0,350,spline_s2,0,88,7,38.35545545545546,0.09552601030766639,9.637084087946846
amplitude_0.25,0.25,-0.2313916852932179,7.025825825825827,1.0,350,spline_s2,0,88,12,54.674574574574585,0.0226635097959575,8.666672802953372
amplitude_0.25,0.25,-0.2313916852932179,7.025825825825827,1.0,350,spline_s2,0,89,7,24.807507507507513,0.11969712892030804,9.65263988625233
amplitude_0.25,0.25,-0.2313916852932179,7.025825825825827,1.0,350,spline_s2,0,89,12,25.038438438438444,0.03578156179884185,9.927258341409441
amplitude_0.25,0.25,-0.2313916852932179,7.025825825825827,1.0,350,spline_s2,0,90,7,55.44434434434435,0.10342400610697314,9.761229668810529
amplitude_0.25,0.25,-0.2313916852932179,7.025825825825827,1.0,350,spline_s2,0,90,12,55.44434434434435,0.0477778603724037,9.843875619800713
amplitude_0.25,0.25,-0.2313916852932179,7.025825825825827,1.0,350,spline_s2,0,91,7,75.22742742742743,0.17018612699853594,11.480642350308074
amplitude_0.25,0.25,-0.2313916852932179,7.025825825825827,1.0,350,spline_s2,0,91,12,75.22742742742743,0.0598856848416317,10.624419662520154
amplitude_0.25,0.25,-0.2313916852932179,7.025825825825827,1.0,350,spline_s2,0,92,7,14.184684684684687,0.1336972806131227,7.648783084280723
amplitude_0.25,0.25,-0.2313916852932179,7.025825825825827,1.0,350,spline_s2,0,92,12,14.184684684684687,0.08275999678361176,8.495888141815954
amplitude_0.25,0.25,-0.2313916852932179,7.025825825825827,1.0,350,spline_s2,0,93,7,15.416316316316317,0.10990827867086225,9.11013115618863
amplitude_0.25,0.25,-0.2313916852932179,7.025825825825827,1.0,350,spline_s2,0,93,12,24.191691691691695,0.12415079513556297,8.155709512683359
amplitude_0.25,0.25,-0.2313916852932179,7.025825825825827,1.0,350,spline_s2,0,94,7,72.07137137137137,0.1103382133676864,7.393433190560756
amplitude_0.25,0.25,-0.2313916852932179,7.025825825825827,1.0,350,spline_s2,0,94,12,72.07137137137137,0.008248173825909429,6.6589233151146345
amplitude_0.25,0.25,-0.2313916852932179,7.025825825825827,1.0,350,spline_s2,0,95,7,63.834834834834844,0.1484360260880878,10.185350670838346
amplitude_0.25,0.25,-0.2313916852932179,7.025825825825827,1.0,350,spline_s2,0,95,12,63.834834834834844,0.021900861247216845,9.88574112953765
amplitude_0.25,0.25,-0.2313916852932179,7.025825825825827,1.0,350,spline_s2,0,96,7,37.97057057057058,0.09537663353495542,5.874674412342358
amplitude_0.25,0.25,-0.2313916852932179,7.025825825825827,1.0,350,spline_s2,0,96,12,54.597597597597606,0.03990364311508578,6.395766098961985
amplitude_0.25,0.25,-0.2313916852932179,7.025825825825827,1.0,350,spline_s2,0,97,7,69.14624624624625,0.07089770912519965,6.701507424679761
amplitude_0.25,0.25,-0.2313916852932179,7.025825825825827,1.0,350,spline_s2,0,97,12,69.14624624624625,0.0450663941916812,7.021205533074237
amplitude_0.25,0.25,-0.2313916852932179,7.025825825825827,1.0,350,spline_s2,0,98,7,26.808908908908915,0.2007623197870674,8.051372643214279
amplitude_0.25,0.25,-0.2313916852932179,7.025825825825827,1.0,350,spline_s2,0,98,12,33.736836836836844,0.022079240632616133,7.516118545417044
amplitude_0.25,0.25,-0.2313916852932179,7.025825825825827,1.0,350,spline_s2,0,99,7,56.82992992992994,0.16448601271913205,9.750742383982015
amplitude_0.25,0.25,-0.2313916852932179,7.025825825825827,1.0,350,spline_s2,0,99,12,12.953053053053054,0.0414584463423968,10.171606915179893
amplitude_0.25,0.25,-0.2313916852932179,7.025825825825827,1.0,350,spline_s2,0.25,0,7,7.17977977977978,0.3312223565048864,15.136426009263062
amplitude_0.25,0.25,-0.2313916852932179,7.025825825825827,1.0,350,spline_s2,0.25,0,12,76.68998998999,0.07040904676967577,10.194905243698088
amplitude_0.25,0.25,-0.2313916852932179,7.025825825825827,1.0,350,spline_s2,0.25,1,7,13.876776776776778,0.176595251155991,12.932492099186277
amplitude_0.25,0.25,-0.2313916852932179,7.025825825825827,1.0,350,spline_s2,0.25,1,12,13.799799799799802,0.08865085047122602,11.328908262121729
amplitude_0.25,0.25,-0.2313916852932179,7.025825825825827,1.0,350,spline_s2,0.25,2,7,21.80540540540541,0.17558907245357375,10.59887084578827
amplitude_0.25,0.25,-0.2313916852932179,7.025825825825827,1.0,350,spline_s2,0.25,2,12,21.882382382382385,0.07064396316548949,10.448556305759212
amplitude_0.25,0.25,-0.2313916852932179,7.025825825825827,1.0,350,spline_s2,0.25,3,7,7.564664664664665,0.26840252336952536,11.970518377378198
amplitude_0.25,0.25,-0.2313916852932179,7.025825825825827,1.0,350,spline_s2,0.25,3,12,19.880980980980986,0.12957349707795826,8.045520841292216
amplitude_0.25,0.25,-0.2313916852932179,7.025825825825827,1.0,350,spline_s2,0.25,4,7,79.76906906906908,0.25880566392014676,10.440013109910694
amplitude_0.25,0.25,-0.2313916852932179,7.025825825825827,1.0,350,spline_s2,0.25,4,12,79.76906906906908,0.10117186093011382,10.381247080101673
amplitude_0.25,0.25,-0.2313916852932179,7.025825825825827,1.0,350,spline_s2,0.25,5,7,7.333733733733734,0.26537859770103683,10.164978177926173
amplitude_0.25,0.25,-0.2313916852932179,7.025825825825827,1.0,350,spline_s2,0.25,5,12,65.14344344344345,0.05017576271649687,7.593645870276021
amplitude_0.25,0.25,-0.2313916852932179,7.025825825825827,1.0,350,spline_s2,0.25,6,7,6.948848848848849,0.2543353160155722,9.57782908869865
amplitude_0.25,0.25,-0.2313916852932179,7.025825825825827,1.0,350,spline_s2,0.25,6,12,46.13013013013014,0.13369252309375623,8.878662396254697
amplitude_0.25,0.25,-0.2313916852932179,7.025825825825827,1.0,350,spline_s2,0.25,7,7,32.50520520520521,0.1678901283664599,7.58694663381749
amplitude_0.25,0.25,-0.2313916852932179,7.025825825825827,1.0,350,spline_s2,0.25,7,12,23.80680680680681,0.03772163527295921,8.912413618976927
amplitude_0.25,0.25,-0.2313916852932179,7.025825825825827,1.0,350,spline_s2,0.25,8,7,7.102802802802804,0.4113318079448271,23.14627516452083
amplitude_0.25,0.25,-0.2313916852932179,7.025825825825827,1.0,350,spline_s2,0.25,8,12,12.7990990990991,0.15390619016849919,10.148600568220672
amplitude_0.25,0.25,-0.2313916852932179,7.025825825825827,1.0,350,spline_s2,0.25,9,7,9.566066066066067,0.22428190962327937,8.720593355539847
amplitude_0.25,0.25,-0.2313916852932179,7.025825825825827,1.0,350,spline_s2,0.25,9,12,65.99019019019019,0.030020214675852693,7.824228956056572
amplitude_0.25,0.25,-0.2313916852932179,7.025825825825827,1.0,350,spline_s2,0.25,10,7,51.287587587587595,0.20364080553521682,11.176024467621062
amplitude_0.25,0.25,-0.2313916852932179,7.025825825825827,1.0,350,spline_s2,0.25,10,12,51.287587587587595,0.05851715692182102,10.589727045115865
amplitude_0.25,0.25,-0.2313916852932179,7.025825825825827,1.0,350,spline_s2,0.25,11,7,18.803303303303306,0.23651807245785553,16.67445977540592
amplitude_0.25,0.25,-0.2313916852932179,7.025825825825827,1.0,350,spline_s2,0.25,11,12,18.88028028028028,0.11837541654031493,17.36980169133483
amplitude_0.25,0.25,-0.2313916852932179,7.025825825825827,1.0,350,spline_s2,0.25,12,7,7.17977977977978,0.2456996157013904,8.35266727177509
amplitude_0.25,0.25,-0.2313916852932179,7.025825825825827,1.0,350,spline_s2,0.25,12,12,39.43313313313314,0.0949309542654579,5.590949572985011
amplitude_0.25,0.25,-0.2313916852932179,7.025825825825827,1.0,350,spline_s2,0.25,13,7,27.42472472472473,0.20955546368794034,8.82864667443988
amplitude_0.25,0.25,-0.2313916852932179,7.025825825825827,1.0,350,spline_s2,0.25,13,12,27.42472472472473,0.06728208730549105,10.735625477570323
amplitude_0.25,0.25,-0.2313916852932179,7.025825825825827,1.0,350,spline_s2,0.25,14,7,7.333733733733734,0.36777867214750143,20.848242037411524
amplitude_0.25,0.25,-0.2313916852932179,7.025825825825827,1.0,350,spline_s2,0.25,14,12,27.193793793793798,0.07368620556848089,8.605860210353512
amplitude_0.25,0.25,-0.2313916852932179,7.025825825825827,1.0,350,spline_s2,0.25,15,7,28.733333333333338,0.12482098688412638,10.311859282203784
amplitude_0.25,0.25,-0.2313916852932179,7.025825825825827,1.0,350,spline_s2,0.25,15,12,58.75435435435436,0.039503270430482476,9.958093856695655
amplitude_0.25,0.25,-0.2313916852932179,7.025825825825827,1.0,350,spline_s2,0.25,16,7,7.025825825825827,0.3055791415924649,12.359565582713117
amplitude_0.25,0.25,-0.2313916852932179,7.025825825825827,1.0,350,spline_s2,0.25,16,12,46.97687687687689,0.07217568655862207,8.256830814842658
amplitude_0.25,0.25,-0.2313916852932179,7.025825825825827,1.0,350,spline_s2,0.25,17,7,7.256756756756758,0.27740705921934933,11.172528667926713
amplitude_0.25,0.25,-0.2313916852932179,7.025825825825827,1.0,350,spline_s2,0.25,17,12,17.648648648648653,0.1443943259868173,10.640033681462228
amplitude_0.25,0.25,-0.2313916852932179,7.025825825825827,1.0,350,spline_s2,0.25,18,7,25.962162162162166,0.21305575165969273,10.746535468841955
amplitude_0.25,0.25,-0.2313916852932179,7.025825825825827,1.0,350,spline_s2,0.25,18,12,26.039139139139145,0.13508461770527344,9.864652539392807
amplitude_0.25,0.25,-0.2313916852932179,7.025825825825827,1.0,350,spline_s2,0.25,19,7,6.563963963963964,0.28555787265987603,15.532260132419111
amplitude_0.25,0.25,-0.2313916852932179,7.025825825825827,1.0,350,spline_s2,0.25,19,12,70.3009009009009,0.101986491076294,7.860007436695412
amplitude_0.25,0.25,-0.2313916852932179,7.025825825825827,1.0,350,spline_s2,0.25,20,7,70.14694694694695,0.22656191782807264,8.828690269140225
amplitude_0.25,0.25,-0.2313916852932179,7.025825825825827,1.0,350,spline_s2,0.25,20,12,70.14694694694695,0.062114959525299884,7.852187182043508
amplitude_0.25,0.25,-0.2313916852932179,7.025825825825827,1.0,350,spline_s2,0.25,21,7,70.6857857857858,0.21164159545333255,7.056676958020432
amplitude_0.25,0.25,-0.2313916852932179,7.025825825825827,1.0,350,spline_s2,0.25,21,12,70.53183183183184,0.03401738957814398,7.487663875611361
amplitude_0.25,0.25,-0.2313916852932179,7.025825825825827,1.0,350,spline_s2,0.25,22,7,35.738238238238246,0.16563595335173092,9.145668465426041
amplitude_0.25,0.25,-0.2313916852932179,7.025825825825827,1.0,350,spline_s2,0.25,22,12,16.18608608608609,0.08577691596174794,10.1293079309294
amplitude_0.25,0.25,-0.2313916852932179,7.025825825825827,1.0,350,spline_s2,0.25,23,7,52.981081081081086,0.12035513669322918,7.249290086000542
amplitude_0.25,0.25,-0.2313916852932179,7.025825825825827,1.0,350,spline_s2,0.25,23,12,23.421921921921925,0.00949386302493532,6.815665329203313
amplitude_0.25,0.25,-0.2313916852932179,7.025825825825827,1.0,350,spline_s2,0.25,24,7,18.72632632632633,0.1392235671175593,10.601404434094661
amplitude_0.25,0.25,-0.2313916852932179,7.025825825825827,1.0,350,spline_s2,0.25,24,12,18.649349349349354,0.1509798212681513,10.62522126561737
amplitude_0.25,0.25,-0.2313916852932179,7.025825825825827,1.0,350,spline_s2,0.25,25,7,46.13013013013014,0.2145346057708775,14.17360797116396
amplitude_0.25,0.25,-0.2313916852932179,7.025825825825827,1.0,350,spline_s2,0.25,25,12,46.13013013013014,0.05733106115823922,13.404366526452804
amplitude_0.25,0.25,-0.2313916852932179,7.025825825825827,1.0,350,spline_s2,0.25,26,7,52.981081081081086,0.11682347738158287,10.112714717372626
amplitude_0.25,0.25,-0.2313916852932179,7.025825825825827,1.0,350,spline_s2,0.25,26,12,67.91461461461462,0.06391334985220644,10.08910366132693
amplitude_0.25,0.25,-0.2313916852932179,7.025825825825827,1.0,350,spline_s2,0.25,27,7,29.1951951951952,0.2273365573521112,8.368519590249036
amplitude_0.25,0.25,-0.2313916852932179,7.025825825825827,1.0,350,spline_s2,0.25,27,12,29.349149149149156,0.026850257118984387,6.313757935622732
amplitude_0.25,0.25,-0.2313916852932179,7.025825825825827,1.0,350,spline_s2,0.25,28,7,24.268668668668674,0.18008479023685325,9.607318566240394
amplitude_0.25,0.25,-0.2313916852932179,7.025825825825827,1.0,350,spline_s2,0.25,28,12,69.91601601601602,0.11119622531800166,9.18716497390352
amplitude_0.25,0.25,-0.2313916852932179,7.025825825825827,1.0,350,spline_s2,0.25,29,7,53.288988988989,0.11252747151164015,9.00526790973663
amplitude_0.25,0.25,-0.2313916852932179,7.025825825825827,1.0,350,spline_s2,0.25,29,12,53.36596596596598,0.06685793861128585,8.970912119965789
amplitude_0.25,0.25,-0.2313916852932179,7.025825825825827,1.0,350,spline_s2,0.25,30,7,79.30720720720721,0.15257712338455592,12.042284400493429
amplitude_0.25,0.25,-0.2313916852932179,7.025825825825827,1.0,350,spline_s2,0.25,30,12,79.38418418418419,0.06055283371178122,12.297680467749956
amplitude_0.25,0.25,-0.2313916852932179,7.025825825825827,1.0,350,spline_s2,0.25,31,7,53.67387387387388,0.19831357983916045,10.10781243012184
amplitude_0.25,0.25,-0.2313916852932179,7.025825825825827,1.0,350,spline_s2,0.25,31,12,53.67387387387388,0.12278368754789488,10.190770863521095
amplitude_0.25,0.25,-0.2313916852932179,7.025825825825827,1.0,350,spline_s2,0.25,32,7,7.102802802802804,0.3699843138619694,18.381406316679403
amplitude_0.25,0.25,-0.2313916852932179,7.025825825825827,1.0,350,spline_s2,0.25,32,12,51.518518518518526,0.10826148211779114,11.430956153998125
amplitude_0.25,0.25,-0.2313916852932179,7.025825825825827,1.0,350,spline_s2,0.25,33,7,34.12172172172173,0.2238015407693074,8.643612528369829
amplitude_0.25,0.25,-0.2313916852932179,7.025825825825827,1.0,350,spline_s2,0.25,33,12,34.04474474474475,0.047750838495355365,9.189740118863597
amplitude_0.25,0.25,-0.2313916852932179,7.025825825825827,1.0,350,spline_s2,0.25,34,7,7.17977977977978,0.2775495960494596,10.900723394002455
amplitude_0.25,0.25,-0.2313916852932179,7.025825825825827,1.0,350,spline_s2,0.25,34,12,52.36526526526527,0.09582618663199616,6.536247751652297
amplitude_0.25,0.25,-0.2313916852932179,7.025825825825827,1.0,350,spline_s2,0.25,35,7,6.794894894894895,0.2551448283868077,9.995082562739924
amplitude_0.25,0.25,-0.2313916852932179,7.025825825825827,1.0,350,spline_s2,0.25,35,12,52.44224224224225,0.09370822540164271,7.729489509077268
amplitude_0.25,0.25,-0.2313916852932179,7.025825825825827,1.0,350,spline_s2,0.25,36,7,7.564664664664665,0.29997428899234285,15.629342394010564
amplitude_0.25,0.25,-0.2313916852932179,7.025825825825827,1.0,350,spline_s2,0.25,36,12,15.724224224224226,0.08162036660510615,9.937333077356527
amplitude_0.25,0.25,-0.2313916852932179,7.025825825825827,1.0,350,spline_s2,0.25,37,7,7.333733733733734,0.22191567665130066,7.2350156250349755
amplitude_0.25,0.25,-0.2313916852932179,7.025825825825827,1.0,350,spline_s2,0.25,37,12,23.03703703703704,0.04280383481891433,5.4918573731912375
amplitude_0.25,0.25,-0.2313916852932179,7.025825825825827,1.0,350,spline_s2,0.25,38,7,51.67247247247248,0.22158325465271708,7.788267602003884
amplitude_0.25,0.25,-0.2313916852932179,7.025825825825827,1.0,350,spline_s2,0.25,38,12,51.67247247247248,0.09629793256799941,7.927740208378907
amplitude_0.25,0.25,-0.2313916852932179,7.025825825825827,1.0,350,spline_s2,0.25,39,7,62.21831831831833,0.159125235014406,11.079604938275907
amplitude_0.25,0.25,-0.2313916852932179,7.025825825825827,1.0,350,spline_s2,0.25,39,12,62.21831831831833,0.0451214531596927,11.68911806786366
amplitude_0.25,0.25,-0.2313916852932179,7.025825825825827,1.0,350,spline_s2,0.25,40,7,6.871871871871873,0.34092377261039253,16.840521167126212
amplitude_0.25,0.25,-0.2313916852932179,7.025825825825827,1.0,350,spline_s2,0.25,40,12,36.20010010010011,0.09380875038155231,8.926440123350915
amplitude_0.25,0.25,-0.2313916852932179,7.025825825825827,1.0,350,spline_s2,0.25,41,7,7.17977977977978,0.23585426101972345,7.553849703079607
amplitude_0.25,0.25,-0.2313916852932179,7.025825825825827,1.0,350,spline_s2,0.25,41,12,55.52132132132133,0.048211689315848315,7.2510780137877475
amplitude_0.25,0.25,-0.2313916852932179,7.025825825825827,1.0,350,spline_s2,0.25,42,7,72.07137137137137,0.23608948586327191,9.50015833707738
amplitude_0.25,0.25,-0.2313916852932179,7.025825825825827,1.0,350,spline_s2,0.25,42,12,72.07137137137137,0.07196151042173117,9.837747548402717
amplitude_0.25,0.25,-0.2313916852932179,7.025825825825827,1.0,350,spline_s2,0.25,43,7,7.4107107107107115,0.3051442526604233,13.981870430856532
amplitude_0.25,0.25,-0.2313916852932179,7.025825825825827,1.0,350,spline_s2,0.25,43,12,23.960760760760767,0.0818293968682932,8.029958962794126
amplitude_0.25,0.25,-0.2313916852932179,7.025825825825827,1.0,350,spline_s2,0.25,44,7,6.948848848848849,0.26902997613371765,9.830506746508547
amplitude_0.25,0.25,-0.2313916852932179,7.025825825825827,1.0,350,spline_s2,0.25,44,12,23.57587587587588,0.09080992606948847,6.549157199964611
amplitude_0.25,0.25,-0.2313916852932179,7.025825825825827,1.0,350,spline_s2,0.25,45,7,6.794894894894895,0.21214239792450557,7.217392534266594
amplitude_0.25,0.25,-0.2313916852932179,7.025825825825827,1.0,350,spline_s2,0.25,45,12,40.279879879879886,0.1421033832346,5.582541434363719
amplitude_0.25,0.25,-0.2313916852932179,7.025825825825827,1.0,350,spline_s2,0.25,46,7,6.871871871871873,0.37928098606264865,20.42545249476069
amplitude_0.25,0.25,-0.2313916852932179,7.025825825825827,1.0,350,spline_s2,0.25,46,12,61.60250250250251,0.12075476821361733,7.805131205637338
amplitude_0.25,0.25,-0.2313916852932179,7.025825825825827,1.0,350,spline_s2,0.25,47,7,39.66406406406407,0.2275579654632576,10.053602242281386
amplitude_0.25,0.25,-0.2313916852932179,7.025825825825827,1.0,350,spline_s2,0.25,47,12,39.894994994995,0.04664618010206948,8.86245518780808
amplitude_0.25,0.25,-0.2313916852932179,7.025825825825827,1.0,350,spline_s2,0.25,48,7,6.794894894894895,0.283424050571011,12.474250070578364
amplitude_0.25,0.25,-0.2313916852932179,7.025825825825827,1.0,350,spline_s2,0.25,48,12,60.44784784784786,0.12544175928422654,7.794983854969445
amplitude_0.25,0.25,-0.2313916852932179,7.025825825825827,1.0,350,spline_s2,0.25,49,7,55.21341341341342,0.16148050874085237,12.369608026056483
amplitude_0.25,0.25,-0.2313916852932179,7.025825825825827,1.0,350,spline_s2,0.25,49,12,55.21341341341342,0.0461586790827057,12.55287379937647
amplitude_0.25,0.25,-0.2313916852932179,7.025825825825827,1.0,350,spline_s2,0.25,50,7,77.15185185185186,0.184172106686683,8.694033610588406
amplitude_0.25,0.25,-0.2313916852932179,7.025825825825827,1.0,350,spline_s2,0.25,50,12,77.15185185185186,0.12818579627837284,8.415020389050142
amplitude_0.25,0.25,-0.2313916852932179,7.025825825825827,1.0,350,spline_s2,0.25,51,7,6.794894894894895,0.3145737813484672,13.803122386187056
amplitude_0.25,0.25,-0.2313916852932179,7.025825825825827,1.0,350,spline_s2,0.25,51,12,28.42542542542543,0.10679703008687152,11.343279675420888
amplitude_0.25,0.25,-0.2313916852932179,7.025825825825827,1.0,350,spline_s2,0.25,52,7,54.366666666666674,0.21932074345835645,6.801277340361764
amplitude_0.25,0.25,-0.2313916852932179,7.025825825825827,1.0,350,spline_s2,0.25,52,12,54.366666666666674,0.038064060566732304,6.865617481473237
amplitude_0.25,0.25,-0.2313916852932179,7.025825825825827,1.0,350,spline_s2,0.25,53,7,57.21481481481482,0.19358019759126033,11.951326010325715
amplitude_0.25,0.25,-0.2313916852932179,7.025825825825827,1.0,350,spline_s2,0.25,53,12,57.21481481481482,0.07556535482902776,11.721567695084332
amplitude_0.25,0.25,-0.2313916852932179,7.025825825825827,1.0,350,spline_s2,0.25,54,7,7.17977977977978,0.31120566692511714,13.803253065015099
amplitude_0.25,0.25,-0.2313916852932179,7.025825825825827,1.0,350,spline_s2,0.25,54,12,49.20920920920922,0.09343860284787803,13.384226700428826
amplitude_0.25,0.25,-0.2313916852932179,7.025825825825827,1.0,350,spline_s2,0.25,55,7,34.73753753753754,0.24924892258389633,8.965889375024517
amplitude_0.25,0.25,-0.2313916852932179,7.025825825825827,1.0,350,spline_s2,0.25,55,12,34.73753753753754,0.08027546072539675,7.619158651867679
amplitude_0.25,0.25,-0.2313916852932179,7.025825825825827,1.0,350,spline_s2,0.25,56,7,58.21551551551553,0.2178289427299957,11.786666995512235
amplitude_0.25,0.25,-0.2313916852932179,7.025825825825827,1.0,350,spline_s2,0.25,56,12,58.21551551551553,0.017526429478470783,10.58881753333577
amplitude_0.25,0.25,-0.2313916852932179,7.025825825825827,1.0,350,spline_s2,0.25,57,7,30.580780780780785,0.1772640720133112,7.478592519876486
amplitude_0.25,0.25,-0.2313916852932179,7.025825825825827,1.0,350,spline_s2,0.25,57,12,30.657757757757764,0.023186024642943295,6.7649118659134615
amplitude_0.25,0.25,-0.2313916852932179,7.025825825825827,1.0,350,spline_s2,0.25,58,7,52.44224224224225,0.31686976073166406,14.080149470220874
amplitude_0.25,0.25,-0.2313916852932179,7.025825825825827,1.0,350,spline_s2,0.25,58,12,52.44224224224225,0.130106300805675,13.808123257614454
amplitude_0.25,0.25,-0.2313916852932179,7.025825825825827,1.0,350,spline_s2,0.25,59,7,24.653553553553557,0.14172772109069737,8.132355462967098
amplitude_0.25,0.25,-0.2313916852932179,7.025825825825827,1.0,350,spline_s2,0.25,59,12,66.45205205205205,0.0699141021033484,6.850239751548713
amplitude_0.25,0.25,-0.2313916852932179,7.025825825825827,1.0,350,spline_s2,0.25,60,7,6.948848848848849,0.3032521623262353,13.639715296148978
amplitude_0.25,0.25,-0.2313916852932179,7.025825825825827,1.0,350,spline_s2,0.25,60,12,59.83203203203204,0.15056233649914372,10.318993365829641
amplitude_0.25,0.25,-0.2313916852932179,7.025825825825827,1.0,350,spline_s2,0.25,61,7,64.2966966966967,0.1896597260155377,14.896968482198389
amplitude_0.25,0.25,-0.2313916852932179,7.025825825825827,1.0,350,spline_s2,0.25,61,12,64.2966966966967,0.02326133612163068,14.62537630740681
amplitude_0.25,0.25,-0.2313916852932179,7.025825825825827,1.0,350,spline_s2,0.25,62,7,27.116816816816822,0.12555093622694158,24.241057528323495
amplitude_0.25,0.25,-0.2313916852932179,7.025825825825827,1.0,350,spline_s2,0.25,62,12,27.116816816816822,0.01982653215554836,21.17404146703643
amplitude_0.25,0.25,-0.2313916852932179,7.025825825825827,1.0,350,spline_s2,0.25,63,7,7.17977977977978,0.36948256448763395,19.798952832375704
amplitude_0.25,0.25,-0.2313916852932179,7.025825825825827,1.0,350,spline_s2,0.25,63,12,7.94954954954955,0.1872777979282588,10.597421618968042
amplitude_0.25,0.25,-0.2313916852932179,7.025825825825827,1.0,350,spline_s2,0.25,64,7,39.51011011011012,0.0976739797024505,7.062451951532864
amplitude_0.25,0.25,-0.2313916852932179,7.025825825825827,1.0,350,spline_s2,0.25,64,12,73.76486486486488,0.062368336803981926,6.8193275266322075
amplitude_0.25,0.25,-0.2313916852932179,7.025825825825827,1.0,350,spline_s2,0.25,65,7,67.14484484484485,0.2638742084129638,13.836366937931615
amplitude_0.25,0.25,-0.2313916852932179,7.025825825825827,1.0,350,spline_s2,0.25,65,12,67.14484484484485,0.12318730844221285,14.303771039554675
amplitude_0.25,0.25,-0.2313916852932179,7.025825825825827,1.0,350,spline_s2,0.25,66,7,51.98038038038039,0.21079422410771737,11.21922551928634
amplitude_0.25,0.25,-0.2313916852932179,7.025825825825827,1.0,350,spline_s2,0.25,66,12,51.82642642642644,0.06410284732137748,13.331049819648257
amplitude_0.25,0.25,-0.2313916852932179,7.025825825825827,1.0,350,spline_s2,0.25,67,7,32.73613613613614,0.2232141798441373,10.82400253383804
amplitude_0.25,0.25,-0.2313916852932179,7.025825825825827,1.0,350,spline_s2,0.25,67,12,32.65915915915917,0.05149523135349538,10.199221454730377
amplitude_0.25,0.25,-0.2313916852932179,7.025825825825827,1.0,350,spline_s2,0.25,68,7,62.9880880880881,0.18056499498152903,9.02846147177695
amplitude_0.25,0.25,-0.2313916852932179,7.025825825825827,1.0,350,spline_s2,0.25,68,12,13.183983983983985,0.06144493008279923,10.930005641515038
amplitude_0.25,0.25,-0.2313916852932179,7.025825825825827,1.0,350,spline_s2,0.25,69,7,7.256756756756758,0.42729348898237385,25.98017098923924
amplitude_0.25,0.25,-0.2313916852932179,7.025825825825827,1.0,350,spline_s2,0.25,69,12,8.103503503503504,0.22443848984100168,15.963894438318164
amplitude_0.25,0.25,-0.2313916852932179,7.025825825825827,1.0,350,spline_s2,0.25,70,7,7.102802802802804,0.35891090813285254,16.950460619688386
amplitude_0.25,0.25,-0.2313916852932179,7.025825825825827,1.0,350,spline_s2,0.25,70,12,26.193093093093097,0.10822003609964029,10.757539629348742
amplitude_0.25,0.25,-0.2313916852932179,7.025825825825827,1.0,350,spline_s2,0.25,71,7,7.718618618618619,0.24496695604492338,13.205477718947975
amplitude_0.25,0.25,-0.2313916852932179,7.025825825825827,1.0,350,spline_s2,0.25,71,12,33.736836836836844,0.13831698495930925,9.907498571105549
amplitude_0.25,0.25,-0.2313916852932179,7.025825825825827,1.0,350,spline_s2,0.25,72,7,7.256756756756758,0.27086229089757696,10.470366344550655
amplitude_0.25,0.25,-0.2313916852932179,7.025825825825827,1.0,350,spline_s2,0.25,72,12,65.91321321321323,0.11039331884346747,6.54834307026664
amplitude_0.25,0.25,-0.2313916852932179,7.025825825825827,1.0,350,spline_s2,0.25,73,7,72.45625625625627,0.2428735459612042,9.202214311274474
amplitude_0.25,0.25,-0.2313916852932179,7.025825825825827,1.0,350,spline_s2,0.25,73,12,72.53323323323323,0.041360035752121105,9.282109971249838
amplitude_0.25,0.25,-0.2313916852932179,7.025825825825827,1.0,350,spline_s2,0.25,74,7,7.025825825825827,0.3155653837459396,13.735754496640055
amplitude_0.25,0.25,-0.2313916852932179,7.025825825825827,1.0,350,spline_s2,0.25,74,12,40.356856856856865,0.1284445501872432,8.18988440783886
amplitude_0.25,0.25,-0.2313916852932179,7.025825825825827,1.0,350,spline_s2,0.25,75,7,11.490490490490492,0.20523105230744493,8.559571685355195
amplitude_0.25,0.25,-0.2313916852932179,7.025825825825827,1.0,350,spline_s2,0.25,75,12,69.06926926926927,0.039858040322181605,8.037161524441814
amplitude_0.25,0.25,-0.2313916852932179,7.025825825825827,1.0,350,spline_s2,0.25,76,7,33.890790790790795,0.23940882188442916,15.865460726510435
amplitude_0.25,0.25,-0.2313916852932179,7.025825825825827,1.0,350,spline_s2,0.25,76,12,33.813813813813816,0.03964421069690006,14.223888012093994
amplitude_0.25,0.25,-0.2313916852932179,7.025825825825827,1.0,350,spline_s2,0.25,77,7,60.909709709709716,0.1976083279320417,7.490880567056706
amplitude_0.25,0.25,-0.2313916852932179,7.025825825825827,1.0,350,spline_s2,0.25,77,12,60.986686686686696,0.026064784376884725,6.522952997878235
amplitude_0.25,0.25,-0.2313916852932179,7.025825825825827,1.0,350,spline_s2,0.25,78,7,54.75155155155156,0.19127280718989612,8.43532420439243
amplitude_0.25,0.25,-0.2313916852932179,7.025825825825827,1.0,350,spline_s2,0.25,78,12,54.75155155155156,0.10318619265104334,8.337128469452153
amplitude_0.25,0.25,-0.2313916852932179,7.025825825825827,1.0,350,spline_s2,0.25,79,7,54.905505505505516,0.1819950187412614,6.165870058487258
amplitude_0.25,0.25,-0.2313916852932179,7.025825825825827,1.0,350,spline_s2,0.25,79,12,54.905505505505516,0.04786521195692848,6.0362132209155845
amplitude_0.25,0.25,-0.2313916852932179,7.025825825825827,1.0,350,spline_s2,0.25,80,7,6.794894894894895,0.30452651730122093,14.032149330782431
amplitude_0.25,0.25,-0.2313916852932179,7.025825825825827,1.0,350,spline_s2,0.25,80,12,44.35965965965967,0.0928312232473414,7.789907421816395
amplitude_0.25,0.25,-0.2313916852932179,7.025825825825827,1.0,350,spline_s2,0.25,81,7,49.748048048048055,0.1345528967771162,9.765288020888477
amplitude_0.25,0.25,-0.2313916852932179,7.025825825825827,1.0,350,spline_s2,0.25,81,12,49.748048048048055,0.018252961724257926,10.058798372532806
amplitude_0.25,0.25,-0.2313916852932179,7.025825825825827,1.0,350,spline_s2,0.25,82,7,7.025825825825827,0.2670141504591042,9.461785272944326
amplitude_0.25,0.25,-0.2313916852932179,7.025825825825827,1.0,350,spline_s2,0.25,82,12,10.489789789789791,0.10062852693577035,8.135238141053549
amplitude_0.25,0.25,-0.2313916852932179,7.025825825825827,1.0,350,spline_s2,0.25,83,7,9.720020020020021,0.2519126008654075,12.2113868615034
amplitude_0.25,0.25,-0.2313916852932179,7.025825825825827,1.0,350,spline_s2,0.25,83,12,69.45415415415415,0.09528773097746154,10.076338420016782
amplitude_0.25,0.25,-0.2313916852932179,7.025825825825827,1.0,350,spline_s2,0.25,84,7,8.565365365365366,0.08866454104766239,11.52129624069562
amplitude_0.25,0.25,-0.2313916852932179,7.025825825825827,1.0,350,spline_s2,0.25,84,12,71.60950950950951,0.10139863323593809,9.785574950422301
amplitude_0.25,0.25,-0.2313916852932179,7.025825825825827,1.0,350,spline_s2,0.25,85,7,49.5940940940941,0.15721060947417984,7.872947092188383
amplitude_0.25,0.25,-0.2313916852932179,7.025825825825827,1.0,350,spline_s2,0.25,85,12,49.671071071071076,0.05777223640673194,8.177858449485086
amplitude_0.25,0.25,-0.2313916852932179,7.025825825825827,1.0,350,spline_s2,0.25,86,7,28.1944944944945,0.19335415896044797,20.852347780603168
amplitude_0.25,0.25,-0.2313916852932179,7.025825825825827,1.0,350,spline_s2,0.25,86,12,28.348448448448455,0.09598631168321027,21.492899130290425
amplitude_0.25,0.25,-0.2313916852932179,7.025825825825827,1.0,350,spline_s2,0.25,87,7,50.055955955955966,0.2991131335287576,20.97755310298129
amplitude_0.25,0.25,-0.2313916852932179,7.025825825825827,1.0,350,spline_s2,0.25,87,12,50.055955955955966,0.09347619698371334,20.966833719339093
amplitude_0.25,0.25,-0.2313916852932179,7.025825825825827,1.0,350,spline_s2,0.25,88,7,49.517117117117124,0.13323747017116255,10.805902176317147
amplitude_0.25,0.25,-0.2313916852932179,7.025825825825827,1.0,350,spline_s2,0.25,88,12,49.517117117117124,0.061481668621486206,11.172774072205357
amplitude_0.25,0.25,-0.2313916852932179,7.025825825825827,1.0,350,spline_s2,0.25,89,7,7.025825825825827,0.36842940187625267,17.807240802790318
amplitude_0.25,0.25,-0.2313916852932179,7.025825825825827,1.0,350,spline_s2,0.25,89,12,40.74174174174175,0.09516511278353522,9.88677772533731
amplitude_0.25,0.25,-0.2313916852932179,7.025825825825827,1.0,350,spline_s2,0.25,90,7,7.256756756756758,0.2972458110091088,12.928388385854419
amplitude_0.25,0.25,-0.2313916852932179,7.025825825825827,1.0,350,spline_s2,0.25,90,12,44.82152152152153,0.05649547103140395,12.31407119063158
amplitude_0.25,0.25,-0.2313916852932179,7.025825825825827,1.0,350,spline_s2,0.25,91,7,7.256756756756758,0.3064208856053706,13.420416178583594
amplitude_0.25,0.25,-0.2313916852932179,7.025825825825827,1.0,350,spline_s2,0.25,91,12,63.44994994994996,0.10997958835503638,11.570131509211649
amplitude_0.25,0.25,-0.2313916852932179,7.025825825825827,1.0,350,spline_s2,0.25,92,7,7.17977977977978,0.2840395484428385,11.595661701475677
amplitude_0.25,0.25,-0.2313916852932179,7.025825825825827,1.0,350,spline_s2,0.25,92,12,37.046846846846854,0.12396104452389753,6.160718707102291
amplitude_0.25,0.25,-0.2313916852932179,7.025825825825827,1.0,350,spline_s2,0.25,93,7,21.420520520520526,0.18318751746442136,8.363947484677396
amplitude_0.25,0.25,-0.2313916852932179,7.025825825825827,1.0,350,spline_s2,0.25,93,12,61.21761761761763,0.020629342978504387,5.799751613505009
amplitude_0.25,0.25,-0.2313916852932179,7.025825825825827,1.0,350,spline_s2,0.25,94,7,39.04824824824826,0.2100708169968867,9.812785761255839
amplitude_0.25,0.25,-0.2313916852932179,7.025825825825827,1.0,350,spline_s2,0.25,94,12,41.588488488488494,0.02743366861725328,10.055442568803528
amplitude_0.25,0.25,-0.2313916852932179,7.025825825825827,1.0,350,spline_s2,0.25,95,7,28.42542542542543,0.15920495239885205,10.749167051905545
amplitude_0.25,0.25,-0.2313916852932179,7.025825825825827,1.0,350,spline_s2,0.25,95,12,67.60670670670672,0.055893346684676354,10.639085737053108
amplitude_0.25,0.25,-0.2313916852932179,7.025825825825827,1.0,350,spline_s2,0.25,96,7,7.102802802802804,0.33503273224626967,15.103333580938
amplitude_0.25,0.25,-0.2313916852932179,7.025825825825827,1.0,350,spline_s2,0.25,96,12,44.975475475475484,0.10666762013705908,8.277903976309517
amplitude_0.25,0.25,-0.2313916852932179,7.025825825825827,1.0,350,spline_s2,0.25,97,7,7.102802802802804,0.3442957855216841,15.874774621850293
amplitude_0.25,0.25,-0.2313916852932179,7.025825825825827,1.0,350,spline_s2,0.25,97,12,28.887287287287293,0.08566766523097336,7.197650203543418
amplitude_0.25,0.25,-0.2313916852932179,7.025825825825827,1.0,350,spline_s2,0.25,98,7,31.73543543543544,0.19531652719388298,14.801370271942858
amplitude_0.25,0.25,-0.2313916852932179,7.025825825825827,1.0,350,spline_s2,0.25,98,12,31.812412412412417,0.07230286182872277,13.18261669036724
amplitude_0.25,0.25,-0.2313916852932179,7.025825825825827,1.0,350,spline_s2,0.25,99,7,7.487687687687689,0.28497715639855253,12.743710490543094
amplitude_0.25,0.25,-0.2313916852932179,7.025825825825827,1.0,350,spline_s2,0.25,99,12,10.874674674674676,0.12677597323797676,11.037909152651025
amplitude_0.5,0.5,-0.2313916852932179,7.025825825825827,1.0,350,spline_s2,0,0,7,48.131531531531536,0.04129235050114768,9.844112893457634
amplitude_0.5,0.5,-0.2313916852932179,7.025825825825827,1.0,350,spline_s2,0,0,12,48.054554554554564,0.04927936470150422,9.995945117957376
amplitude_0.5,0.5,-0.2313916852932179,7.025825825825827,1.0,350,spline_s2,0,1,7,69.992992992993,0.14531127328098772,7.004030913656095
amplitude_0.5,0.5,-0.2313916852932179,7.025825825825827,1.0,350,spline_s2,0,1,12,69.91601601601602,0.036427165216312854,7.700515513487858
amplitude_0.5,0.5,-0.2313916852932179,7.025825825825827,1.0,350,spline_s2,0,2,7,72.53323323323323,0.22857171494006498,11.851206037119482
amplitude_0.5,0.5,-0.2313916852932179,7.025825825825827,1.0,350,spline_s2,0,2,12,72.53323323323323,0.07382708239095503,12.286318035271222
amplitude_0.5,0.5,-0.2313916852932179,7.025825825825827,1.0,350,spline_s2,0,3,7,70.76276276276276,0.11330199081932177,7.96974932147441
amplitude_0.5,0.5,-0.2313916852932179,7.025825825825827,1.0,350,spline_s2,0,3,12,70.6857857857858,0.06078577957897895,7.897907912635162
amplitude_0.5,0.5,-0.2313916852932179,7.025825825825827,1.0,350,spline_s2,0,4,7,79.92302302302303,0.028354030213431605,10.897522477616661
amplitude_0.5,0.5,-0.2313916852932179,7.025825825825827,1.0,350,spline_s2,0,4,12,79.92302302302303,0.018704262956361767,10.597658403405205
amplitude_0.5,0.5,-0.2313916852932179,7.025825825825827,1.0,350,spline_s2,0,5,7,45.36036036036037,0.08996179659968734,10.852356918339126
amplitude_0.5,0.5,-0.2313916852932179,7.025825825825827,1.0,350,spline_s2,0,5,12,45.36036036036037,0.019798192698854574,9.795824178292719
amplitude_0.5,0.5,-0.2313916852932179,7.025825825825827,1.0,350,spline_s2,0,6,7,66.75995995995997,0.07964772321387696,5.7695044651175635
amplitude_0.5,0.5,-0.2313916852932179,7.025825825825827,1.0,350,spline_s2,0,6,12,9.950950950950952,0.032743092404236125,6.1884450502507775
amplitude_0.5,0.5,-0.2313916852932179,7.025825825825827,1.0,350,spline_s2,0,7,7,27.116816816816822,0.07674944970716377,8.485549751690769
amplitude_0.5,0.5,-0.2313916852932179,7.025825825825827,1.0,350,spline_s2,0,7,12,27.039839839839846,0.07322661589205441,8.21367307129782
amplitude_0.5,0.5,-0.2313916852932179,7.025825825825827,1.0,350,spline_s2,0,8,7,61.60250250250251,0.16540304078466975,9.029718947698143
amplitude_0.5,0.5,-0.2313916852932179,7.025825825825827,1.0,350,spline_s2,0,8,12,61.60250250250251,0.05435950737215277,8.106505559086287
amplitude_0.5,0.5,-0.2313916852932179,7.025825825825827,1.0,350,spline_s2,0,9,7,70.53183183183184,0.10759173575802056,9.183959494168505
amplitude_0.5,0.5,-0.2313916852932179,7.025825825825827,1.0,350,spline_s2,0,9,12,70.53183183183184,0.02145294135793026,9.867669987310421
amplitude_0.5,0.5,-0.2313916852932179,7.025825825825827,1.0,350,spline_s2,0,10,7,49.05525525525526,0.18510961297802153,9.83516282565796
amplitude_0.5,0.5,-0.2313916852932179,7.025825825825827,1.0,350,spline_s2,0,10,12,48.97827827827829,0.08053268237508819,9.586364428647926
amplitude_0.5,0.5,-0.2313916852932179,7.025825825825827,1.0,350,spline_s2,0,11,7,17.95655655655656,0.1328517532973333,7.557756923066904
amplitude_0.5,0.5,-0.2313916852932179,7.025825825825827,1.0,350,spline_s2,0,11,12,62.68018018018019,0.0745645983370656,7.136234128713397
amplitude_0.5,0.5,-0.2313916852932179,7.025825825825827,1.0,350,spline_s2,0,12,7,61.29459459459461,0.038965384006072655,7.670973110715124
amplitude_0.5,0.5,-0.2313916852932179,7.025825825825827,1.0,350,spline_s2,0,12,12,61.29459459459461,0.013248344852026372,7.426312008469438
amplitude_0.5,0.5,-0.2313916852932179,7.025825825825827,1.0,350,spline_s2,0,13,7,55.44434434434435,0.06860873713000752,7.60994856589474
amplitude_0.5,0.5,-0.2313916852932179,7.025825825825827,1.0,350,spline_s2,0,13,12,72.84114114114115,0.014758111078161527,8.239700872281446
amplitude_0.5,0.5,-0.2313916852932179,7.025825825825827,1.0,350,spline_s2,0,14,7,35.35335335335336,0.11476194717305574,11.540482086377267
amplitude_0.5,0.5,-0.2313916852932179,7.025825825825827,1.0,350,spline_s2,0,14,12,35.27637637637638,0.035511337605096616,12.095470012913154
amplitude_0.5,0.5,-0.2313916852932179,7.025825825825827,1.0,350,spline_s2,0,15,7,5.332332332332333,0.07376686811821451,8.536440962281006
amplitude_0.5,0.5,-0.2313916852932179,7.025825825825827,1.0,350,spline_s2,0,15,12,64.83553553553554,0.050939067877139574,7.098209942977007
amplitude_0.5,0.5,-0.2313916852932179,7.025825825825827,1.0,350,spline_s2,0,16,7,63.44994994994996,0.08869697929971977,4.988838977107378
amplitude_0.5,0.5,-0.2313916852932179,7.025825825825827,1.0,350,spline_s2,0,16,12,63.44994994994996,0.04279944176849629,5.217266770901432
amplitude_0.5,0.5,-0.2313916852932179,7.025825825825827,1.0,350,spline_s2,0,17,7,44.975475475475484,0.15817869198001208,12.355435198727378
amplitude_0.5,0.5,-0.2313916852932179,7.025825825825827,1.0,350,spline_s2,0,17,12,44.82152152152153,0.06685618920136886,11.874742773623382
amplitude_0.5,0.5,-0.2313916852932179,7.025825825825827,1.0,350,spline_s2,0,18,7,31.119619619619623,0.005451828318997469,12.32991911242351
amplitude_0.5,0.5,-0.2313916852932179,7.025825825825827,1.0,350,spline_s2,0,18,12,31.119619619619623,0.05239158571352917,11.435426374398162
amplitude_0.5,0.5,-0.2313916852932179,7.025825825825827,1.0,350,spline_s2,0,19,7,32.274274274274276,0.09483238136792226,8.063531302511933
amplitude_0.5,0.5,-0.2313916852932179,7.025825825825827,1.0,350,spline_s2,0,19,12,32.274274274274276,0.0720996839948983,8.297915427641044
amplitude_0.5,0.5,-0.2313916852932179,7.025825825825827,1.0,350,spline_s2,0,20,7,45.66826826826828,0.14650537914292988,14.321302173704055
amplitude_0.5,0.5,-0.2313916852932179,7.025825825825827,1.0,350,spline_s2,0,20,12,45.5912912912913,0.1274151817628007,13.770505938409087
amplitude_0.5,0.5,-0.2313916852932179,7.025825825825827,1.0,350,spline_s2,0,21,7,37.8935935935936,0.13219327449122506,8.93487293325802
amplitude_0.5,0.5,-0.2313916852932179,7.025825825825827,1.0,350,spline_s2,0,21,12,37.81661661661662,0.014137131210697509,9.768680300688061
amplitude_0.5,0.5,-0.2313916852932179,7.025825825825827,1.0,350,spline_s2,0,22,7,58.60040040040041,0.060983096955131766,11.419807558201342
amplitude_0.5,0.5,-0.2313916852932179,7.025825825825827,1.0,350,spline_s2,0,22,12,58.60040040040041,0.04707303798514276,11.553195586793152
amplitude_0.5,0.5,-0.2313916852932179,7.025825825825827,1.0,350,spline_s2,0,23,7,76.38208208208209,0.04975825762171254,12.653215351796916
amplitude_0.5,0.5,-0.2313916852932179,7.025825825825827,1.0,350,spline_s2,0,23,12,76.45905905905906,0.044180028220216994,12.09681208489667
amplitude_0.5,0.5,-0.2313916852932179,7.025825825825827,1.0,350,spline_s2,0,24,7,40.048948948948954,0.0766441116262702,9.003939549232712
amplitude_0.5,0.5,-0.2313916852932179,7.025825825825827,1.0,350,spline_s2,0,24,12,52.827127127127135,0.05372172480351817,9.095610224822565
amplitude_0.5,0.5,-0.2313916852932179,7.025825825825827,1.0,350,spline_s2,0,25,7,67.37577577577578,0.08049312058710946,8.420407761441595
amplitude_0.5,0.5,-0.2313916852932179,7.025825825825827,1.0,350,spline_s2,0,25,12,67.45275275275276,0.05773283702829101,7.770141657837428
amplitude_0.5,0.5,-0.2313916852932179,7.025825825825827,1.0,350,spline_s2,0,26,7,36.50800800800801,0.05122865802768522,9.372583676484993
amplitude_0.5,0.5,-0.2313916852932179,7.025825825825827,1.0,350,spline_s2,0,26,12,36.58498498498499,0.08340078113728523,9.390681167351232
amplitude_0.5,0.5,-0.2313916852932179,7.025825825825827,1.0,350,spline_s2,0,27,7,42.127327327327336,0.04155006141869865,11.04761465324782
amplitude_0.5,0.5,-0.2313916852932179,7.025825825825827,1.0,350,spline_s2,0,27,12,42.127327327327336,0.04749218188931096,11.212902375285353
amplitude_0.5,0.5,-0.2313916852932179,7.025825825825827,1.0,350,spline_s2,0,28,7,21.882382382382385,0.028026945701996726,8.93345162722224
amplitude_0.5,0.5,-0.2313916852932179,7.025825825825827,1.0,350,spline_s2,0,28,12,21.882382382382385,0.035046031792362764,8.485088521920204
amplitude_0.5,0.5,-0.2313916852932179,7.025825825825827,1.0,350,spline_s2,0,29,7,78.38348348348349,0.06844001637156884,8.145006290823233
amplitude_0.5,0.5,-0.2313916852932179,7.025825825825827,1.0,350,spline_s2,0,29,12,78.38348348348349,0.0537087153832107,7.9479508783994675
amplitude_0.5,0.5,-0.2313916852932179,7.025825825825827,1.0,350,spline_s2,0,30,7,27.42472472472473,0.008265003151135984,11.01331753837357
amplitude_0.5,0.5,-0.2313916852932179,7.025825825825827,1.0,350,spline_s2,0,30,12,27.578678678678685,0.06711365537612564,11.319679361736803
amplitude_0.5,0.5,-0.2313916852932179,7.025825825825827,1.0,350,spline_s2,0,31,7,50.055955955955966,0.08989517880537488,12.874577556877
amplitude_0.5,0.5,-0.2313916852932179,7.025825825825827,1.0,350,spline_s2,0,31,12,50.055955955955966,0.0765519187720299,13.544023062087973
amplitude_0.5,0.5,-0.2313916852932179,7.025825825825827,1.0,350,spline_s2,0,32,7,13.337937937937939,0.2051722935578161,7.537720832539549
amplitude_0.5,0.5,-0.2313916852932179,7.025825825825827,1.0,350,spline_s2,0,32,12,13.337937937937939,0.09702977305705629,7.89410926021182
amplitude_0.5,0.5,-0.2313916852932179,7.025825825825827,1.0,350,spline_s2,0,33,7,64.52762762762764,0.07519339926587304,7.9800921123358535
amplitude_0.5,0.5,-0.2313916852932179,7.025825825825827,1.0,350,spline_s2,0,33,12,64.52762762762764,0.03651152048435386,7.4888133613385435
amplitude_0.5,0.5,-0.2313916852932179,7.025825825825827,1.0,350,spline_s2,0,34,7,49.05525525525526,0.16524414295902837,8.567765758708617
amplitude_0.5,0.5,-0.2313916852932179,7.025825825825827,1.0,350,spline_s2,0,34,12,48.97827827827829,0.05392799442908427,8.21511063665261
amplitude_0.5,0.5,-0.2313916852932179,7.025825825825827,1.0,350,spline_s2,0,35,7,22.190290290290296,0.09886777590043341,8.250786285567415
amplitude_0.5,0.5,-0.2313916852932179,7.025825825825827,1.0,350,spline_s2,0,35,12,22.344244244244248,0.03417416828661542,7.982058418419939
amplitude_0.5,0.5,-0.2313916852932179,7.025825825825827,1.0,350,spline_s2,0,36,7,20.111911911911914,0.16206138564179198,8.760262261046535
amplitude_0.5,0.5,-0.2313916852932179,7.025825825825827,1.0,350,spline_s2,0,36,12,20.034934934934938,0.14739297954076033,7.731366289307175
amplitude_0.5,0.5,-0.2313916852932179,7.025825825825827,1.0,350,spline_s2,0,37,7,44.82152152152153,0.12308330345542612,14.285119302554818
amplitude_0.5,0.5,-0.2313916852932179,7.025825825825827,1.0,350,spline_s2,0,37,12,44.82152152152153,0.05206204822499219,14.687782025281223
amplitude_0.5,0.5,-0.2313916852932179,7.025825825825827,1.0,350,spline_s2,0,38,7,69.992992992993,0.07811503370666764,10.132367083364727
amplitude_0.5,0.5,-0.2313916852932179,7.025825825825827,1.0,350,spline_s2,0,38,12,69.91601601601602,0.040735237476426336,10.496845486745087
amplitude_0.5,0.5,-0.2313916852932179,7.025825825825827,1.0,350,spline_s2,0,39,7,51.210610610610615,0.14885068141855476,6.71775432732926
amplitude_0.5,0.5,-0.2313916852932179,7.025825825825827,1.0,350,spline_s2,0,39,12,51.210610610610615,0.052576395864969726,7.7391292770289795
amplitude_0.5,0.5,-0.2313916852932179,7.025825825825827,1.0,350,spline_s2,0,40,7,19.72702702702703,0.013112966405295188,13.045192351676917
amplitude_0.5,0.5,-0.2313916852932179,7.025825825825827,1.0,350,spline_s2,0,40,12,19.880980980980986,0.016418084096620728,12.896623474469038
amplitude_0.5,0.5,-0.2313916852932179,7.025825825825827,1.0,350,spline_s2,0,41,7,62.75715715715717,0.09657009331181886,9.18235037525261
amplitude_0.5,0.5,-0.2313916852932179,7.025825825825827,1.0,350,spline_s2,0,41,12,62.75715715715717,0.03610286526235938,9.736050625626888
amplitude_0.5,0.5,-0.2313916852932179,7.025825825825827,1.0,350,spline_s2,0,42,7,67.22182182182182,0.08197888436956509,6.918767377283984
amplitude_0.5,0.5,-0.2313916852932179,7.025825825825827,1.0,350,spline_s2,0,42,12,67.22182182182182,0.054033872793606705,7.260997284053701
amplitude_0.5,0.5,-0.2313916852932179,7.025825825825827,1.0,350,spline_s2,0,43,7,42.74314314314315,0.024449740793231322,7.7587187416300765
amplitude_0.5,0.5,-0.2313916852932179,7.025825825825827,1.0,350,spline_s2,0,43,12,42.66616616616617,0.06863977347459631,7.583220850031154
amplitude_0.5,0.5,-0.2313916852932179,7.025825825825827,1.0,350,spline_s2,0,44,7,69.60810810810811,0.1462630240962261,8.482342012286665
amplitude_0.5,0.5,-0.2313916852932179,7.025825825825827,1.0,350,spline_s2,0,44,12,69.68508508508509,0.020781456130948936,7.990615579561279
amplitude_0.5,0.5,-0.2313916852932179,7.025825825825827,1.0,350,spline_s2,0,45,7,37.43173173173174,0.037434158163967696,9.813084851793462
amplitude_0.5,0.5,-0.2313916852932179,7.025825825825827,1.0,350,spline_s2,0,45,12,43.51291291291292,0.02072522224926455,8.722075531977822
amplitude_0.5,0.5,-0.2313916852932179,7.025825825825827,1.0,350,spline_s2,0,46,7,32.120320320320324,0.1310994621802951,14.460198104730466
amplitude_0.5,0.5,-0.2313916852932179,7.025825825825827,1.0,350,spline_s2,0,46,12,32.043343343343345,0.05267621706744582,15.9417550599494
amplitude_0.5,0.5,-0.2313916852932179,7.025825825825827,1.0,350,spline_s2,0,47,7,58.98528528528529,0.08099311120101416,9.374813002303682
amplitude_0.5,0.5,-0.2313916852932179,7.025825825825827,1.0,350,spline_s2,0,47,12,58.98528528528529,0.024069753421482987,9.208147067209381
amplitude_0.5,0.5,-0.2313916852932179,7.025825825825827,1.0,350,spline_s2,0,48,7,20.650750750750756,0.11706294623995953,9.14492025713173
amplitude_0.5,0.5,-0.2313916852932179,7.025825825825827,1.0,350,spline_s2,0,48,12,20.958658658658663,0.054066805646663885,8.061668197188283
amplitude_0.5,0.5,-0.2313916852932179,7.025825825825827,1.0,350,spline_s2,0,49,7,66.91391391391392,0.023471398563520426,8.464803530451604
amplitude_0.5,0.5,-0.2313916852932179,7.025825825825827,1.0,350,spline_s2,0,49,12,66.9908908908909,0.014210001846083701,8.60678540145642
amplitude_0.5,0.5,-0.2313916852932179,7.025825825825827,1.0,350,spline_s2,0,50,7,64.14274274274275,0.09353311131940695,13.767820087243194
amplitude_0.5,0.5,-0.2313916852932179,7.025825825825827,1.0,350,spline_s2,0,50,12,64.21971971971972,0.04290711865471643,13.336318790262823
amplitude_0.5,0.5,-0.2313916852932179,7.025825825825827,1.0,350,spline_s2,0,51,7,70.53183183183184,0.0585820345943487,15.200227262128635
amplitude_0.5,0.5,-0.2313916852932179,7.025825825825827,1.0,350,spline_s2,0,51,12,26.88588588588589,0.025357874601002462,15.510036606307096
amplitude_0.5,0.5,-0.2313916852932179,7.025825825825827,1.0,350,spline_s2,0,52,7,42.74314314314315,0.04119969758618517,13.084856500669048
amplitude_0.5,0.5,-0.2313916852932179,7.025825825825827,1.0,350,spline_s2,0,52,12,42.74314314314315,0.024751279197784314,13.096804923355023
amplitude_0.5,0.5,-0.2313916852932179,7.025825825825827,1.0,350,spline_s2,0,53,7,71.07067067067068,0.11339241580874432,9.72845574759026
amplitude_0.5,0.5,-0.2313916852932179,7.025825825825827,1.0,350,spline_s2,0,53,12,71.07067067067068,0.07392849492470088,9.399665491180656
amplitude_0.5,0.5,-0.2313916852932179,7.025825825825827,1.0,350,spline_s2,0,54,7,36.50800800800801,0.10253671779419475,6.426298481311164
amplitude_0.5,0.5,-0.2313916852932179,7.025825825825827,1.0,350,spline_s2,0,54,12,36.43103103103104,0.057704104344774486,6.591637258144999
amplitude_0.5,0.5,-0.2313916852932179,7.025825825825827,1.0,350,spline_s2,0,55,7,71.45555555555556,0.14742596961800433,9.135424560609067
amplitude_0.5,0.5,-0.2313916852932179,7.025825825825827,1.0,350,spline_s2,0,55,12,71.45555555555556,0.09270045632715249,8.712968459425952
amplitude_0.5,0.5,-0.2313916852932179,7.025825825825827,1.0,350,spline_s2,0,56,7,67.52972972972974,0.1157880829384542,9.480411678777642
amplitude_0.5,0.5,-0.2313916852932179,7.025825825825827,1.0,350,spline_s2,0,56,12,67.52972972972974,0.08015787647345356,9.740694118207472
amplitude_0.5,0.5,-0.2313916852932179,7.025825825825827,1.0,350,spline_s2,0,57,7,52.51921921921923,0.09753479736176139,10.012816656956375
amplitude_0.5,0.5,-0.2313916852932179,7.025825825825827,1.0,350,spline_s2,0,57,12,52.5961961961962,0.024457172742389482,10.009702636115378
amplitude_0.5,0.5,-0.2313916852932179,7.025825825825827,1.0,350,spline_s2,0,58,7,50.5947947947948,0.13547156614487635,13.573883327686644
amplitude_0.5,0.5,-0.2313916852932179,7.025825825825827,1.0,350,spline_s2,0,58,12,50.51781781781783,0.043360471609506304,13.149375106174432
amplitude_0.5,0.5,-0.2313916852932179,7.025825825825827,1.0,350,spline_s2,0,59,7,48.90130130130131,0.11851771874151294,6.9910792095136
amplitude_0.5,0.5,-0.2313916852932179,7.025825825825827,1.0,350,spline_s2,0,59,12,48.82432432432433,0.054935987919708704,6.895887865095119
amplitude_0.5,0.5,-0.2313916852932179,7.025825825825827,1.0,350,spline_s2,0,60,7,47.28478478478479,0.029764895717445068,6.509395100646316
amplitude_0.5,0.5,-0.2313916852932179,7.025825825825827,1.0,350,spline_s2,0,60,12,47.20780780780782,0.05054868704014909,6.5028823300020235
amplitude_0.5,0.5,-0.2313916852932179,7.025825825825827,1.0,350,spline_s2,0,61,7,49.36316316316317,0.11671119593446558,10.955087052965553
amplitude_0.5,0.5,-0.2313916852932179,7.025825825825827,1.0,350,spline_s2,0,61,12,49.28618618618619,0.0784059752328304,11.607518483533454
amplitude_0.5,0.5,-0.2313916852932179,7.025825825825827,1.0,350,spline_s2,0,62,7,26.88588588588589,0.2219095438487526,13.19329063895077
amplitude_0.5,0.5,-0.2313916852932179,7.025825825825827,1.0,350,spline_s2,0,62,12,76.30510510510511,0.04439533847399831,10.967731329105561
amplitude_0.5,0.5,-0.2313916852932179,7.025825825825827,1.0,350,spline_s2,0,63,7,75.84324324324325,0.09637160059054778,5.8735982547145795
amplitude_0.5,0.5,-0.2313916852932179,7.025825825825827,1.0,350,spline_s2,0,63,12,75.84324324324325,0.031469739123409286,5.1844199022228
amplitude_0.5,0.5,-0.2313916852932179,7.025825825825827,1.0,350,spline_s2,0,64,7,38.04754754754755,0.05565265880708231,8.413225455793764
amplitude_0.5,0.5,-0.2313916852932179,7.025825825825827,1.0,350,spline_s2,0,64,12,38.04754754754755,0.05314091158216514,8.310253203933684
amplitude_0.5,0.5,-0.2313916852932179,7.025825825825827,1.0,350,spline_s2,0,65,7,35.507307307307315,0.16527330721519942,8.42997033385194
amplitude_0.5,0.5,-0.2313916852932179,7.025825825825827,1.0,350,spline_s2,0,65,12,35.430330330330335,0.051937108651219664,5.90663476509053
amplitude_0.5,0.5,-0.2313916852932179,7.025825825825827,1.0,350,spline_s2,0,66,7,75.68928928928929,0.03853230601840337,9.293250735952483
amplitude_0.5,0.5,-0.2313916852932179,7.025825825825827,1.0,350,spline_s2,0,66,12,75.68928928928929,0.007257717748107445,8.895155879476249
amplitude_0.5,0.5,-0.2313916852932179,7.025825825825827,1.0,350,spline_s2,0,67,7,43.666866866866876,0.03435530596720178,7.9742998621546235
amplitude_0.5,0.5,-0.2313916852932179,7.025825825825827,1.0,350,spline_s2,0,67,12,43.589889889889896,0.04764452279524439,7.701939050828855
amplitude_0.5,0.5,-0.2313916852932179,7.025825825825827,1.0,350,spline_s2,0,68,7,33.582882882882885,0.1224500758646698,15.416230506746729
amplitude_0.5,0.5,-0.2313916852932179,7.025825825825827,1.0,350,spline_s2,0,68,12,33.659859859859864,0.07293117322755802,12.650706977955963
amplitude_0.5,0.5,-0.2313916852932179,7.025825825825827,1.0,350,spline_s2,0,69,7,19.573073073073076,0.0716616507901891,14.423154733080992
amplitude_0.5,0.5,-0.2313916852932179,7.025825825825827,1.0,350,spline_s2,0,69,12,19.419119119119124,0.00927808697341793,10.179396016489477
amplitude_0.5,0.5,-0.2313916852932179,7.025825825825827,1.0,350,spline_s2,0,70,7,69.06926926926927,0.0961248559943049,8.16087571496547
amplitude_0.5,0.5,-0.2313916852932179,7.025825825825827,1.0,350,spline_s2,0,70,12,69.06926926926927,0.020042030932119818,7.453610132688993
amplitude_0.5,0.5,-0.2313916852932179,7.025825825825827,1.0,350,spline_s2,0,71,7,74.84254254254255,0.04046201783433438,9.767702670287463
amplitude_0.5,0.5,-0.2313916852932179,7.025825825825827,1.0,350,spline_s2,0,71,12,74.84254254254255,0.06420396374076048,10.033998909886776
amplitude_0.5,0.5,-0.2313916852932179,7.025825825825827,1.0,350,spline_s2,0,72,7,43.589889889889896,0.0355138831542215,6.946879862345611
amplitude_0.5,0.5,-0.2313916852932179,7.025825825825827,1.0,350,spline_s2,0,72,12,66.75995995995997,0.04088081908778703,6.97423885259758
amplitude_0.5,0.5,-0.2313916852932179,7.025825825825827,1.0,350,spline_s2,0,73,7,77.07487487487488,0.13054484990961532,17.261897610512847
amplitude_0.5,0.5,-0.2313916852932179,7.025825825825827,1.0,350,spline_s2,0,73,12,34.58358358358359,0.08796841474839484,18.40622339485293
amplitude_0.5,0.5,-0.2313916852932179,7.025825825825827,1.0,350,spline_s2,0,74,7,69.06926926926927,0.058923626593935456,15.701570724420435
amplitude_0.5,0.5,-0.2313916852932179,7.025825825825827,1.0,350,spline_s2,0,74,12,69.06926926926927,0.04659506831605206,15.289873630204994
amplitude_0.5,0.5,-0.2313916852932179,7.025825825825827,1.0,350,spline_s2,0,75,7,47.977577577577584,0.10971607093662698,11.148837221057278
amplitude_0.5,0.5,-0.2313916852932179,7.025825825825827,1.0,350,spline_s2,0,75,12,47.977577577577584,0.08495560241248046,11.183466248499315
amplitude_0.5,0.5,-0.2313916852932179,7.025825825825827,1.0,350,spline_s2,0,76,7,16.64794794794795,0.07484397873780332,8.057839776640549
amplitude_0.5,0.5,-0.2313916852932179,7.025825825825827,1.0,350,spline_s2,0,76,12,12.106306306306307,0.050350641014554845,7.630729450825612
amplitude_0.5,0.5,-0.2313916852932179,7.025825825825827,1.0,350,spline_s2,0,77,7,51.210610610610615,0.0321498971673616,9.096191912083611
amplitude_0.5,0.5,-0.2313916852932179,7.025825825825827,1.0,350,spline_s2,0,77,12,51.210610610610615,0.027898970350193935,9.816496556977484
amplitude_0.5,0.5,-0.2313916852932179,7.025825825825827,1.0,350,spline_s2,0,78,7,31.042642642642647,0.07970121729271351,9.461139368814088
amplitude_0.5,0.5,-0.2313916852932179,7.025825825825827,1.0,350,spline_s2,0,78,12,37.58568568568569,0.04961281557340583,8.973206753755903
amplitude_0.5,0.5,-0.2313916852932179,7.025825825825827,1.0,350,spline_s2,0,79,7,80.0,0.048910922197058206,7.259990419923838
amplitude_0.5,0.5,-0.2313916852932179,7.025825825825827,1.0,350,spline_s2,0,79,12,80.0,0.06346223365159671,7.258609837397671
amplitude_0.5,0.5,-0.2313916852932179,7.025825825825827,1.0,350,spline_s2,0,80,7,58.2924924924925,0.11554581528211925,10.98058278422792
amplitude_0.5,0.5,-0.2313916852932179,7.025825825825827,1.0,350,spline_s2,0,80,12,58.2924924924925,0.07010604427948579,11.136054407712834
amplitude_0.5,0.5,-0.2313916852932179,7.025825825825827,1.0,350,spline_s2,0,81,7,58.06156156156157,0.06283944978317428,8.285224350188514
amplitude_0.5,0.5,-0.2313916852932179,7.025825825825827,1.0,350,spline_s2,0,81,12,58.06156156156157,0.055244355690285324,7.647978981996289
amplitude_0.5,0.5,-0.2313916852932179,7.025825825825827,1.0,350,spline_s2,0,82,7,65.2973973973974,0.15887530170087297,11.302630134423254
amplitude_0.5,0.5,-0.2313916852932179,7.025825825825827,1.0,350,spline_s2,0,82,12,65.22042042042042,0.11379018546090272,10.86992711316077
amplitude_0.5,0.5,-0.2313916852932179,7.025825825825827,1.0,350,spline_s2,0,83,7,47.43873873873875,0.12804028168463186,7.423466807036391
amplitude_0.5,0.5,-0.2313916852932179,7.025825825825827,1.0,350,spline_s2,0,83,12,47.51571571571572,0.027569213384956336,7.120131561143751
amplitude_0.5,0.5,-0.2313916852932179,7.025825825825827,1.0,350,spline_s2,0,84,7,40.74174174174175,0.07032306106087578,7.7816156701526324
amplitude_0.5,0.5,-0.2313916852932179,7.025825825825827,1.0,350,spline_s2,0,84,12,40.587787787787796,0.03542876833931437,7.798330375203733
amplitude_0.5,0.5,-0.2313916852932179,7.025825825825827,1.0,350,spline_s2,0,85,7,56.75295295295296,0.08502115692584471,11.916345580039547
amplitude_0.5,0.5,-0.2313916852932179,7.025825825825827,1.0,350,spline_s2,0,85,12,56.75295295295296,0.06601608540653793,11.352274570722102
amplitude_0.5,0.5,-0.2313916852932179,7.025825825825827,1.0,350,spline_s2,0,86,7,39.12522522522523,0.09510923746957803,7.708059719687924
amplitude_0.5,0.5,-0.2313916852932179,7.025825825825827,1.0,350,spline_s2,0,86,12,39.20220220220221,0.021620338162254834,8.302897608744843
amplitude_0.5,0.5,-0.2313916852932179,7.025825825825827,1.0,350,spline_s2,0,87,7,42.28128128128129,0.1544870629871443,13.261805552083445
amplitude_0.5,0.5,-0.2313916852932179,7.025825825825827,1.0,350,spline_s2,0,87,12,42.28128128128129,0.02708230174255915,12.432654113912974
amplitude_0.5,0.5,-0.2313916852932179,7.025825825825827,1.0,350,spline_s2,0,88,7,25.88518518518519,0.05962511056575371,11.360483303514627
amplitude_0.5,0.5,-0.2313916852932179,7.025825825825827,1.0,350,spline_s2,0,88,12,72.61021021021021,0.008114985127239202,10.939352074855947
amplitude_0.5,0.5,-0.2313916852932179,7.025825825825827,1.0,350,spline_s2,0,89,7,72.68718718718719,0.06937369303173595,9.526841606340327
amplitude_0.5,0.5,-0.2313916852932179,7.025825825825827,1.0,350,spline_s2,0,89,12,72.68718718718719,0.06434575230495752,8.80461921114312
amplitude_0.5,0.5,-0.2313916852932179,7.025825825825827,1.0,350,spline_s2,0,90,7,55.21341341341342,0.03390784497967301,9.067751576758951
amplitude_0.5,0.5,-0.2313916852932179,7.025825825825827,1.0,350,spline_s2,0,90,12,55.21341341341342,0.01591172106787308,9.168431091918364
amplitude_0.5,0.5,-0.2313916852932179,7.025825825825827,1.0,350,spline_s2,0,91,7,30.426826826826833,0.05375968853273312,11.25150090052989
amplitude_0.5,0.5,-0.2313916852932179,7.025825825825827,1.0,350,spline_s2,0,91,12,22.421221221221224,0.05675687839062043,11.299772648048588
amplitude_0.5,0.5,-0.2313916852932179,7.025825825825827,1.0,350,spline_s2,0,92,7,32.96706706706707,0.050120885599074474,13.919320457140657
amplitude_0.5,0.5,-0.2313916852932179,7.025825825825827,1.0,350,spline_s2,0,92,12,33.04404404404405,0.0563369660312865,11.598714918605594
amplitude_0.5,0.5,-0.2313916852932179,7.025825825825827,1.0,350,spline_s2,0,93,7,58.52342342342343,0.08611824112270047,11.347056231725048
amplitude_0.5,0.5,-0.2313916852932179,7.025825825825827,1.0,350,spline_s2,0,93,12,38.586386386386394,0.03838130912851793,11.58220548514791
amplitude_0.5,0.5,-0.2313916852932179,7.025825825825827,1.0,350,spline_s2,0,94,7,72.53323323323323,0.06257228473233374,7.786692169971047
amplitude_0.5,0.5,-0.2313916852932179,7.025825825825827,1.0,350,spline_s2,0,94,12,72.61021021021021,0.015118426285998935,7.238852216994303
amplitude_0.5,0.5,-0.2313916852932179,7.025825825825827,1.0,350,spline_s2,0,95,7,69.83903903903904,0.058683108380256414,9.028769114716908
amplitude_0.5,0.5,-0.2313916852932179,7.025825825825827,1.0,350,spline_s2,0,95,12,34.35265265265266,0.02954918585730711,10.259827872280994
amplitude_0.5,0.5,-0.2313916852932179,7.025825825825827,1.0,350,spline_s2,0,96,7,26.42402402402403,0.08857758030195828,10.009368255999789
amplitude_0.5,0.5,-0.2313916852932179,7.025825825825827,1.0,350,spline_s2,0,96,12,26.501001001001004,0.11071356633098929,9.694230489245115
amplitude_0.5,0.5,-0.2313916852932179,7.025825825825827,1.0,350,spline_s2,0,97,7,20.342842842842845,0.019795839447378564,5.182735791254856
amplitude_0.5,0.5,-0.2313916852932179,7.025825825825827,1.0,350,spline_s2,0,97,12,34.12172172172173,0.044007779892281836,4.6964041964705245
amplitude_0.5,0.5,-0.2313916852932179,7.025825825825827,1.0,350,spline_s2,0,98,7,57.83063063063064,0.08985384510270158,6.075344613501045
amplitude_0.5,0.5,-0.2313916852932179,7.025825825825827,1.0,350,spline_s2,0,98,12,57.984584584584596,0.062435421288572025,5.59575464104114
amplitude_0.5,0.5,-0.2313916852932179,7.025825825825827,1.0,350,spline_s2,0,99,7,72.9950950950951,0.09296304880882135,11.638576411938573
amplitude_0.5,0.5,-0.2313916852932179,7.025825825825827,1.0,350,spline_s2,0,99,12,72.91811811811812,0.041665348841014964,11.360118534216042
amplitude_0.5,0.5,-0.2313916852932179,7.025825825825827,1.0,350,spline_s2,0.5,0,7,7.256756756756758,0.5382419436522184,42.03678940938323
amplitude_0.5,0.5,-0.2313916852932179,7.025825825825827,1.0,350,spline_s2,0.5,0,12,8.103503503503504,0.2304142198120401,17.38028655574442
amplitude_0.5,0.5,-0.2313916852932179,7.025825825825827,1.0,350,spline_s2,0.5,1,7,7.256756756756758,0.44644272868228607,29.24112236897389
amplitude_0.5,0.5,-0.2313916852932179,7.025825825825827,1.0,350,spline_s2,0.5,1,12,18.803303303303306,0.14979151807388205,7.162638708910208
amplitude_0.5,0.5,-0.2313916852932179,7.025825825825827,1.0,350,spline_s2,0.5,2,7,7.102802802802804,0.3521950342669611,16.77541808305608
amplitude_0.5,0.5,-0.2313916852932179,7.025825825825827,1.0,350,spline_s2,0.5,2,12,29.580080080080084,0.07294274453350852,14.046624127150778
amplitude_0.5,0.5,-0.2313916852932179,7.025825825825827,1.0,350,spline_s2,0.5,3,7,6.948848848848849,0.34481549576818304,15.888600121301579
amplitude_0.5,0.5,-0.2313916852932179,7.025825825825827,1.0,350,spline_s2,0.5,3,12,46.82292292292293,0.10034149688307856,12.00149989368549
amplitude_0.5,0.5,-0.2313916852932179,7.025825825825827,1.0,350,spline_s2,0.5,4,7,6.948848848848849,0.49001611749666824,33.283153176332576
amplitude_0.5,0.5,-0.2313916852932179,7.025825825825827,1.0,350,spline_s2,0.5,4,12,10.874674674674676,0.19288447960066593,13.89423051477047
amplitude_0.5,0.5,-0.2313916852932179,7.025825825825827,1.0,350,spline_s2,0.5,5,7,7.025825825825827,0.4982150640460841,34.34398726373803
amplitude_0.5,0.5,-0.2313916852932179,7.025825825825827,1.0,350,spline_s2,0.5,5,12,57.83063063063064,0.1366674094569651,12.031005925877423
amplitude_0.5,0.5,-0.2313916852932179,7.025825825825827,1.0,350,spline_s2,0.5,6,7,7.102802802802804,0.42770257649308063,24.450949145907543
amplitude_0.5,0.5,-0.2313916852932179,7.025825825825827,1.0,350,spline_s2,0.5,6,12,50.2868868868869,0.08656150349727919,7.641393629577067
amplitude_0.5,0.5,-0.2313916852932179,7.025825825825827,1.0,350,spline_s2,0.5,7,7,7.4107107107107115,0.35305228919713144,20.179818235096093
amplitude_0.5,0.5,-0.2313916852932179,7.025825825825827,1.0,350,spline_s2,0.5,7,12,10.951651651651654,0.11372897151464446,8.346388850566939
amplitude_0.5,0.5,-0.2313916852932179,7.025825825825827,1.0,350,spline_s2,0.5,8,7,7.17977977977978,0.3938105221232114,21.443460817465564
amplitude_0.5,0.5,-0.2313916852932179,7.025825825825827,1.0,350,spline_s2,0.5,8,12,10.720720720720722,0.09203698122076343,10.146771501398405
amplitude_0.5,0.5,-0.2313916852932179,7.025825825825827,1.0,350,spline_s2,0.5,9,7,7.102802802802804,0.4353994200079853,25.644234860321887
amplitude_0.5,0.5,-0.2313916852932179,7.025825825825827,1.0,350,spline_s2,0.5,9,12,65.60530530530531,0.0788330444035699,15.01739273034309
amplitude_0.5,0.5,-0.2313916852932179,7.025825825825827,1.0,350,spline_s2,0.5,10,7,7.17977977977978,0.42379310111191243,25.144472216267843
amplitude_0.5,0.5,-0.2313916852932179,7.025825825825827,1.0,350,spline_s2,0.5,10,12,41.51151151151152,0.14647689446454307,8.388360466656707
amplitude_0.5,0.5,-0.2313916852932179,7.025825825825827,1.0,350,spline_s2,0.5,11,7,6.871871871871873,0.3666471738793896,19.08972770342848
amplitude_0.5,0.5,-0.2313916852932179,7.025825825825827,1.0,350,spline_s2,0.5,11,12,79.15325325325325,0.11349841039596174,14.537179841071236
amplitude_0.5,0.5,-0.2313916852932179,7.025825825825827,1.0,350,spline_s2,0.5,12,7,6.948848848848849,0.515370610743792,35.29654511655713
amplitude_0.5,0.5,-0.2313916852932179,7.025825825825827,1.0,350,spline_s2,0.5,12,12,60.52482482482483,0.1145265514546018,10.697617091684094
amplitude_0.5,0.5,-0.2313916852932179,7.025825825825827,1.0,350,spline_s2,0.5,13,7,7.333733733733734,0.48161000727160397,34.11092514343659
amplitude_0.5,0.5,-0.2313916852932179,7.025825825825827,1.0,350,spline_s2,0.5,13,12,8.026526526526528,0.23530667721277834,16.05156993802308
amplitude_0.5,0.5,-0.2313916852932179,7.025825825825827,1.0,350,spline_s2,0.5,14,7,6.871871871871873,0.47500409735517496,31.81577491815466
amplitude_0.5,0.5,-0.2313916852932179,7.025825825825827,1.0,350,spline_s2,0.5,14,12,39.12522522522523,0.13211159266205583,6.31080992934676
amplitude_0.5,0.5,-0.2313916852932179,7.025825825825827,1.0,350,spline_s2,0.5,15,7,6.948848848848849,0.3527704239047416,16.58449940227098
amplitude_0.5,0.5,-0.2313916852932179,7.025825825825827,1.0,350,spline_s2,0.5,15,12,75.84324324324325,0.015066657572470176,9.978511814950508
amplitude_0.5,0.5,-0.2313916852932179,7.025825825825827,1.0,350,spline_s2,0.5,16,7,7.102802802802804,0.3059366163980775,12.411042787127712
amplitude_0.5,0.5,-0.2313916852932179,7.025825825825827,1.0,350,spline_s2,0.5,16,12,74.22672672672672,0.07845486484651375,11.905753051042268
amplitude_0.5,0.5,-0.2313916852932179,7.025825825825827,1.0,350,spline_s2,0.5,17,7,7.17977977977978,0.5280928442501506,38.12929106607362
amplitude_0.5,0.5,-0.2313916852932179,7.025825825825827,1.0,350,spline_s2,0.5,17,12,21.497497497497502,0.13639669928123666,9.359845707343482
amplitude_0.5,0.5,-0.2313916852932179,7.025825825825827,1.0,350,spline_s2,0.5,18,7,6.871871871871873,0.5381484590197491,39.20713120008418
amplitude_0.5,0.5,-0.2313916852932179,7.025825825825827,1.0,350,spline_s2,0.5,18,12,77.15185185185186,0.11197728410057814,11.43468259360995
amplitude_0.5,0.5,-0.2313916852932179,7.025825825825827,1.0,350,spline_s2,0.5,19,7,7.256756756756758,0.4834655020011956,33.43309179088362
amplitude_0.5,0.5,-0.2313916852932179,7.025825825825827,1.0,350,spline_s2,0.5,19,12,78.99929929929931,0.14076148169044508,8.307926642005611
amplitude_0.5,0.5,-0.2313916852932179,7.025825825825827,1.0,350,spline_s2,0.5,20,7,7.102802802802804,0.35765602892373316,17.439298951147748
amplitude_0.5,0.5,-0.2313916852932179,7.025825825825827,1.0,350,spline_s2,0.5,20,12,13.799799799799802,0.08500445955088634,11.131186430477328
amplitude_0.5,0.5,-0.2313916852932179,7.025825825825827,1.0,350,spline_s2,0.5,21,7,7.17977977977978,0.3498931810894466,16.731177415726336
amplitude_0.5,0.5,-0.2313916852932179,7.025825825825827,1.0,350,spline_s2,0.5,21,12,59.06226226226227,0.11367452096295835,9.850576968431739
amplitude_0.5,0.5,-0.2313916852932179,7.025825825825827,1.0,350,spline_s2,0.5,22,7,6.948848848848849,0.4014689100985404,21.534137397470147
amplitude_0.5,0.5,-0.2313916852932179,7.025825825825827,1.0,350,spline_s2,0.5,22,12,12.56816816816817,0.08657026628785504,10.082269443921405
amplitude_0.5,0.5,-0.2313916852932179,7.025825825825827,1.0,350,spline_s2,0.5,23,7,7.025825825825827,0.4769849598538966,31.235190904797832
amplitude_0.5,0.5,-0.2313916852932179,7.025825825825827,1.0,350,spline_s2,0.5,23,12,59.139239239239245,0.17182811498873585,10.725397694229343
amplitude_0.5,0.5,-0.2313916852932179,7.025825825825827,1.0,350,spline_s2,0.5,24,7,7.025825825825827,0.4840542881404329,31.07212583404089
amplitude_0.5,0.5,-0.2313916852932179,7.025825825825827,1.0,350,spline_s2,0.5,24,12,55.36736736736738,0.0883193307671414,8.007152810761738
amplitude_0.5,0.5,-0.2313916852932179,7.025825825825827,1.0,350,spline_s2,0.5,25,7,7.102802802802804,0.4645294421871492,30.03851209896419
amplitude_0.5,0.5,-0.2313916852932179,7.025825825825827,1.0,350,spline_s2,0.5,25,12,30.118918918918926,0.14730602124447031,7.740766877399551
amplitude_0.5,0.5,-0.2313916852932179,7.025825825825827,1.0,350,spline_s2,0.5,26,7,7.333733733733734,0.4519664641506998,31.16381395748931
amplitude_0.5,0.5,-0.2313916852932179,7.025825825825827,1.0,350,spline_s2,0.5,26,12,48.74734734734736,0.169154562010102,9.353983970357092
amplitude_0.5,0.5,-0.2313916852932179,7.025825825825827,1.0,350,spline_s2,0.5,27,7,6.794894894894895,0.4545918396847524,29.84182894129637
amplitude_0.5,0.5,-0.2313916852932179,7.025825825825827,1.0,350,spline_s2,0.5,27,12,70.3009009009009,0.14191464009345295,7.323165783062677
amplitude_0.5,0.5,-0.2313916852932179,7.025825825825827,1.0,350,spline_s2,0.5,28,7,7.17977977977978,0.49740789278882475,33.18756535417941
amplitude_0.5,0.5,-0.2313916852932179,7.025825825825827,1.0,350,spline_s2,0.5,28,12,17.494694694694697,0.10070269116354845,11.22739150721182
amplitude_0.5,0.5,-0.2313916852932179,7.025825825825827,1.0,350,spline_s2,0.5,29,7,7.102802802802804,0.47346272776581744,30.412143104950985
amplitude_0.5,0.5,-0.2313916852932179,7.025825825825827,1.0,350,spline_s2,0.5,29,12,77.22882882882884,0.13262337412596925,8.474866692112101
amplitude_0.5,0.5,-0.2313916852932179,7.025825825825827,1.0,350,spline_s2,0.5,30,7,6.948848848848849,0.5380222725185818,39.307697484415144
amplitude_0.5,0.5,-0.2313916852932179,7.025825825825827,1.0,350,spline_s2,0.5,30,12,47.82362362362363,0.12973236961186252,9.23104731437303
amplitude_0.5,0.5,-0.2313916852932179,7.025825825825827,1.0,350,spline_s2,0.5,31,7,7.17977977977978,0.5052597061912552,35.56278331040761
amplitude_0.5,0.5,-0.2313916852932179,7.025825825825827,1.0,350,spline_s2,0.5,31,12,39.35615615615616,0.13674561663097262,7.269976888458018
amplitude_0.5,0.5,-0.2313916852932179,7.025825825825827,1.0,350,spline_s2,0.5,32,7,6.948848848848849,0.5395996668848257,39.62172053731018
amplitude_0.5,0.5,-0.2313916852932179,7.025825825825827,1.0,350,spline_s2,0.5,32,12,78.53743743743745,0.13867838512877884,9.70530160659888
amplitude_0.5,0.5,-0.2313916852932179,7.025825825825827,1.0,350,spline_s2,0.5,33,7,6.948848848848849,0.4314024837968446,26.284570002872442
amplitude_0.5,0.5,-0.2313916852932179,7.025825825825827,1.0,350,spline_s2,0.5,33,12,54.366666666666674,0.14358535536096603,6.890616910261457
amplitude_0.5,0.5,-0.2313916852932179,7.025825825825827,1.0,350,spline_s2,0.5,34,7,7.256756756756758,0.3102236590915519,14.198204852783135
amplitude_0.5,0.5,-0.2313916852932179,7.025825825825827,1.0,350,spline_s2,0.5,34,12,61.37157157157158,0.058936069036722286,9.888910278864273
amplitude_0.5,0.5,-0.2313916852932179,7.025825825825827,1.0,350,spline_s2,0.5,35,7,7.025825825825827,0.5151338650778023,36.65203765167416
amplitude_0.5,0.5,-0.2313916852932179,7.025825825825827,1.0,350,spline_s2,0.5,35,12,39.66406406406407,0.14951660586919208,7.143886396694029
amplitude_0.5,0.5,-0.2313916852932179,7.025825825825827,1.0,350,spline_s2,0.5,36,7,6.948848848848849,0.44142512873208006,26.432840914366864
amplitude_0.5,0.5,-0.2313916852932179,7.025825825825827,1.0,350,spline_s2,0.5,36,12,8.180480480480481,0.1616406453093952,11.644485232898603
amplitude_0.5,0.5,-0.2313916852932179,7.025825825825827,1.0,350,spline_s2,0.5,37,7,7.17977977977978,0.4337719703448503,26.60651583233181
amplitude_0.5,0.5,-0.2313916852932179,7.025825825825827,1.0,350,spline_s2,0.5,37,12,8.180480480480481,0.14729752543641936,7.818947859252717
amplitude_0.5,0.5,-0.2313916852932179,7.025825825825827,1.0,350,spline_s2,0.5,38,7,63.988788788788796,0.2700677702830289,10.630223684548866
amplitude_0.5,0.5,-0.2313916852932179,7.025825825825827,1.0,350,spline_s2,0.5,38,12,64.06576576576578,0.14210296727941796,11.240937564643389
amplitude_0.5,0.5,-0.2313916852932179,7.025825825825827,1.0,350,spline_s2,0.5,39,7,6.948848848848849,0.4224116561404758,23.274703038032783
amplitude_0.5,0.5,-0.2313916852932179,7.025825825825827,1.0,350,spline_s2,0.5,39,12,79.38418418418419,0.07125784853423031,7.039805056095645
amplitude_0.5,0.5,-0.2313916852932179,7.025825825825827,1.0,350,spline_s2,0.5,40,7,7.025825825825827,0.3644324247816446,18.540697561182014
amplitude_0.5,0.5,-0.2313916852932179,7.025825825825827,1.0,350,spline_s2,0.5,40,12,7.872572572572574,0.2062814347622562,10.046402306201202
amplitude_0.5,0.5,-0.2313916852932179,7.025825825825827,1.0,350,spline_s2,0.5,41,7,6.871871871871873,0.477231282939426,31.469478779541646
amplitude_0.5,0.5,-0.2313916852932179,7.025825825825827,1.0,350,spline_s2,0.5,41,12,18.18748748748749,0.12575718523575063,10.680680690871554
amplitude_0.5,0.5,-0.2313916852932179,7.025825825825827,1.0,350,spline_s2,0.5,42,7,7.102802802802804,0.4285715887407301,26.012433060564433
amplitude_0.5,0.5,-0.2313916852932179,7.025825825825827,1.0,350,spline_s2,0.5,42,12,10.797697697697698,0.19779645484016287,10.67291199894089
amplitude_0.5,0.5,-0.2313916852932179,7.025825825825827,1.0,350,spline_s2,0.5,43,7,7.17977977977978,0.36158153738178406,18.001544244590093
amplitude_0.5,0.5,-0.2313916852932179,7.025825825825827,1.0,350,spline_s2,0.5,43,12,21.03563563563564,0.1617986731988185,12.602091758914924
amplitude_0.5,0.5,-0.2313916852932179,7.025825825825827,1.0,350,spline_s2,0.5,44,7,7.17977977977978,0.4093952524355198,23.499416132569422
amplitude_0.5,0.5,-0.2313916852932179,7.025825825825827,1.0,350,spline_s2,0.5,44,12,37.12382382382383,0.12333011927115414,10.021827900556048
amplitude_0.5,0.5,-0.2313916852932179,7.025825825825827,1.0,350,spline_s2,0.5,45,7,7.025825825825827,0.43203848493631636,24.61024301296061
amplitude_0.5,0.5,-0.2313916852932179,7.025825825825827,1.0,350,spline_s2,0.5,45,12,35.27637637637638,0.10545820656358587,12.1632533357145
amplitude_0.5,0.5,-0.2313916852932179,7.025825825825827,1.0,350,spline_s2,0.5,46,7,6.563963963963964,0.40397311426347016,27.69027884610648
amplitude_0.5,0.5,-0.2313916852932179,7.025825825825827,1.0,350,spline_s2,0.5,46,12,30.1958958958959,0.12655303906440743,11.419159107653059
amplitude_0.5,0.5,-0.2313916852932179,7.025825825825827,1.0,350,spline_s2,0.5,47,7,7.17977977977978,0.44863592180144035,28.44639371178809
amplitude_0.5,0.5,-0.2313916852932179,7.025825825825827,1.0,350,spline_s2,0.5,47,12,66.14414414414415,0.11044441963202663,10.17417197299389
amplitude_0.5,0.5,-0.2313916852932179,7.025825825825827,1.0,350,spline_s2,0.5,48,7,7.256756756756758,0.4483535615883898,28.47757390470224
amplitude_0.5,0.5,-0.2313916852932179,7.025825825825827,1.0,350,spline_s2,0.5,48,12,36.969869869869875,0.09233093815055132,11.175709913133176
amplitude_0.5,0.5,-0.2313916852932179,7.025825825825827,1.0,350,spline_s2,0.5,49,7,7.333733733733734,0.4944817480622099,35.500792064706786
amplitude_0.5,0.5,-0.2313916852932179,7.025825825825827,1.0,350,spline_s2,0.5,49,12,14.415615615615616,0.1325650373866214,14.29599420045136
amplitude_0.5,0.5,-0.2313916852932179,7.025825825825827,1.0,350,spline_s2,0.5,50,7,7.025825825825827,0.38394148208104656,20.480021333605066
amplitude_0.5,0.5,-0.2313916852932179,7.025825825825827,1.0,350,spline_s2,0.5,50,12,39.35615615615616,0.1495776564121916,15.759785368651706
amplitude_0.5,0.5,-0.2313916852932179,7.025825825825827,1.0,350,spline_s2,0.5,51,7,7.17977977977978,0.5176769243037712,37.20491657365915
amplitude_0.5,0.5,-0.2313916852932179,7.025825825825827,1.0,350,spline_s2,0.5,51,12,11.02862862862863,0.14044093028958188,10.222397471315276
amplitude_0.5,0.5,-0.2313916852932179,7.025825825825827,1.0,350,spline_s2,0.5,52,7,7.17977977977978,0.4348111980207475,26.03653921819148
amplitude_0.5,0.5,-0.2313916852932179,7.025825825825827,1.0,350,spline_s2,0.5,52,12,50.51781781781783,0.13242380480071175,9.348215387181085
amplitude_0.5,0.5,-0.2313916852932179,7.025825825825827,1.0,350,spline_s2,0.5,53,7,7.102802802802804,0.3668772924278158,18.199674574587107
amplitude_0.5,0.5,-0.2313916852932179,7.025825825825827,1.0,350,spline_s2,0.5,53,12,9.258158158158158,0.09665035845273975,10.451751530025206
amplitude_0.5,0.5,-0.2313916852932179,7.025825825825827,1.0,350,spline_s2,0.5,54,7,6.948848848848849,0.4283526373528126,24.876417359818106
amplitude_0.5,0.5,-0.2313916852932179,7.025825825825827,1.0,350,spline_s2,0.5,54,12,40.279879879879886,0.16616314929141207,8.829268692159474
amplitude_0.5,0.5,-0.2313916852932179,7.025825825825827,1.0,350,spline_s2,0.5,55,7,7.256756756756758,0.4317423025108912,26.823608732919524
amplitude_0.5,0.5,-0.2313916852932179,7.025825825825827,1.0,350,spline_s2,0.5,55,12,20.034934934934938,0.11048900049670413,9.279579891292258
amplitude_0.5,0.5,-0.2313916852932179,7.025825825825827,1.0,350,spline_s2,0.5,56,7,7.102802802802804,0.475402151445416,30.075704873928657
amplitude_0.5,0.5,-0.2313916852932179,7.025825825825827,1.0,350,spline_s2,0.5,56,12,70.60880880880882,0.020697038533277853,8.114419294647888
amplitude_0.5,0.5,-0.2313916852932179,7.025825825825827,1.0,350,spline_s2,0.5,57,7,6.7179179179179185,0.4019894012256446,24.99936702455983
amplitude_0.5,0.5,-0.2313916852932179,7.025825825825827,1.0,350,spline_s2,0.5,57,12,77.45975975975976,0.1765046088733523,9.812716969108862
amplitude_0.5,0.5,-0.2313916852932179,7.025825825825827,1.0,350,spline_s2,0.5,58,7,7.17977977977978,0.48901206888614923,34.51124426653547
amplitude_0.5,0.5,-0.2313916852932179,7.025825825825827,1.0,350,spline_s2,0.5,58,12,33.890790790790795,0.1681788849245005,10.882739084295679
amplitude_0.5,0.5,-0.2313916852932179,7.025825825825827,1.0,350,spline_s2,0.5,59,7,7.4107107107107115,0.40247114460181665,25.428983017213
amplitude_0.5,0.5,-0.2313916852932179,7.025825825825827,1.0,350,spline_s2,0.5,59,12,34.198698698698706,0.13873737869196223,8.634849858612625
amplitude_0.5,0.5,-0.2313916852932179,7.025825825825827,1.0,350,spline_s2,0.5,60,7,7.641641641641643,0.38023504647094825,28.100355575220618
amplitude_0.5,0.5,-0.2313916852932179,7.025825825825827,1.0,350,spline_s2,0.5,60,12,37.277777777777786,0.11489181569627337,15.45326720123046
amplitude_0.5,0.5,-0.2313916852932179,7.025825825825827,1.0,350,spline_s2,0.5,61,7,7.025825825825827,0.372606963802343,19.058692943400388
amplitude_0.5,0.5,-0.2313916852932179,7.025825825825827,1.0,350,spline_s2,0.5,61,12,41.896396396396405,0.10526563876318097,7.33531717792647
amplitude_0.5,0.5,-0.2313916852932179,7.025825825825827,1.0,350,spline_s2,0.5,62,7,7.025825825825827,0.3885017171163604,20.20457510396193
amplitude_0.5,0.5,-0.2313916852932179,7.025825825825827,1.0,350,spline_s2,0.5,62,12,37.8935935935936,0.10726256356326332,16.445849446283802
amplitude_0.5,0.5,-0.2313916852932179,7.025825825825827,1.0,350,spline_s2,0.5,63,7,7.256756756756758,0.36299723253245864,19.13140775859722
amplitude_0.5,0.5,-0.2313916852932179,7.025825825825827,1.0,350,spline_s2,0.5,63,12,43.666866866866876,0.11922387677526973,9.927595918542977
amplitude_0.5,0.5,-0.2313916852932179,7.025825825825827,1.0,350,spline_s2,0.5,64,7,7.256756756756758,0.29944178784356335,13.317241049164238
amplitude_0.5,0.5,-0.2313916852932179,7.025825825825827,1.0,350,spline_s2,0.5,64,12,18.95725725725726,0.13167150559111987,7.08444846865541
amplitude_0.5,0.5,-0.2313916852932179,7.025825825825827,1.0,350,spline_s2,0.5,65,7,7.17977977977978,0.30504211133913145,13.7725787488437
amplitude_0.5,0.5,-0.2313916852932179,7.025825825825827,1.0,350,spline_s2,0.5,65,12,38.8942942942943,0.07923003253695927,5.371868229352344
amplitude_0.5,0.5,-0.2313916852932179,7.025825825825827,1.0,350,spline_s2,0.5,66,7,7.17977977977978,0.4474805736563288,27.607245219737706
amplitude_0.5,0.5,-0.2313916852932179,7.025825825825827,1.0,350,spline_s2,0.5,66,12,27.65565565565566,0.13844115007735566,11.769035586616468
amplitude_0.5,0.5,-0.2313916852932179,7.025825825825827,1.0,350,spline_s2,0.5,67,7,6.948848848848849,0.5499840299037525,42.14651924821925
amplitude_0.5,0.5,-0.2313916852932179,7.025825825825827,1.0,350,spline_s2,0.5,67,12,7.94954954954955,0.20793928075795243,11.763707866684854
amplitude_0.5,0.5,-0.2313916852932179,7.025825825825827,1.0,350,spline_s2,0.5,68,7,6.871871871871873,0.4856237057637768,32.47152774462751
amplitude_0.5,0.5,-0.2313916852932179,7.025825825825827,1.0,350,spline_s2,0.5,68,12,48.67037037037038,0.1255864889544454,11.044425530228267
amplitude_0.5,0.5,-0.2313916852932179,7.025825825825827,1.0,350,spline_s2,0.5,69,7,7.102802802802804,0.4834233667823143,31.856953833290277
amplitude_0.5,0.5,-0.2313916852932179,7.025825825825827,1.0,350,spline_s2,0.5,69,12,8.103503503503504,0.18082578021490486,11.137086770260225
amplitude_0.5,0.5,-0.2313916852932179,7.025825825825827,1.0,350,spline_s2,0.5,70,7,7.333733733733734,0.37085305560060067,20.857934029624914
amplitude_0.5,0.5,-0.2313916852932179,7.025825825825827,1.0,350,spline_s2,0.5,70,12,34.04474474474475,0.0694542692371198,9.387355223973486
amplitude_0.5,0.5,-0.2313916852932179,7.025825825825827,1.0,350,spline_s2,0.5,71,7,7.102802802802804,0.3678075039839605,18.11010501922965
amplitude_0.5,0.5,-0.2313916852932179,7.025825825825827,1.0,350,spline_s2,0.5,71,12,59.90900900900902,0.0228262650720749,14.461855349772634
amplitude_0.5,0.5,-0.2313916852932179,7.025825825825827,1.0,350,spline_s2,0.5,72,7,6.871871871871873,0.5528236513161414,41.85757701797411
amplitude_0.5,0.5,-0.2313916852932179,7.025825825825827,1.0,350,spline_s2,0.5,72,12,47.20780780780782,0.10985780643915156,8.53425806949437
amplitude_0.5,0.5,-0.2313916852932179,7.025825825825827,1.0,350,spline_s2,0.5,73,7,7.333733733733734,0.37986256590510586,21.755962118817337
amplitude_0.5,0.5,-0.2313916852932179,7.025825825825827,1.0,350,spline_s2,0.5,73,12,8.103503503503504,0.12407677250343345,4.531922273388545
amplitude_0.5,0.5,-0.2313916852932179,7.025825825825827,1.0,350,spline_s2,0.5,74,7,7.025825825825827,0.3271959999163332,14.311799559537377
amplitude_0.5,0.5,-0.2313916852932179,7.025825825825827,1.0,350,spline_s2,0.5,74,12,23.57587587587588,0.06192087852517692,6.56379344009801
amplitude_0.5,0.5,-0.2313916852932179,7.025825825825827,1.0,350,spline_s2,0.5,75,7,7.102802802802804,0.48973746471875695,32.21915972318601
amplitude_0.5,0.5,-0.2313916852932179,7.025825825825827,1.0,350,spline_s2,0.5,75,12,68.06856856856857,0.1031109756179268,11.30616882098056
amplitude_0.5,0.5,-0.2313916852932179,7.025825825825827,1.0,350,spline_s2,0.5,76,7,7.17977977977978,0.4606429517729635,29.63040071336451
amplitude_0.5,0.5,-0.2313916852932179,7.025825825825827,1.0,350,spline_s2,0.5,76,12,72.14834834834835,0.09327119276385025,12.269897248763868
amplitude_0.5,0.5,-0.2313916852932179,7.025825825825827,1.0,350,spline_s2,0.5,77,7,6.948848848848849,0.4661000901743456,29.665526428666
amplitude_0.5,0.5,-0.2313916852932179,7.025825825825827,1.0,350,spline_s2,0.5,77,12,23.80680680680681,0.138836423418611,11.107392331767073
amplitude_0.5,0.5,-0.2313916852932179,7.025825825825827,1.0,350,spline_s2,0.5,78,7,19.880980980980986,0.30148024750968416,14.919766293508928
amplitude_0.5,0.5,-0.2313916852932179,7.025825825825827,1.0,350,spline_s2,0.5,78,12,19.880980980980986,0.09723167505637903,15.243509989043844
amplitude_0.5,0.5,-0.2313916852932179,7.025825825825827,1.0,350,spline_s2,0.5,79,7,6.948848848848849,0.4414833006221883,26.1910820968414
amplitude_0.5,0.5,-0.2313916852932179,7.025825825825827,1.0,350,spline_s2,0.5,79,12,53.21201201201202,0.10197431252558135,17.98675480701695
amplitude_0.5,0.5,-0.2313916852932179,7.025825825825827,1.0,350,spline_s2,0.5,80,7,7.102802802802804,0.3508338851595314,16.34789134599066
amplitude_0.5,0.5,-0.2313916852932179,7.025825825825827,1.0,350,spline_s2,0.5,80,12,41.04964964964966,0.056838659439596796,9.845779007311734
amplitude_0.5,0.5,-0.2313916852932179,7.025825825825827,1.0,350,spline_s2,0.5,81,7,6.7179179179179185,0.431024408307773,28.181177150370956
amplitude_0.5,0.5,-0.2313916852932179,7.025825825825827,1.0,350,spline_s2,0.5,81,12,56.90690690690692,0.12397388063313208,5.603830750699217
amplitude_0.5,0.5,-0.2313916852932179,7.025825825825827,1.0,350,spline_s2,0.5,82,7,7.025825825825827,0.36220897523239487,17.009124392389424
amplitude_0.5,0.5,-0.2313916852932179,7.025825825825827,1.0,350,spline_s2,0.5,82,12,48.67037037037038,0.062385405983203204,12.102958869402016
amplitude_0.5,0.5,-0.2313916852932179,7.025825825825827,1.0,350,spline_s2,0.5,83,7,6.948848848848849,0.4856582522219757,32.43280986632979
amplitude_0.5,0.5,-0.2313916852932179,7.025825825825827,1.0,350,spline_s2,0.5,83,12,54.597597597597606,0.1383249187125009,7.845572956761458
amplitude_0.5,0.5,-0.2313916852932179,7.025825825825827,1.0,350,spline_s2,0.5,84,7,7.025825825825827,0.4462982143119827,25.899898372899713
amplitude_0.5,0.5,-0.2313916852932179,7.025825825825827,1.0,350,spline_s2,0.5,84,12,73.9957957957958,0.05862775733476995,7.376951120512615
amplitude_0.5,0.5,-0.2313916852932179,7.025825825825827,1.0,350,spline_s2,0.5,85,7,7.256756756756758,0.5937549804915673,49.49448477006638
amplitude_0.5,0.5,-0.2313916852932179,7.025825825825827,1.0,350,spline_s2,0.5,85,12,10.951651651651654,0.13166858974369403,7.311550260176546
amplitude_0.5,0.5,-0.2313916852932179,7.025825825825827,1.0,350,spline_s2,0.5,86,7,7.102802802802804,0.43750905743961066,27.644059395665522
amplitude_0.5,0.5,-0.2313916852932179,7.025825825825827,1.0,350,spline_s2,0.5,86,12,7.7955955955955964,0.19562001252434041,8.977177601178937
amplitude_0.5,0.5,-0.2313916852932179,7.025825825825827,1.0,350,spline_s2,0.5,87,7,7.102802802802804,0.5465387205449943,40.45968509182444
amplitude_0.5,0.5,-0.2313916852932179,7.025825825825827,1.0,350,spline_s2,0.5,87,12,26.039139139139145,0.12872940360256976,13.73709936703969
amplitude_0.5,0.5,-0.2313916852932179,7.025825825825827,1.0,350,spline_s2,0.5,88,7,7.102802802802804,0.5268607290442596,37.2364335019177
amplitude_0.5,0.5,-0.2313916852932179,7.025825825825827,1.0,350,spline_s2,0.5,88,12,7.94954954954955,0.14948204777647808,6.446144075457255
amplitude_0.5,0.5,-0.2313916852932179,7.025825825825827,1.0,350,spline_s2,0.5,89,7,7.256756756756758,0.47202398530425504,32.12675268824984
amplitude_0.5,0.5,-0.2313916852932179,7.025825825825827,1.0,350,spline_s2,0.5,89,12,8.026526526526528,0.2041871535227856,11.430313185796194
amplitude_0.5,0.5,-0.2313916852932179,7.025825825825827,1.0,350,spline_s2,0.5,90,7,7.17977977977978,0.4462600634636442,26.946643298498373
amplitude_0.5,0.5,-0.2313916852932179,7.025825825825827,1.0,350,spline_s2,0.5,90,12,32.96706706706707,0.10575268383081235,13.357541083159163
amplitude_0.5,0.5,-0.2313916852932179,7.025825825825827,1.0,350,spline_s2,0.5,91,7,7.17977977977978,0.4185976302194429,24.27570958809315
amplitude_0.5,0.5,-0.2313916852932179,7.025825825825827,1.0,350,spline_s2,0.5,91,12,74.76556556556557,0.10973718307473677,11.508980942783126
amplitude_0.5,0.5,-0.2313916852932179,7.025825825825827,1.0,350,spline_s2,0.5,92,7,7.102802802802804,0.3865280676752574,20.106115614567443
amplitude_0.5,0.5,-0.2313916852932179,7.025825825825827,1.0,350,spline_s2,0.5,92,12,32.81311311311312,0.07831502209196516,10.377667832325614
amplitude_0.5,0.5,-0.2313916852932179,7.025825825825827,1.0,350,spline_s2,0.5,93,7,6.794894894894895,0.5166811368776446,36.61257614422357
amplitude_0.5,0.5,-0.2313916852932179,7.025825825825827,1.0,350,spline_s2,0.5,93,12,35.738238238238246,0.09209710899434419,12.567302126393713
amplitude_0.5,0.5,-0.2313916852932179,7.025825825825827,1.0,350,spline_s2,0.5,94,7,7.17977977977978,0.5300505960690077,37.908912864685135
amplitude_0.5,0.5,-0.2313916852932179,7.025825825825827,1.0,350,spline_s2,0.5,94,12,75.84324324324325,0.0818826170747079,7.9442992570123465
amplitude_0.5,0.5,-0.2313916852932179,7.025825825825827,1.0,350,spline_s2,0.5,95,7,7.025825825825827,0.365279290279024,19.01117584451336
amplitude_0.5,0.5,-0.2313916852932179,7.025825825825827,1.0,350,spline_s2,0.5,95,12,23.114014014014018,0.13882362951144497,6.849722373251296
amplitude_0.5,0.5,-0.2313916852932179,7.025825825825827,1.0,350,spline_s2,0.5,96,7,18.803303303303306,0.3329206759539873,15.629089238107781
amplitude_0.5,0.5,-0.2313916852932179,7.025825825825827,1.0,350,spline_s2,0.5,96,12,63.834834834834844,0.10331135424509862,8.084815866428016
amplitude_0.5,0.5,-0.2313916852932179,7.025825825825827,1.0,350,spline_s2,0.5,97,7,7.256756756756758,0.3518595433061279,18.1336888654414
amplitude_0.5,0.5,-0.2313916852932179,7.025825825825827,1.0,350,spline_s2,0.5,97,12,16.878878878878883,0.14205093668861096,10.757341843803658
amplitude_0.5,0.5,-0.2313916852932179,7.025825825825827,1.0,350,spline_s2,0.5,98,7,7.102802802802804,0.40355928926121487,22.37595819296928
amplitude_0.5,0.5,-0.2313916852932179,7.025825825825827,1.0,350,spline_s2,0.5,98,12,48.67037037037038,0.17106363961280457,8.278013810269272
amplitude_0.5,0.5,-0.2313916852932179,7.025825825825827,1.0,350,spline_s2,0.5,99,7,7.256756756756758,0.3860868851032722,22.427888766586705
amplitude_0.5,0.5,-0.2313916852932179,7.025825825825827,1.0,350,spline_s2,0.5,99,12,44.12872872872874,0.10647223956488577,10.465997585748852
phase_1.3394046415016787,1.0,1.3394046415016787,7.025825825825827,1.0,350,spline_s2,0,0,7,70.53183183183184,0.04515057013988318,7.674798833126573
phase_1.3394046415016787,1.0,1.3394046415016787,7.025825825825827,1.0,350,spline_s2,0,0,12,70.53183183183184,0.05003426694100071,7.741576846523515
phase_1.3394046415016787,1.0,1.3394046415016787,7.025825825825827,1.0,350,spline_s2,0,1,7,25.962162162162166,0.15343389292646645,9.688186341092376
phase_1.3394046415016787,1.0,1.3394046415016787,7.025825825825827,1.0,350,spline_s2,0,1,12,26.11611611611612,0.0032506396027403048,10.643364037097797
phase_1.3394046415016787,1.0,1.3394046415016787,7.025825825825827,1.0,350,spline_s2,0,2,7,56.82992992992994,0.08343740512774636,8.052863744838362
phase_1.3394046415016787,1.0,1.3394046415016787,7.025825825825827,1.0,350,spline_s2,0,2,12,56.82992992992994,0.022366588336894203,7.616153150104822
phase_1.3394046415016787,1.0,1.3394046415016787,7.025825825825827,1.0,350,spline_s2,0,3,7,65.91321321321323,0.05782655626724664,14.376261643530711
phase_1.3394046415016787,1.0,1.3394046415016787,7.025825825825827,1.0,350,spline_s2,0,3,12,65.83623623623625,0.04728042644526411,14.741635770345823
phase_1.3394046415016787,1.0,1.3394046415016787,7.025825825825827,1.0,350,spline_s2,0,4,7,53.98178178178179,0.06679389447704946,5.144854252865969
phase_1.3394046415016787,1.0,1.3394046415016787,7.025825825825827,1.0,350,spline_s2,0,4,12,67.45275275275276,0.06598610174863462,5.139807958849531
phase_1.3394046415016787,1.0,1.3394046415016787,7.025825825825827,1.0,350,spline_s2,0,5,7,66.37507507507509,0.023884935702475293,9.215313510332237
phase_1.3394046415016787,1.0,1.3394046415016787,7.025825825825827,1.0,350,spline_s2,0,5,12,39.97197197197198,0.06476375989195117,9.347333334093037
phase_1.3394046415016787,1.0,1.3394046415016787,7.025825825825827,1.0,350,spline_s2,0,6,7,35.81521521521522,0.12247224246048799,7.7450362376918065
phase_1.3394046415016787,1.0,1.3394046415016787,7.025825825825827,1.0,350,spline_s2,0,6,12,38.817317317317325,0.04633853500806957,8.931360740842592
phase_1.3394046415016787,1.0,1.3394046415016787,7.025825825825827,1.0,350,spline_s2,0,7,7,47.82362362362363,0.07721880158835864,8.725273594948106
phase_1.3394046415016787,1.0,1.3394046415016787,7.025825825825827,1.0,350,spline_s2,0,7,12,47.82362362362363,0.02783131065502578,9.25980790284757
phase_1.3394046415016787,1.0,1.3394046415016787,7.025825825825827,1.0,350,spline_s2,0,8,7,19.188188188188192,0.1380333135524672,13.990629342408113
phase_1.3394046415016787,1.0,1.3394046415016787,7.025825825825827,1.0,350,spline_s2,0,8,12,18.4953953953954,0.022559698516932097,15.863293896125583
phase_1.3394046415016787,1.0,1.3394046415016787,7.025825825825827,1.0,350,spline_s2,0,9,7,19.957957957957962,0.08207248332896191,10.408954895871489
phase_1.3394046415016787,1.0,1.3394046415016787,7.025825825825827,1.0,350,spline_s2,0,9,12,19.880980980980986,0.05333940476098115,11.560434319719036
phase_1.3394046415016787,1.0,1.3394046415016787,7.025825825825827,1.0,350,spline_s2,0,10,7,20.958658658658663,0.11946344975530766,18.225187767144178
phase_1.3394046415016787,1.0,1.3394046415016787,7.025825825825827,1.0,350,spline_s2,0,10,12,20.881681681681684,0.046882874645441996,16.07829881886647
phase_1.3394046415016787,1.0,1.3394046415016787,7.025825825825827,1.0,350,spline_s2,0,11,7,25.88518518518519,0.08359881057093183,8.985095990798811
phase_1.3394046415016787,1.0,1.3394046415016787,7.025825825825827,1.0,350,spline_s2,0,11,12,25.808208208208214,0.02198990539993644,8.419242804793384
phase_1.3394046415016787,1.0,1.3394046415016787,7.025825825825827,1.0,350,spline_s2,0,12,7,68.68438438438439,0.048118739027690094,8.118567013999098
phase_1.3394046415016787,1.0,1.3394046415016787,7.025825825825827,1.0,350,spline_s2,0,12,12,68.68438438438439,0.02969510177227343,8.286265491417112
phase_1.3394046415016787,1.0,1.3394046415016787,7.025825825825827,1.0,350,spline_s2,0,13,7,18.264464464464467,0.0763431620056292,6.679253201210827
phase_1.3394046415016787,1.0,1.3394046415016787,7.025825825825827,1.0,350,spline_s2,0,13,12,31.73543543543544,0.06190554582263655,6.281854000688867
phase_1.3394046415016787,1.0,1.3394046415016787,7.025825825825827,1.0,350,spline_s2,0,14,7,52.51921921921923,0.060186892005423265,14.051819004657006
phase_1.3394046415016787,1.0,1.3394046415016787,7.025825825825827,1.0,350,spline_s2,0,14,12,52.51921921921923,0.06522143756090483,13.624632996841768
phase_1.3394046415016787,1.0,1.3394046415016787,7.025825825825827,1.0,350,spline_s2,0,15,7,69.83903903903904,0.06699824763915153,10.245186059316552
phase_1.3394046415016787,1.0,1.3394046415016787,7.025825825825827,1.0,350,spline_s2,0,15,12,69.83903903903904,0.05272053270804155,10.468150247479002
phase_1.3394046415016787,1.0,1.3394046415016787,7.025825825825827,1.0,350,spline_s2,0,16,7,64.9894894894895,0.09944398432533666,7.481043299197779
phase_1.3394046415016787,1.0,1.3394046415016787,7.025825825825827,1.0,350,spline_s2,0,16,12,65.14344344344345,0.02751428666097316,7.549178390555198
phase_1.3394046415016787,1.0,1.3394046415016787,7.025825825825827,1.0,350,spline_s2,0,17,7,76.38208208208209,0.04685117065784077,11.284847726622559
phase_1.3394046415016787,1.0,1.3394046415016787,7.025825825825827,1.0,350,spline_s2,0,17,12,76.38208208208209,0.06332390464513507,10.631108678101668
phase_1.3394046415016787,1.0,1.3394046415016787,7.025825825825827,1.0,350,spline_s2,0,18,7,39.51011011011012,0.08117075218225765,14.338775461047987
phase_1.3394046415016787,1.0,1.3394046415016787,7.025825825825827,1.0,350,spline_s2,0,18,12,39.51011011011012,0.06648336380012966,15.862025557626623
phase_1.3394046415016787,1.0,1.3394046415016787,7.025825825825827,1.0,350,spline_s2,0,19,7,75.61231231231231,0.10439349146546861,8.37131943616555
phase_1.3394046415016787,1.0,1.3394046415016787,7.025825825825827,1.0,350,spline_s2,0,19,12,75.61231231231231,0.07283578559131156,8.54065659913482
phase_1.3394046415016787,1.0,1.3394046415016787,7.025825825825827,1.0,350,spline_s2,0,20,7,34.35265265265266,0.10663323744999754,16.79609962577888
phase_1.3394046415016787,1.0,1.3394046415016787,7.025825825825827,1.0,350,spline_s2,0,20,12,34.35265265265266,0.0673678471870336,15.450384985766789
phase_1.3394046415016787,1.0,1.3394046415016787,7.025825825825827,1.0,350,spline_s2,0,21,7,74.3037037037037,0.0769740072423766,10.762212669004441
phase_1.3394046415016787,1.0,1.3394046415016787,7.025825825825827,1.0,350,spline_s2,0,21,12,74.3037037037037,0.03720844537930518,11.07569783829905
phase_1.3394046415016787,1.0,1.3394046415016787,7.025825825825827,1.0,350,spline_s2,0,22,7,78.46046046046047,0.1342675405379456,6.3608597948209535
phase_1.3394046415016787,1.0,1.3394046415016787,7.025825825825827,1.0,350,spline_s2,0,22,12,78.46046046046047,0.09579520920241039,6.461352853001699
phase_1.3394046415016787,1.0,1.3394046415016787,7.025825825825827,1.0,350,spline_s2,0,23,7,78.38348348348349,0.10102024011161503,11.793677273227786
phase_1.3394046415016787,1.0,1.3394046415016787,7.025825825825827,1.0,350,spline_s2,0,23,12,78.38348348348349,0.045013972521786925,11.890369331372511
phase_1.3394046415016787,1.0,1.3394046415016787,7.025825825825827,1.0,350,spline_s2,0,24,7,7.025825825825827,0.2500132988922896,9.356962026324936
phase_1.3394046415016787,1.0,1.3394046415016787,7.025825825825827,1.0,350,spline_s2,0,24,12,57.36876876876878,0.06154402466989266,7.735846106339352
phase_1.3394046415016787,1.0,1.3394046415016787,7.025825825825827,1.0,350,spline_s2,0,25,7,58.21551551551553,0.08974464611937623,6.986855274371493
phase_1.3394046415016787,1.0,1.3394046415016787,7.025825825825827,1.0,350,spline_s2,0,25,12,67.83763763763764,0.05857380483227509,6.688307592449718
phase_1.3394046415016787,1.0,1.3394046415016787,7.025825825825827,1.0,350,spline_s2,0,26,7,52.44224224224225,0.055752533287570266,9.544379229057995
phase_1.3394046415016787,1.0,1.3394046415016787,7.025825825825827,1.0,350,spline_s2,0,26,12,52.44224224224225,0.022928800710476465,9.994716900094971
phase_1.3394046415016787,1.0,1.3394046415016787,7.025825825825827,1.0,350,spline_s2,0,27,7,53.82782782782784,0.08383459116448999,8.23355663987195
phase_1.3394046415016787,1.0,1.3394046415016787,7.025825825825827,1.0,350,spline_s2,0,27,12,35.35335335335336,0.042680861025823025,7.652849563359268
phase_1.3394046415016787,1.0,1.3394046415016787,7.025825825825827,1.0,350,spline_s2,0,28,7,29.041241241241245,0.05311013982901794,11.446379064804887
phase_1.3394046415016787,1.0,1.3394046415016787,7.025825825825827,1.0,350,spline_s2,0,28,12,29.041241241241245,0.03856409599357203,10.748596805062334
phase_1.3394046415016787,1.0,1.3394046415016787,7.025825825825827,1.0,350,spline_s2,0,29,7,54.21271271271272,0.07687977917671117,10.64912872687131
phase_1.3394046415016787,1.0,1.3394046415016787,7.025825825825827,1.0,350,spline_s2,0,29,12,54.21271271271272,0.02561943690434984,11.039921279967643
phase_1.3394046415016787,1.0,1.3394046415016787,7.025825825825827,1.0,350,spline_s2,0,30,7,75.61231231231231,0.0655946552757395,12.514074650323039
phase_1.3394046415016787,1.0,1.3394046415016787,7.025825825825827,1.0,350,spline_s2,0,30,12,75.61231231231231,0.01799883985597296,12.554560754032934
phase_1.3394046415016787,1.0,1.3394046415016787,7.025825825825827,1.0,350,spline_s2,0,31,7,74.45765765765766,0.1524026160196268,7.150865504014206
phase_1.3394046415016787,1.0,1.3394046415016787,7.025825825825827,1.0,350,spline_s2,0,31,12,74.45765765765766,0.04395417198109673,7.273897911347802
phase_1.3394046415016787,1.0,1.3394046415016787,7.025825825825827,1.0,350,spline_s2,0,32,7,42.8970970970971,0.028257654088209024,9.871147222202069
phase_1.3394046415016787,1.0,1.3394046415016787,7.025825825825827,1.0,350,spline_s2,0,32,12,42.8970970970971,0.04914964593772886,9.725990739171152
phase_1.3394046415016787,1.0,1.3394046415016787,7.025825825825827,1.0,350,spline_s2,0,33,7,23.114014014014018,0.16826853758248694,7.179251266628057
phase_1.3394046415016787,1.0,1.3394046415016787,7.025825825825827,1.0,350,spline_s2,0,33,12,23.190990990990997,0.05499833705990089,9.737818668839566
phase_1.3394046415016787,1.0,1.3394046415016787,7.025825825825827,1.0,350,spline_s2,0,34,7,79.38418418418419,0.07820561549081642,10.69363167476456
phase_1.3394046415016787,1.0,1.3394046415016787,7.025825825825827,1.0,350,spline_s2,0,34,12,79.46116116116117,0.03829012346934029,9.895514850808695
phase_1.3394046415016787,1.0,1.3394046415016787,7.025825825825827,1.0,350,spline_s2,0,35,7,45.66826826826828,0.03780206367963477,8.347898514048723
phase_1.3394046415016787,1.0,1.3394046415016787,7.025825825825827,1.0,350,spline_s2,0,35,12,56.59899899899901,0.02362224644156756,8.127518708353819
phase_1.3394046415016787,1.0,1.3394046415016787,7.025825825825827,1.0,350,spline_s2,0,36,7,17.41771771771772,0.14313867825307466,13.825906489316083
phase_1.3394046415016787,1.0,1.3394046415016787,7.025825825825827,1.0,350,spline_s2,0,36,12,46.05315315315316,0.03574241635010184,10.566877654128348
phase_1.3394046415016787,1.0,1.3394046415016787,7.025825825825827,1.0,350,spline_s2,0,37,7,51.98038038038039,0.06665895704555663,8.739389370613367
phase_1.3394046415016787,1.0,1.3394046415016787,7.025825825825827,1.0,350,spline_s2,0,37,12,51.90340340340341,0.03753547825020892,9.097845626400328
phase_1.3394046415016787,1.0,1.3394046415016787,7.025825825825827,1.0,350,spline_s2,0,38,7,34.12172172172173,0.1472316146277171,7.696677188094327
phase_1.3394046415016787,1.0,1.3394046415016787,7.025825825825827,1.0,350,spline_s2,0,38,12,34.198698698698706,0.06598082129242093,7.63071617259493
phase_1.3394046415016787,1.0,1.3394046415016787,7.025825825825827,1.0,350,spline_s2,0,39,7,74.22672672672672,0.0829998845034867,9.122956174017531
phase_1.3394046415016787,1.0,1.3394046415016787,7.025825825825827,1.0,350,spline_s2,0,39,12,74.14974974974976,0.044144776253641424,8.912675627704402
phase_1.3394046415016787,1.0,1.3394046415016787,7.025825825825827,1.0,350,spline_s2,0,40,7,59.524124124124135,0.06717217293105507,13.215880791581014
phase_1.3394046415016787,1.0,1.3394046415016787,7.025825825825827,1.0,350,spline_s2,0,40,12,59.524124124124135,0.018461594808968064,13.162706148367306
phase_1.3394046415016787,1.0,1.3394046415016787,7.025825825825827,1.0,350,spline_s2,0,41,7,12.953053053053054,0.10342133210446199,7.534338674976709
phase_1.3394046415016787,1.0,1.3394046415016787,7.025825825825827,1.0,350,spline_s2,0,41,12,12.7990990990991,0.02466664277109707,6.882083661686323
phase_1.3394046415016787,1.0,1.3394046415016787,7.025825825825827,1.0,350,spline_s2,0,42,7,64.68158158158158,0.09260399927287996,10.475866934519388
phase_1.3394046415016787,1.0,1.3394046415016787,7.025825825825827,1.0,350,spline_s2,0,42,12,64.68158158158158,0.1476152786370408,10.483180009251726
phase_1.3394046415016787,1.0,1.3394046415016787,7.025825825825827,1.0,350,spline_s2,0,43,7,74.68858858858859,0.1416152189707961,14.729027853844883
phase_1.3394046415016787,1.0,1.3394046415016787,7.025825825825827,1.0,350,spline_s2,0,43,12,74.68858858858859,0.07743645179712322,13.905132092238574
phase_1.3394046415016787,1.0,1.3394046415016787,7.025825825825827,1.0,350,spline_s2,0,44,7,22.498198198198203,0.06424199582248787,8.752911041895544
phase_1.3394046415016787,1.0,1.3394046415016787,7.025825825825827,1.0,350,spline_s2,0,44,12,55.67527527527528,0.08172518996318463,8.667031561634246
phase_1.3394046415016787,1.0,1.3394046415016787,7.025825825825827,1.0,350,spline_s2,0,45,7,48.97827827827829,0.09337050460789084,12.311942940625158
phase_1.3394046415016787,1.0,1.3394046415016787,7.025825825825827,1.0,350,spline_s2,0,45,12,48.90130130130131,0.02113279356887278,12.503423082136862
phase_1.3394046415016787,1.0,1.3394046415016787,7.025825825825827,1.0,350,spline_s2,0,46,7,54.905505505505516,0.09826685616091922,13.334030359607198
phase_1.3394046415016787,1.0,1.3394046415016787,7.025825825825827,1.0,350,spline_s2,0,46,12,54.905505505505516,0.033113558021111905,12.887502122341516
phase_1.3394046415016787,1.0,1.3394046415016787,7.025825825825827,1.0,350,spline_s2,0,47,7,69.76206206206207,0.06759921935494571,8.079418902552163
phase_1.3394046415016787,1.0,1.3394046415016787,7.025825825825827,1.0,350,spline_s2,0,47,12,69.76206206206207,0.07867776542219514,8.43490666596
phase_1.3394046415016787,1.0,1.3394046415016787,7.025825825825827,1.0,350,spline_s2,0,48,7,53.135035035035045,0.09115193421411281,11.64695959541848
phase_1.3394046415016787,1.0,1.3394046415016787,7.025825825825827,1.0,350,spline_s2,0,48,12,53.058058058058066,0.05607229248676171,12.033973775294271
phase_1.3394046415016787,1.0,1.3394046415016787,7.025825825825827,1.0,350,spline_s2,0,49,7,61.67947947947949,0.16775880109448577,11.45570420827903
phase_1.3394046415016787,1.0,1.3394046415016787,7.025825825825827,1.0,350,spline_s2,0,49,12,61.67947947947949,0.016146740481173285,11.820622016118875
phase_1.3394046415016787,1.0,1.3394046415016787,7.025825825825827,1.0,350,spline_s2,0,50,7,25.577277277277283,0.07249973766454494,8.415792501598503
phase_1.3394046415016787,1.0,1.3394046415016787,7.025825825825827,1.0,350,spline_s2,0,50,12,25.65425425425426,0.044902952686944254,7.813456234258467
phase_1.3394046415016787,1.0,1.3394046415016787,7.025825825825827,1.0,350,spline_s2,0,51,7,38.12452452452453,0.013332298573066156,10.59779827373282
phase_1.3394046415016787,1.0,1.3394046415016787,7.025825825825827,1.0,350,spline_s2,0,51,12,38.12452452452453,0.03674817285919017,9.990828110408785
phase_1.3394046415016787,1.0,1.3394046415016787,7.025825825825827,1.0,350,spline_s2,0,52,7,41.819419419419425,0.09595339537868652,8.972233070216987
phase_1.3394046415016787,1.0,1.3394046415016787,7.025825825825827,1.0,350,spline_s2,0,52,12,41.896396396396405,0.06325575502575617,8.816134375792103
phase_1.3394046415016787,1.0,1.3394046415016787,7.025825825825827,1.0,350,spline_s2,0,53,7,56.445045045045056,0.0937379914300699,13.835066290529653
phase_1.3394046415016787,1.0,1.3394046415016787,7.025825825825827,1.0,350,spline_s2,0,53,12,56.445045045045056,0.09565120488346221,14.534642141446966
phase_1.3394046415016787,1.0,1.3394046415016787,7.025825825825827,1.0,350,spline_s2,0,54,7,70.37787787787788,0.04405799893307894,8.470462204049909
phase_1.3394046415016787,1.0,1.3394046415016787,7.025825825825827,1.0,350,spline_s2,0,54,12,70.37787787787788,0.00544175470969176,8.527676762577016
phase_1.3394046415016787,1.0,1.3394046415016787,7.025825825825827,1.0,350,spline_s2,0,55,7,11.182582582582583,0.0706349267502989,10.439272377092152
phase_1.3394046415016787,1.0,1.3394046415016787,7.025825825825827,1.0,350,spline_s2,0,55,12,11.02862862862863,0.0843964784803976,7.804670468550569
phase_1.3394046415016787,1.0,1.3394046415016787,7.025825825825827,1.0,350,spline_s2,0,56,7,67.06786786786788,0.07244262337532907,14.465337669179519
phase_1.3394046415016787,1.0,1.3394046415016787,7.025825825825827,1.0,350,spline_s2,0,56,12,67.06786786786788,0.007912540337517987,14.774662527514295
phase_1.3394046415016787,1.0,1.3394046415016787,7.025825825825827,1.0,350,spline_s2,0,57,7,60.2938938938939,0.039993314367718,11.42587313695654
phase_1.3394046415016787,1.0,1.3394046415016787,7.025825825825827,1.0,350,spline_s2,0,57,12,60.2938938938939,0.053586604626768466,11.37014132639004
phase_1.3394046415016787,1.0,1.3394046415016787,7.025825825825827,1.0,350,spline_s2,0,58,7,68.2994994994995,0.11040694786722094,8.749248521696074
phase_1.3394046415016787,1.0,1.3394046415016787,7.025825825825827,1.0,350,spline_s2,0,58,12,68.37647647647648,0.07084282428080456,9.093425098115603
phase_1.3394046415016787,1.0,1.3394046415016787,7.025825825825827,1.0,350,spline_s2,0,59,7,44.12872872872874,0.07544933755178318,6.512458630546519
phase_1.3394046415016787,1.0,1.3394046415016787,7.025825825825827,1.0,350,spline_s2,0,59,12,44.12872872872874,0.025667462555770654,7.193257152173544
phase_1.3394046415016787,1.0,1.3394046415016787,7.025825825825827,1.0,350,spline_s2,0,60,7,27.116816816816822,0.08528205871390608,5.89115558315396
phase_1.3394046415016787,1.0,1.3394046415016787,7.025825825825827,1.0,350,spline_s2,0,60,12,27.193793793793798,0.03095082223600853,6.7347897414811655
phase_1.3394046415016787,1.0,1.3394046415016787,7.025825825825827,1.0,350,spline_s2,0,61,7,74.68858858858859,0.05903048822748238,8.435363793068348
phase_1.3394046415016787,1.0,1.3394046415016787,7.025825825825827,1.0,350,spline_s2,0,61,12,50.82572572572573,0.05634513886814624,8.585038047852322
phase_1.3394046415016787,1.0,1.3394046415016787,7.025825825825827,1.0,350,spline_s2,0,62,7,21.80540540540541,0.13930446449853073,11.123642647442352
phase_1.3394046415016787,1.0,1.3394046415016787,7.025825825825827,1.0,350,spline_s2,0,62,12,21.959359359359365,0.013348490914750545,10.317550204119584
phase_1.3394046415016787,1.0,1.3394046415016787,7.025825825825827,1.0,350,spline_s2,0,63,7,76.07417417417417,0.12548376349673188,7.819015279464509
phase_1.3394046415016787,1.0,1.3394046415016787,7.025825825825827,1.0,350,spline_s2,0,63,12,69.91601601601602,0.08176844159357699,8.275296295782312
phase_1.3394046415016787,1.0,1.3394046415016787,7.025825825825827,1.0,350,spline_s2,0,64,7,34.12172172172173,0.05013202715499255,7.08381566275375
phase_1.3394046415016787,1.0,1.3394046415016787,7.025825825825827,1.0,350,spline_s2,0,64,12,17.648648648648653,0.024097802264389994,6.996548339337636
phase_1.3394046415016787,1.0,1.3394046415016787,7.025825825825827,1.0,350,spline_s2,0,65,7,58.06156156156157,0.06604684368915982,7.857342816568405
phase_1.3394046415016787,1.0,1.3394046415016787,7.025825825825827,1.0,350,spline_s2,0,65,12,58.13853853853855,0.08392253503135359,7.273935929174286
phase_1.3394046415016787,1.0,1.3394046415016787,7.025825825825827,1.0,350,spline_s2,0,66,7,9.258158158158158,0.2472220213192777,8.302889181590501
phase_1.3394046415016787,1.0,1.3394046415016787,7.025825825825827,1.0,350,spline_s2,0,66,12,46.13013013013014,0.017101485012894078,5.639256183092698
phase_1.3394046415016787,1.0,1.3394046415016787,7.025825825825827,1.0,350,spline_s2,0,67,7,40.8956956956957,0.12435976732235292,13.250681840638379
phase_1.3394046415016787,1.0,1.3394046415016787,7.025825825825827,1.0,350,spline_s2,0,67,12,40.8956956956957,0.04380120830421647,13.436763120684702
phase_1.3394046415016787,1.0,1.3394046415016787,7.025825825825827,1.0,350,spline_s2,0,68,7,64.45065065065066,0.12081330380366201,7.48458371367721
phase_1.3394046415016787,1.0,1.3394046415016787,7.025825825825827,1.0,350,spline_s2,0,68,12,20.188888888888894,0.045869191554649226,8.231613072853548
phase_1.3394046415016787,1.0,1.3394046415016787,7.025825825825827,1.0,350,spline_s2,0,69,7,68.14554554554554,0.05335191355306121,7.5993433796714385
phase_1.3394046415016787,1.0,1.3394046415016787,7.025825825825827,1.0,350,spline_s2,0,69,12,68.06856856856857,0.02769756124544274,7.484660236528555
phase_1.3394046415016787,1.0,1.3394046415016787,7.025825825825827,1.0,350,spline_s2,0,70,7,62.68018018018019,0.156204432673059,10.386837337233885
phase_1.3394046415016787,1.0,1.3394046415016787,7.025825825825827,1.0,350,spline_s2,0,70,12,62.603203203203215,0.06357490515283999,10.073635454718271
phase_1.3394046415016787,1.0,1.3394046415016787,7.025825825825827,1.0,350,spline_s2,0,71,7,70.06996996996997,0.15026607938480757,12.736384631834596
phase_1.3394046415016787,1.0,1.3394046415016787,7.025825825825827,1.0,350,spline_s2,0,71,12,70.06996996996997,0.08744652673659163,11.494070834089314
phase_1.3394046415016787,1.0,1.3394046415016787,7.025825825825827,1.0,350,spline_s2,0,72,7,64.75855855855856,0.14945645200292318,8.12961442271353
phase_1.3394046415016787,1.0,1.3394046415016787,7.025825825825827,1.0,350,spline_s2,0,72,12,64.75855855855856,0.09468206721273408,8.441203909163505
phase_1.3394046415016787,1.0,1.3394046415016787,7.025825825825827,1.0,350,spline_s2,0,73,7,56.98388388388389,0.13429722845686665,10.018885942242548
phase_1.3394046415016787,1.0,1.3394046415016787,7.025825825825827,1.0,350,spline_s2,0,73,12,57.06086086086087,0.04095212842393967,9.793927625650667
phase_1.3394046415016787,1.0,1.3394046415016787,7.025825825825827,1.0,350,spline_s2,0,74,7,54.98248248248249,0.07794783215141836,6.909323563998271
phase_1.3394046415016787,1.0,1.3394046415016787,7.025825825825827,1.0,350,spline_s2,0,74,12,54.98248248248249,0.042152893821611206,7.088640163817416
phase_1.3394046415016787,1.0,1.3394046415016787,7.025825825825827,1.0,350,spline_s2,0,75,7,27.270770770770774,0.14232370217929935,11.132091258315143
phase_1.3394046415016787,1.0,1.3394046415016787,7.025825825825827,1.0,350,spline_s2,0,75,12,27.347747747747754,0.04573256545211884,8.19085445538235
phase_1.3394046415016787,1.0,1.3394046415016787,7.025825825825827,1.0,350,spline_s2,0,76,7,78.15255255255256,0.10747774593546784,10.933743626060078
phase_1.3394046415016787,1.0,1.3394046415016787,7.025825825825827,1.0,350,spline_s2,0,76,12,78.07557557557558,0.02711410730727965,10.735835510722183
phase_1.3394046415016787,1.0,1.3394046415016787,7.025825825825827,1.0,350,spline_s2,0,77,7,36.12312312312313,0.029284747772599904,7.164635110757388
phase_1.3394046415016787,1.0,1.3394046415016787,7.025825825825827,1.0,350,spline_s2,0,77,12,39.20220220220221,0.06437249541564762,6.947726440720629
phase_1.3394046415016787,1.0,1.3394046415016787,7.025825825825827,1.0,350,spline_s2,0,78,7,7.641641641641643,0.18295039631187898,9.555819386657504
phase_1.3394046415016787,1.0,1.3394046415016787,7.025825825825827,1.0,350,spline_s2,0,78,12,12.7990990990991,0.09511012276559998,7.158650005252412
phase_1.3394046415016787,1.0,1.3394046415016787,7.025825825825827,1.0,350,spline_s2,0,79,7,39.66406406406407,0.061626016882468326,10.665396256994086
phase_1.3394046415016787,1.0,1.3394046415016787,7.025825825825827,1.0,350,spline_s2,0,79,12,39.66406406406407,0.04313979987790345,8.921095053012266
phase_1.3394046415016787,1.0,1.3394046415016787,7.025825825825827,1.0,350,spline_s2,0,80,7,75.53533533533535,0.02157149099033559,14.815872957640153
phase_1.3394046415016787,1.0,1.3394046415016787,7.025825825825827,1.0,350,spline_s2,0,80,12,75.53533533533535,0.04631199655357389,13.713865273203538
phase_1.3394046415016787,1.0,1.3394046415016787,7.025825825825827,1.0,350,spline_s2,0,81,7,37.046846846846854,0.137878329618156,9.50190322096455
phase_1.3394046415016787,1.0,1.3394046415016787,7.025825825825827,1.0,350,spline_s2,0,81,12,36.8928928928929,0.02067773979687821,9.596562087993902
phase_1.3394046415016787,1.0,1.3394046415016787,7.025825825825827,1.0,350,spline_s2,0,82,7,43.20500500500501,0.05893688213803618,11.003001885404387
phase_1.3394046415016787,1.0,1.3394046415016787,7.025825825825827,1.0,350,spline_s2,0,82,12,43.20500500500501,0.06303535295042262,10.530460953344289
phase_1.3394046415016787,1.0,1.3394046415016787,7.025825825825827,1.0,350,spline_s2,0,83,7,49.748048048048055,0.06297321183766741,7.44535584425995
phase_1.3394046415016787,1.0,1.3394046415016787,7.025825825825827,1.0,350,spline_s2,0,83,12,75.15045045045045,0.017964103031526388,7.085200951212272
phase_1.3394046415016787,1.0,1.3394046415016787,7.025825825825827,1.0,350,spline_s2,0,84,7,54.366666666666674,0.1912633358718538,8.53868740917676
phase_1.3394046415016787,1.0,1.3394046415016787,7.025825825825827,1.0,350,spline_s2,0,84,12,54.443643643643654,0.09237999591443895,8.69253648818966
phase_1.3394046415016787,1.0,1.3394046415016787,7.025825825825827,1.0,350,spline_s2,0,85,7,54.05875875875877,0.018752319973107112,9.834687888381211
phase_1.3394046415016787,1.0,1.3394046415016787,7.025825825825827,1.0,350,spline_s2,0,85,12,54.05875875875877,0.09613699541200618,9.067278179312979
phase_1.3394046415016787,1.0,1.3394046415016787,7.025825825825827,1.0,350,spline_s2,0,86,7,68.37647647647648,0.09763885961044223,7.861018558621822
phase_1.3394046415016787,1.0,1.3394046415016787,7.025825825825827,1.0,350,spline_s2,0,86,12,68.37647647647648,0.08079686202562186,7.4151781513565425
phase_1.3394046415016787,1.0,1.3394046415016787,7.025825825825827,1.0,350,spline_s2,0,87,7,39.58708708708709,0.10335738486204467,17.77928703289382
phase_1.3394046415016787,1.0,1.3394046415016787,7.025825825825827,1.0,350,spline_s2,0,87,12,39.66406406406407,0.07061667288325196,18.714624288532974
phase_1.3394046415016787,1.0,1.3394046415016787,7.025825825825827,1.0,350,spline_s2,0,88,7,67.06786786786788,0.1111534191428634,11.664850365695486
phase_1.3394046415016787,1.0,1.3394046415016787,7.025825825825827,1.0,350,spline_s2,0,88,12,67.06786786786788,0.08765039497677399,11.470972792049452
phase_1.3394046415016787,1.0,1.3394046415016787,7.025825825825827,1.0,350,spline_s2,0,89,7,55.05945945945947,0.040041300484915755,9.43317684855117
phase_1.3394046415016787,1.0,1.3394046415016787,7.025825825825827,1.0,350,spline_s2,0,89,12,54.82852852852854,0.011493196490049717,9.219163606676716
phase_1.3394046415016787,1.0,1.3394046415016787,7.025825825825827,1.0,350,spline_s2,0,90,7,37.046846846846854,0.09535509791395722,12.591352236398336
phase_1.3394046415016787,1.0,1.3394046415016787,7.025825825825827,1.0,350,spline_s2,0,90,12,36.969869869869875,0.07902150530904796,13.529175082601512
phase_1.3394046415016787,1.0,1.3394046415016787,7.025825825825827,1.0,350,spline_s2,0,91,7,30.349849849849853,0.08207395444288788,8.851121632399156
phase_1.3394046415016787,1.0,1.3394046415016787,7.025825825825827,1.0,350,spline_s2,0,91,12,30.272872872872878,0.04894773331425264,9.396549563001372
phase_1.3394046415016787,1.0,1.3394046415016787,7.025825825825827,1.0,350,spline_s2,0,92,7,71.3016016016016,0.15840912101638857,7.878808189527518
phase_1.3394046415016787,1.0,1.3394046415016787,7.025825825825827,1.0,350,spline_s2,0,92,12,71.37857857857858,0.036263806202084595,8.633028262281982
phase_1.3394046415016787,1.0,1.3394046415016787,7.025825825825827,1.0,350,spline_s2,0,93,7,28.96426426426427,0.11032589931751066,8.837478173886495
phase_1.3394046415016787,1.0,1.3394046415016787,7.025825825825827,1.0,350,spline_s2,0,93,12,29.118218218218225,0.05917516520547513,7.876262522807963
phase_1.3394046415016787,1.0,1.3394046415016787,7.025825825825827,1.0,350,spline_s2,0,94,7,48.36246246246247,0.16664956661794245,8.452756262440374
phase_1.3394046415016787,1.0,1.3394046415016787,7.025825825825827,1.0,350,spline_s2,0,94,12,48.36246246246247,0.050177892349686885,8.5451888011238
phase_1.3394046415016787,1.0,1.3394046415016787,7.025825825825827,1.0,350,spline_s2,0,95,7,9.258158158158158,0.04568817236784296,7.322019932695866
phase_1.3394046415016787,1.0,1.3394046415016787,7.025825825825827,1.0,350,spline_s2,0,95,12,16.18608608608609,0.0635515976036246,5.473537307119017
phase_1.3394046415016787,1.0,1.3394046415016787,7.025825825825827,1.0,350,spline_s2,0,96,7,24.57657657657658,0.03726843423987381,13.953649560854672
phase_1.3394046415016787,1.0,1.3394046415016787,7.025825825825827,1.0,350,spline_s2,0,96,12,40.81871871871873,0.061258856666728916,12.384519239267718
phase_1.3394046415016787,1.0,1.3394046415016787,7.025825825825827,1.0,350,spline_s2,0,97,7,36.04614614614615,0.20905265467297507,13.836455268568841
phase_1.3394046415016787,1.0,1.3394046415016787,7.025825825825827,1.0,350,spline_s2,0,97,12,35.81521521521522,0.1322650313808423,13.624420554936819
phase_1.3394046415016787,1.0,1.3394046415016787,7.025825825825827,1.0,350,spline_s2,0,98,7,70.76276276276276,0.08690392036932454,8.014945524261947
phase_1.3394046415016787,1.0,1.3394046415016787,7.025825825825827,1.0,350,spline_s2,0,98,12,70.76276276276276,0.0261834339121736,7.526657223241784
phase_1.3394046415016787,1.0,1.3394046415016787,7.025825825825827,1.0,350,spline_s2,0,99,7,78.99929929929931,0.12396641494111185,9.416039092317817
phase_1.3394046415016787,1.0,1.3394046415016787,7.025825825825827,1.0,350,spline_s2,0,99,12,78.99929929929931,0.021501186713736246,8.756515970512623
phase_1.3394046415016787,1.0,1.3394046415016787,7.025825825825827,1.0,350,spline_s2,1.0,0,7,6.794894894894895,0.5880141964586867,54.00454534900854
phase_1.3394046415016787,1.0,1.3394046415016787,7.025825825825827,1.0,350,spline_s2,1.0,0,12,7.872572572572574,0.2312286079275608,13.935176684562407
phase_1.3394046415016787,1.0,1.3394046415016787,7.025825825825827,1.0,350,spline_s2,1.0,1,7,7.4107107107107115,0.7640912934557581,98.14343001538793
phase_1.3394046415016787,1.0,1.3394046415016787,7.025825825825827,1.0,350,spline_s2,1.0,1,12,7.872572572572574,0.3913650045031519,44.53165171217847
phase_1.3394046415016787,1.0,1.3394046415016787,7.025825825825827,1.0,350,spline_s2,1.0,2,7,7.333733733733734,0.523994075828201,43.63590149342309
phase_1.3394046415016787,1.0,1.3394046415016787,7.025825825825827,1.0,350,spline_s2,1.0,2,12,7.94954954954955,0.28620191601994716,23.978227736541612
phase_1.3394046415016787,1.0,1.3394046415016787,7.025825825825827,1.0,350,spline_s2,1.0,3,7,7.4107107107107115,0.5858640294575853,57.22145571105278
phase_1.3394046415016787,1.0,1.3394046415016787,7.025825825825827,1.0,350,spline_s2,1.0,3,12,8.103503503503504,0.2719547339302663,28.449165901698507
phase_1.3394046415016787,1.0,1.3394046415016787,7.025825825825827,1.0,350,spline_s2,1.0,4,7,7.4107107107107115,0.6082110489491972,61.672017013119955
phase_1.3394046415016787,1.0,1.3394046415016787,7.025825825825827,1.0,350,spline_s2,1.0,4,12,7.872572572572574,0.36406521337304054,36.83420243649044
phase_1.3394046415016787,1.0,1.3394046415016787,7.025825825825827,1.0,350,spline_s2,1.0,5,7,7.4107107107107115,0.6348378510944497,68.72867951799455
phase_1.3394046415016787,1.0,1.3394046415016787,7.025825825825827,1.0,350,spline_s2,1.0,5,12,7.872572572572574,0.3268800017238465,28.597645309395233
phase_1.3394046415016787,1.0,1.3394046415016787,7.025825825825827,1.0,350,spline_s2,1.0,6,7,7.256756756756758,0.7449716786277782,85.52025689847653
phase_1.3394046415016787,1.0,1.3394046415016787,7.025825825825827,1.0,350,spline_s2,1.0,6,12,8.026526526526528,0.27823520941008906,26.921932428082755
phase_1.3394046415016787,1.0,1.3394046415016787,7.025825825825827,1.0,350,spline_s2,1.0,7,7,7.256756756756758,0.7416974907991009,86.47659059479633
phase_1.3394046415016787,1.0,1.3394046415016787,7.025825825825827,1.0,350,spline_s2,1.0,7,12,7.718618618618619,0.31209873061509014,23.441471141988416
phase_1.3394046415016787,1.0,1.3394046415016787,7.025825825825827,1.0,350,spline_s2,1.0,8,7,7.102802802802804,0.6925882618036541,72.79889203908385
phase_1.3394046415016787,1.0,1.3394046415016787,7.025825825825827,1.0,350,spline_s2,1.0,8,12,7.94954954954955,0.2977091433398157,31.35820789995944
phase_1.3394046415016787,1.0,1.3394046415016787,7.025825825825827,1.0,350,spline_s2,1.0,9,7,7.4107107107107115,0.6290995237633641,65.7708126793388
phase_1.3394046415016787,1.0,1.3394046415016787,7.025825825825827,1.0,350,spline_s2,1.0,9,12,7.872572572572574,0.31247671266085103,28.236443696366052
phase_1.3394046415016787,1.0,1.3394046415016787,7.025825825825827,1.0,350,spline_s2,1.0,10,7,7.256756756756758,0.6439765162473434,63.88050789841458
phase_1.3394046415016787,1.0,1.3394046415016787,7.025825825825827,1.0,350,spline_s2,1.0,10,12,7.7955955955955964,0.2791470518889513,19.337381211986013
phase_1.3394046415016787,1.0,1.3394046415016787,7.025825825825827,1.0,350,spline_s2,1.0,11,7,7.4107107107107115,0.664103759645485,74.29682262738277
phase_1.3394046415016787,1.0,1.3394046415016787,7.025825825825827,1.0,350,spline_s2,1.0,11,12,7.94954954954955,0.33772273651002654,34.77635864519698
phase_1.3394046415016787,1.0,1.3394046415016787,7.025825825825827,1.0,350,spline_s2,1.0,12,7,7.333733733733734,0.700123988666855,78.95320597947216
phase_1.3394046415016787,1.0,1.3394046415016787,7.025825825825827,1.0,350,spline_s2,1.0,12,12,7.94954954954955,0.3378205009841793,35.99670029121654
phase_1.3394046415016787,1.0,1.3394046415016787,7.025825825825827,1.0,350,spline_s2,1.0,13,7,7.256756756756758,0.7198438750063404,79.46690189677128
phase_1.3394046415016787,1.0,1.3394046415016787,7.025825825825827,1.0,350,spline_s2,1.0,13,12,7.872572572572574,0.3226157874516249,29.500452462308488
phase_1.3394046415016787,1.0,1.3394046415016787,7.025825825825827,1.0,350,spline_s2,1.0,14,7,7.256756756756758,0.5660736991757938,49.94172259736581
phase_1.3394046415016787,1.0,1.3394046415016787,7.025825825825827,1.0,350,spline_s2,1.0,14,12,8.026526526526528,0.24099555490866287,21.286173575952432
phase_1.3394046415016787,1.0,1.3394046415016787,7.025825825825827,1.0,350,spline_s2,1.0,15,7,6.948848848848849,0.5488747759798249,45.094119255655755
phase_1.3394046415016787,1.0,1.3394046415016787,7.025825825825827,1.0,350,spline_s2,1.0,15,12,8.026526526526528,0.2114872347214784,16.025012011215324
phase_1.3394046415016787,1.0,1.3394046415016787,7.025825825825827,1.0,350,spline_s2,1.0,16,7,7.4107107107107115,0.6225111904475835,66.32730861584196
phase_1.3394046415016787,1.0,1.3394046415016787,7.025825825825827,1.0,350,spline_s2,1.0,16,12,8.026526526526528,0.2894345361575825,28.72473517804974
phase_1.3394046415016787,1.0,1.3394046415016787,7.025825825825827,1.0,350,spline_s2,1.0,17,7,7.256756756756758,0.6112665308104134,59.58812505037503
phase_1.3394046415016787,1.0,1.3394046415016787,7.025825825825827,1.0,350,spline_s2,1.0,17,12,7.872572572572574,0.2395903930707729,14.892359833721741
phase_1.3394046415016787,1.0,1.3394046415016787,7.025825825825827,1.0,350,spline_s2,1.0,18,7,7.333733733733734,0.775954004129655,99.38596901830329
phase_1.3394046415016787,1.0,1.3394046415016787,7.025825825825827,1.0,350,spline_s2,1.0,18,12,7.7955955955955964,0.36708420628224026,36.602534733536174
phase_1.3394046415016787,1.0,1.3394046415016787,7.025825825825827,1.0,350,spline_s2,1.0,19,7,7.333733733733734,0.6491701584955759,69.54344219209429
phase_1.3394046415016787,1.0,1.3394046415016787,7.025825825825827,1.0,350,spline_s2,1.0,19,12,7.7955955955955964,0.3292647331326386,27.74582061636596
phase_1.3394046415016787,1.0,1.3394046415016787,7.025825825825827,1.0,350,spline_s2,1.0,20,7,7.256756756756758,0.715125445818783,79.64111557412235
phase_1.3394046415016787,1.0,1.3394046415016787,7.025825825825827,1.0,350,spline_s2,1.0,20,12,7.7955955955955964,0.34654038195035247,32.91373727753438
phase_1.3394046415016787,1.0,1.3394046415016787,7.025825825825827,1.0,350,spline_s2,1.0,21,7,7.025825825825827,0.5257040344435462,41.44779322999432
phase_1.3394046415016787,1.0,1.3394046415016787,7.025825825825827,1.0,350,spline_s2,1.0,21,12,7.7955955955955964,0.19907702945620342,10.708179022715171
phase_1.3394046415016787,1.0,1.3394046415016787,7.025825825825827,1.0,350,spline_s2,1.0,22,7,7.256756756756758,0.6166114863510455,59.284745184281064
phase_1.3394046415016787,1.0,1.3394046415016787,7.025825825825827,1.0,350,spline_s2,1.0,22,12,7.872572572572574,0.27412474709764395,20.943414025748382
phase_1.3394046415016787,1.0,1.3394046415016787,7.025825825825827,1.0,350,spline_s2,1.0,23,7,7.256756756756758,0.5625942598727772,49.7347388599282
phase_1.3394046415016787,1.0,1.3394046415016787,7.025825825825827,1.0,350,spline_s2,1.0,23,12,7.872572572572574,0.30864693876568583,26.243283180623052
phase_1.3394046415016787,1.0,1.3394046415016787,7.025825825825827,1.0,350,spline_s2,1.0,24,7,7.256756756756758,0.6271253568282512,61.27409901753822
phase_1.3394046415016787,1.0,1.3394046415016787,7.025825825825827,1.0,350,spline_s2,1.0,24,12,8.026526526526528,0.2770032505526245,26.38896198515846
phase_1.3394046415016787,1.0,1.3394046415016787,7.025825825825827,1.0,350,spline_s2,1.0,25,7,7.4107107107107115,0.528434759334708,44.71485042285974
phase_1.3394046415016787,1.0,1.3394046415016787,7.025825825825827,1.0,350,spline_s2,1.0,25,12,7.872572572572574,0.3232307043103908,29.401201232701908
phase_1.3394046415016787,1.0,1.3394046415016787,7.025825825825827,1.0,350,spline_s2,1.0,26,7,7.17977977977978,0.5978811265915629,55.42307129356732
phase_1.3394046415016787,1.0,1.3394046415016787,7.025825825825827,1.0,350,spline_s2,1.0,26,12,7.94954954954955,0.2121055331055787,15.71513360161913
phase_1.3394046415016787,1.0,1.3394046415016787,7.025825825825827,1.0,350,spline_s2,1.0,27,7,7.17977977977978,0.611681640293061,57.16354245120152
phase_1.3394046415016787,1.0,1.3394046415016787,7.025825825825827,1.0,350,spline_s2,1.0,27,12,7.7955955955955964,0.24229767102473548,15.063191054106255
phase_1.3394046415016787,1.0,1.3394046415016787,7.025825825825827,1.0,350,spline_s2,1.0,28,7,7.256756756756758,0.6859445351904317,73.50099474340107
phase_1.3394046415016787,1.0,1.3394046415016787,7.025825825825827,1.0,350,spline_s2,1.0,28,12,7.872572572572574,0.35078184710133287,36.17166498930118
phase_1.3394046415016787,1.0,1.3394046415016787,7.025825825825827,1.0,350,spline_s2,1.0,29,7,7.17977977977978,0.6616407172579897,66.8976670519171
phase_1.3394046415016787,1.0,1.3394046415016787,7.025825825825827,1.0,350,spline_s2,1.0,29,12,7.7955955955955964,0.2893067244805584,21.905989005978824
phase_1.3394046415016787,1.0,1.3394046415016787,7.025825825825827,1.0,350,spline_s2,1.0,30,7,7.256756756756758,0.7725118348702974,94.28872847681038
phase_1.3394046415016787,1.0,1.3394046415016787,7.025825825825827,1.0,350,spline_s2,1.0,30,12,7.872572572572574,0.32895060087043576,32.641146990390666
phase_1.3394046415016787,1.0,1.3394046415016787,7.025825825825827,1.0,350,spline_s2,1.0,31,7,7.256756756756758,0.6672714415656936,70.66543006602984
phase_1.3394046415016787,1.0,1.3394046415016787,7.025825825825827,1.0,350,spline_s2,1.0,31,12,7.872572572572574,0.31080877417764974,29.567848699781223
phase_1.3394046415016787,1.0,1.3394046415016787,7.025825825825827,1.0,350,spline_s2,1.0,32,7,7.17977977977978,0.6635340990741265,65.81197973006613
phase_1.3394046415016787,1.0,1.3394046415016787,7.025825825825827,1.0,350,spline_s2,1.0,32,12,7.7955955955955964,0.2655952482955787,20.34071783209862
phase_1.3394046415016787,1.0,1.3394046415016787,7.025825825825827,1.0,350,spline_s2,1.0,33,7,7.4107107107107115,0.6409004201355093,68.89917640410943
phase_1.3394046415016787,1.0,1.3394046415016787,7.025825825825827,1.0,350,spline_s2,1.0,33,12,7.94954954954955,0.2933964368930307,26.407521286140252
phase_1.3394046415016787,1.0,1.3394046415016787,7.025825825825827,1.0,350,spline_s2,1.0,34,7,7.333733733733734,0.7545198685625067,89.17748399165316
phase_1.3394046415016787,1.0,1.3394046415016787,7.025825825825827,1.0,350,spline_s2,1.0,34,12,7.94954954954955,0.36793574410883284,42.09425043364655
phase_1.3394046415016787,1.0,1.3394046415016787,7.025825825825827,1.0,350,spline_s2,1.0,35,7,7.4107107107107115,0.535064970689633,48.222174476012356
phase_1.3394046415016787,1.0,1.3394046415016787,7.025825825825827,1.0,350,spline_s2,1.0,35,12,7.7955955955955964,0.270917970791317,19.509657099765434
phase_1.3394046415016787,1.0,1.3394046415016787,7.025825825825827,1.0,350,spline_s2,1.0,36,7,7.17977977977978,0.6052212266107757,56.81690199703479
phase_1.3394046415016787,1.0,1.3394046415016787,7.025825825825827,1.0,350,spline_s2,1.0,36,12,7.94954954954955,0.24620071081245049,20.020943742276586
phase_1.3394046415016787,1.0,1.3394046415016787,7.025825825825827,1.0,350,spline_s2,1.0,37,7,7.564664664664665,0.5418654267004035,55.30074632623695
phase_1.3394046415016787,1.0,1.3394046415016787,7.025825825825827,1.0,350,spline_s2,1.0,37,12,8.026526526526528,0.2760795125979606,26.224700141017877
phase_1.3394046415016787,1.0,1.3394046415016787,7.025825825825827,1.0,350,spline_s2,1.0,38,7,7.333733733733734,0.753797309899673,92.54602476466283
phase_1.3394046415016787,1.0,1.3394046415016787,7.025825825825827,1.0,350,spline_s2,1.0,38,12,7.872572572572574,0.39141889655850637,44.71689787732822
phase_1.3394046415016787,1.0,1.3394046415016787,7.025825825825827,1.0,350,spline_s2,1.0,39,7,7.17977977977978,0.6853095743077965,70.89142860228202
phase_1.3394046415016787,1.0,1.3394046415016787,7.025825825825827,1.0,350,spline_s2,1.0,39,12,7.94954954954955,0.30891589064738667,31.870773870316043
phase_1.3394046415016787,1.0,1.3394046415016787,7.025825825825827,1.0,350,spline_s2,1.0,40,7,7.256756756756758,0.5374139535276091,44.37091560183035
phase_1.3394046415016787,1.0,1.3394046415016787,7.025825825825827,1.0,350,spline_s2,1.0,40,12,7.872572572572574,0.26048749562466617,19.401604693737966
phase_1.3394046415016787,1.0,1.3394046415016787,7.025825825825827,1.0,350,spline_s2,1.0,41,7,7.256756756756758,0.526375510538276,42.572332761480254
phase_1.3394046415016787,1.0,1.3394046415016787,7.025825825825827,1.0,350,spline_s2,1.0,41,12,8.026526526526528,0.23561036063340401,20.354865762735415
phase_1.3394046415016787,1.0,1.3394046415016787,7.025825825825827,1.0,350,spline_s2,1.0,42,7,7.256756756756758,0.6589159702352033,68.03344792956591
phase_1.3394046415016787,1.0,1.3394046415016787,7.025825825825827,1.0,350,spline_s2,1.0,42,12,7.872572572572574,0.3225323887052126,29.21720345237935
phase_1.3394046415016787,1.0,1.3394046415016787,7.025825825825827,1.0,350,spline_s2,1.0,43,7,7.256756756756758,0.607389296826132,57.34465233691736
phase_1.3394046415016787,1.0,1.3394046415016787,7.025825825825827,1.0,350,spline_s2,1.0,43,12,7.94954954954955,0.270514615548653,24.130321334309826
phase_1.3394046415016787,1.0,1.3394046415016787,7.025825825825827,1.0,350,spline_s2,1.0,44,7,7.17977977977978,0.7134275540957076,78.72451407685253
phase_1.3394046415016787,1.0,1.3394046415016787,7.025825825825827,1.0,350,spline_s2,1.0,44,12,8.026526526526528,0.28349213181613764,28.14394091363286
phase_1.3394046415016787,1.0,1.3394046415016787,7.025825825825827,1.0,350,spline_s2,1.0,45,7,7.025825825825827,0.5962336928950734,54.58250284049288
phase_1.3394046415016787,1.0,1.3394046415016787,7.025825825825827,1.0,350,spline_s2,1.0,45,12,7.872572572572574,0.25756632407303603,17.967104710998598
phase_1.3394046415016787,1.0,1.3394046415016787,7.025825825825827,1.0,350,spline_s2,1.0,46,7,7.333733733733734,0.7124169180952735,81.82681187994882
phase_1.3394046415016787,1.0,1.3394046415016787,7.025825825825827,1.0,350,spline_s2,1.0,46,12,7.7955955955955964,0.3301910468253372,29.44858762170071
phase_1.3394046415016787,1.0,1.3394046415016787,7.025825825825827,1.0,350,spline_s2,1.0,47,7,7.256756756756758,0.580028999214807,52.6065351253352
phase_1.3394046415016787,1.0,1.3394046415016787,7.025825825825827,1.0,350,spline_s2,1.0,47,12,7.94954954954955,0.25552520259209316,22.102500833041404
phase_1.3394046415016787,1.0,1.3394046415016787,7.025825825825827,1.0,350,spline_s2,1.0,48,7,7.4107107107107115,0.7375744448041545,88.89276946518521
phase_1.3394046415016787,1.0,1.3394046415016787,7.025825825825827,1.0,350,spline_s2,1.0,48,12,7.94954954954955,0.40025688583008245,48.09680886062205
phase_1.3394046415016787,1.0,1.3394046415016787,7.025825825825827,1.0,350,spline_s2,1.0,49,7,7.102802802802804,0.6667992099542749,67.71754611930652
phase_1.3394046415016787,1.0,1.3394046415016787,7.025825825825827,1.0,350,spline_s2,1.0,49,12,7.872572572572574,0.2764081356200025,20.701023084376686
phase_1.3394046415016787,1.0,1.3394046415016787,7.025825825825827,1.0,350,spline_s2,1.0,50,7,7.102802802802804,0.6086836617417605,55.13013526998742
phase_1.3394046415016787,1.0,1.3394046415016787,7.025825825825827,1.0,350,spline_s2,1.0,50,12,8.026526526526528,0.19952277260286888,13.47784418427915
phase_1.3394046415016787,1.0,1.3394046415016787,7.025825825825827,1.0,350,spline_s2,1.0,51,7,7.256756756756758,0.7695919567502383,93.4643894891675
phase_1.3394046415016787,1.0,1.3394046415016787,7.025825825825827,1.0,350,spline_s2,1.0,51,12,7.872572572572574,0.38381293697672775,44.347758811701226
phase_1.3394046415016787,1.0,1.3394046415016787,7.025825825825827,1.0,350,spline_s2,1.0,52,7,7.333733733733734,0.6114467917303671,60.82477540285919
phase_1.3394046415016787,1.0,1.3394046415016787,7.025825825825827,1.0,350,spline_s2,1.0,52,12,7.872572572572574,0.32502332002226086,29.192908473698083
phase_1.3394046415016787,1.0,1.3394046415016787,7.025825825825827,1.0,350,spline_s2,1.0,53,7,7.17977977977978,0.5507917344472926,45.721704004505
phase_1.3394046415016787,1.0,1.3394046415016787,7.025825825825827,1.0,350,spline_s2,1.0,53,12,8.026526526526528,0.21775260178897782,16.29516967661732
phase_1.3394046415016787,1.0,1.3394046415016787,7.025825825825827,1.0,350,spline_s2,1.0,54,7,7.256756756756758,0.7395164168983354,86.45672108084176
phase_1.3394046415016787,1.0,1.3394046415016787,7.025825825825827,1.0,350,spline_s2,1.0,54,12,7.7955955955955964,0.37633640034712723,36.365348420087116
phase_1.3394046415016787,1.0,1.3394046415016787,7.025825825825827,1.0,350,spline_s2,1.0,55,7,7.333733733733734,0.7474651158248777,90.43241591716043
phase_1.3394046415016787,1.0,1.3394046415016787,7.025825825825827,1.0,350,spline_s2,1.0,55,12,7.7955955955955964,0.37042224056388207,35.1722736418601
phase_1.3394046415016787,1.0,1.3394046415016787,7.025825825825827,1.0,350,spline_s2,1.0,56,7,7.025825825825827,0.5713136315925028,49.15271400546152
phase_1.3394046415016787,1.0,1.3394046415016787,7.025825825825827,1.0,350,spline_s2,1.0,56,12,7.872572572572574,0.242010412512831,16.980314142228735
phase_1.3394046415016787,1.0,1.3394046415016787,7.025825825825827,1.0,350,spline_s2,1.0,57,7,7.256756756756758,0.8021257267901839,97.75213491895721
phase_1.3394046415016787,1.0,1.3394046415016787,7.025825825825827,1.0,350,spline_s2,1.0,57,12,7.94954954954955,0.3137884034302012,31.364417273847835
phase_1.3394046415016787,1.0,1.3394046415016787,7.025825825825827,1.0,350,spline_s2,1.0,58,7,7.333733733733734,0.6854895249658788,74.84183625654418
phase_1.3394046415016787,1.0,1.3394046415016787,7.025825825825827,1.0,350,spline_s2,1.0,58,12,7.94954954954955,0.31752756843376884,30.077220980948596
phase_1.3394046415016787,1.0,1.3394046415016787,7.025825825825827,1.0,350,spline_s2,1.0,59,7,7.333733733733734,0.616230586733705,59.00604900745168
phase_1.3394046415016787,1.0,1.3394046415016787,7.025825825825827,1.0,350,spline_s2,1.0,59,12,8.026526526526528,0.24245741402394178,21.661449989194182
phase_1.3394046415016787,1.0,1.3394046415016787,7.025825825825827,1.0,350,spline_s2,1.0,60,7,7.256756756756758,0.7021801126903433,77.49941387534699
phase_1.3394046415016787,1.0,1.3394046415016787,7.025825825825827,1.0,350,spline_s2,1.0,60,12,7.872572572572574,0.32640963079190205,30.428349914901816
phase_1.3394046415016787,1.0,1.3394046415016787,7.025825825825827,1.0,350,spline_s2,1.0,61,7,7.256756756756758,0.6350431394229799,63.10008547091161
phase_1.3394046415016787,1.0,1.3394046415016787,7.025825825825827,1.0,350,spline_s2,1.0,61,12,7.872572572572574,0.38992957256990823,42.58871709400802
phase_1.3394046415016787,1.0,1.3394046415016787,7.025825825825827,1.0,350,spline_s2,1.0,62,7,7.102802802802804,0.7861537207091359,92.99197307188331
phase_1.3394046415016787,1.0,1.3394046415016787,7.025825825825827,1.0,350,spline_s2,1.0,62,12,7.718618618618619,0.31349305686697715,23.023491497077828
phase_1.3394046415016787,1.0,1.3394046415016787,7.025825825825827,1.0,350,spline_s2,1.0,63,7,7.4107107107107115,0.7248457347473627,87.20186219044587
phase_1.3394046415016787,1.0,1.3394046415016787,7.025825825825827,1.0,350,spline_s2,1.0,63,12,7.7955955955955964,0.4019827551795649,43.77330080283093
phase_1.3394046415016787,1.0,1.3394046415016787,7.025825825825827,1.0,350,spline_s2,1.0,64,7,7.4107107107107115,0.714989827771672,85.16357182983722
phase_1.3394046415016787,1.0,1.3394046415016787,7.025825825825827,1.0,350,spline_s2,1.0,64,12,8.026526526526528,0.3750801398262909,46.01870790575032
phase_1.3394046415016787,1.0,1.3394046415016787,7.025825825825827,1.0,350,spline_s2,1.0,65,7,7.333733733733734,0.5803343262066856,53.698752858251055
phase_1.3394046415016787,1.0,1.3394046415016787,7.025825825825827,1.0,350,spline_s2,1.0,65,12,7.7955955955955964,0.26058811094705997,18.12251160258296
phase_1.3394046415016787,1.0,1.3394046415016787,7.025825825825827,1.0,350,spline_s2,1.0,66,7,7.17977977977978,0.614467805983099,57.43878888341783
phase_1.3394046415016787,1.0,1.3394046415016787,7.025825825825827,1.0,350,spline_s2,1.0,66,12,7.872572572572574,0.26493822909820663,20.686463324704278
phase_1.3394046415016787,1.0,1.3394046415016787,7.025825825825827,1.0,350,spline_s2,1.0,67,7,7.17977977977978,0.6380492954535111,62.9785009952044
phase_1.3394046415016787,1.0,1.3394046415016787,7.025825825825827,1.0,350,spline_s2,1.0,67,12,7.94954954954955,0.2762594062181163,25.29616597054661
phase_1.3394046415016787,1.0,1.3394046415016787,7.025825825825827,1.0,350,spline_s2,1.0,68,7,7.256756756756758,0.7028481253116245,75.92103786767791
phase_1.3394046415016787,1.0,1.3394046415016787,7.025825825825827,1.0,350,spline_s2,1.0,68,12,7.94954954954955,0.3267359378341923,32.69254177424858
phase_1.3394046415016787,1.0,1.3394046415016787,7.025825825825827,1.0,350,spline_s2,1.0,69,7,7.333733733733734,0.6762058073668746,74.1467986098981
phase_1.3394046415016787,1.0,1.3394046415016787,7.025825825825827,1.0,350,spline_s2,1.0,69,12,8.103503503503504,0.23327191529284663,23.774021986598598
phase_1.3394046415016787,1.0,1.3394046415016787,7.025825825825827,1.0,350,spline_s2,1.0,70,7,7.256756756756758,0.66303788878167,67.57648464375706
phase_1.3394046415016787,1.0,1.3394046415016787,7.025825825825827,1.0,350,spline_s2,1.0,70,12,7.94954954954955,0.3279109244098923,33.12340320749831
phase_1.3394046415016787,1.0,1.3394046415016787,7.025825825825827,1.0,350,spline_s2,1.0,71,7,7.256756756756758,0.66748605169335,70.28188926707264
phase_1.3394046415016787,1.0,1.3394046415016787,7.025825825825827,1.0,350,spline_s2,1.0,71,12,8.026526526526528,0.3017979756396996,38.90178140028013
phase_1.3394046415016787,1.0,1.3394046415016787,7.025825825825827,1.0,350,spline_s2,1.0,72,7,7.4107107107107115,0.6048630699351459,61.49321868725201
phase_1.3394046415016787,1.0,1.3394046415016787,7.025825825825827,1.0,350,spline_s2,1.0,72,12,7.872572572572574,0.30756623952334766,25.475304562501435
phase_1.3394046415016787,1.0,1.3394046415016787,7.025825825825827,1.0,350,spline_s2,1.0,73,7,7.333733733733734,0.6732409394184008,73.9620958128545
phase_1.3394046415016787,1.0,1.3394046415016787,7.025825825825827,1.0,350,spline_s2,1.0,73,12,7.872572572572574,0.3752842743848647,41.44058756513704
phase_1.3394046415016787,1.0,1.3394046415016787,7.025825825825827,1.0,350,spline_s2,1.0,74,7,7.256756756756758,0.6096217937073988,58.57701364200102
phase_1.3394046415016787,1.0,1.3394046415016787,7.025825825825827,1.0,350,spline_s2,1.0,74,12,8.026526526526528,0.2872107626203856,26.156384652411532
phase_1.3394046415016787,1.0,1.3394046415016787,7.025825825825827,1.0,350,spline_s2,1.0,75,7,7.256756756756758,0.7941120025855704,98.11942670079259
phase_1.3394046415016787,1.0,1.3394046415016787,7.025825825825827,1.0,350,spline_s2,1.0,75,12,7.872572572572574,0.34801099498326915,33.08160807381978
phase_1.3394046415016787,1.0,1.3394046415016787,7.025825825825827,1.0,350,spline_s2,1.0,76,7,7.333733733733734,0.7814650421051744,98.5756720115786
phase_1.3394046415016787,1.0,1.3394046415016787,7.025825825825827,1.0,350,spline_s2,1.0,76,12,7.7955955955955964,0.369045443172823,33.68828350407841
phase_1.3394046415016787,1.0,1.3394046415016787,7.025825825825827,1.0,350,spline_s2,1.0,77,7,6.948848848848849,0.5287708795242791,43.0206012286024
phase_1.3394046415016787,1.0,1.3394046415016787,7.025825825825827,1.0,350,spline_s2,1.0,77,12,8.026526526526528,0.20200929185242758,14.675829557119357
phase_1.3394046415016787,1.0,1.3394046415016787,7.025825825825827,1.0,350,spline_s2,1.0,78,7,7.487687687687689,0.659399399197208,76.92013533819497
phase_1.3394046415016787,1.0,1.3394046415016787,7.025825825825827,1.0,350,spline_s2,1.0,78,12,7.94954954954955,0.3732802883255339,45.34363736122472
phase_1.3394046415016787,1.0,1.3394046415016787,7.025825825825827,1.0,350,spline_s2,1.0,79,7,7.256756756756758,0.5861916758670453,52.84222224389333
phase_1.3394046415016787,1.0,1.3394046415016787,7.025825825825827,1.0,350,spline_s2,1.0,79,12,8.103503503503504,0.21889466760489576,18.387814960892513
phase_1.3394046415016787,1.0,1.3394046415016787,7.025825825825827,1.0,350,spline_s2,1.0,80,7,7.333733733733734,0.6688106834542894,73.3933514609011
phase_1.3394046415016787,1.0,1.3394046415016787,7.025825825825827,1.0,350,spline_s2,1.0,80,12,7.872572572572574,0.27582459013081906,22.764069321752856
phase_1.3394046415016787,1.0,1.3394046415016787,7.025825825825827,1.0,350,spline_s2,1.0,81,7,7.256756756756758,0.5803561820994331,52.5335658496852
phase_1.3394046415016787,1.0,1.3394046415016787,7.025825825825827,1.0,350,spline_s2,1.0,81,12,7.94954954954955,0.2995067545216429,26.955566316891804
phase_1.3394046415016787,1.0,1.3394046415016787,7.025825825825827,1.0,350,spline_s2,1.0,82,7,7.256756756756758,0.6246219153749976,61.18226459595684
phase_1.3394046415016787,1.0,1.3394046415016787,7.025825825825827,1.0,350,spline_s2,1.0,82,12,7.872572572572574,0.2902104116998183,24.428205802713478
phase_1.3394046415016787,1.0,1.3394046415016787,7.025825825825827,1.0,350,spline_s2,1.0,83,7,7.4107107107107115,0.6643507894405356,72.30717140920359
phase_1.3394046415016787,1.0,1.3394046415016787,7.025825825825827,1.0,350,spline_s2,1.0,83,12,8.026526526526528,0.29274529190305904,30.117321970945625
phase_1.3394046415016787,1.0,1.3394046415016787,7.025825825825827,1.0,350,spline_s2,1.0,84,7,7.4107107107107115,0.6416676243619502,71.13453165659769
phase_1.3394046415016787,1.0,1.3394046415016787,7.025825825825827,1.0,350,spline_s2,1.0,84,12,8.103503503503504,0.27139150369967785,30.872073121256847
phase_1.3394046415016787,1.0,1.3394046415016787,7.025825825825827,1.0,350,spline_s2,1.0,85,7,7.17977977977978,0.7045813052480219,74.47004560219011
phase_1.3394046415016787,1.0,1.3394046415016787,7.025825825825827,1.0,350,spline_s2,1.0,85,12,7.94954954954955,0.25685531776436893,19.869338006439563
phase_1.3394046415016787,1.0,1.3394046415016787,7.025825825825827,1.0,350,spline_s2,1.0,86,7,7.256756756756758,0.6428740736433427,63.908885145321904
phase_1.3394046415016787,1.0,1.3394046415016787,7.025825825825827,1.0,350,spline_s2,1.0,86,12,7.94954954954955,0.31952376756292855,32.84025919216464
phase_1.3394046415016787,1.0,1.3394046415016787,7.025825825825827,1.0,350,spline_s2,1.0,87,7,7.4107107107107115,0.5395848470971579,47.958150803183344
phase_1.3394046415016787,1.0,1.3394046415016787,7.025825825825827,1.0,350,spline_s2,1.0,87,12,7.872572572572574,0.2999627621055498,23.756918777497674
phase_1.3394046415016787,1.0,1.3394046415016787,7.025825825825827,1.0,350,spline_s2,1.0,88,7,7.256756756756758,0.7334812971337928,80.84410062008021
phase_1.3394046415016787,1.0,1.3394046415016787,7.025825825825827,1.0,350,spline_s2,1.0,88,12,8.103503503503504,0.2920023587447647,30.552248779747686
phase_1.3394046415016787,1.0,1.3394046415016787,7.025825825825827,1.0,350,spline_s2,1.0,89,7,7.102802802802804,0.6315431913256658,59.289980794209555
phase_1.3394046415016787,1.0,1.3394046415016787,7.025825825825827,1.0,350,spline_s2,1.0,89,12,10.104904904904906,0.2676638126061443,16.434604870043017
phase_1.3394046415016787,1.0,1.3394046415016787,7.025825825825827,1.0,350,spline_s2,1.0,90,7,7.4107107107107115,0.6292327161954921,63.89184317373389
phase_1.3394046415016787,1.0,1.3394046415016787,7.025825825825827,1.0,350,spline_s2,1.0,90,12,7.94954954954955,0.3287425650739969,34.16573984091286
phase_1.3394046415016787,1.0,1.3394046415016787,7.025825825825827,1.0,350,spline_s2,1.0,91,7,7.17977977977978,0.6452845023732365,64.16963692583926
phase_1.3394046415016787,1.0,1.3394046415016787,7.025825825825827,1.0,350,spline_s2,1.0,91,12,7.872572572572574,0.3441347826623589,33.03006209062312
phase_1.3394046415016787,1.0,1.3394046415016787,7.025825825825827,1.0,350,spline_s2,1.0,92,7,7.256756756756758,0.7661218482848943,89.7095662737375
phase_1.3394046415016787,1.0,1.3394046415016787,7.025825825825827,1.0,350,spline_s2,1.0,92,12,7.7955955955955964,0.32230666575849126,27.25695722940452
phase_1.3394046415016787,1.0,1.3394046415016787,7.025825825825827,1.0,350,spline_s2,1.0,93,7,7.564664664664665,0.6630317692045528,80.20740429033748
phase_1.3394046415016787,1.0,1.3394046415016787,7.025825825825827,1.0,350,spline_s2,1.0,93,12,7.94954954954955,0.37557586248869607,43.65247272641642
phase_1.3394046415016787,1.0,1.3394046415016787,7.025825825825827,1.0,350,spline_s2,1.0,94,7,7.4107107107107115,0.6637920596088382,70.03268416277359
phase_1.3394046415016787,1.0,1.3394046415016787,7.025825825825827,1.0,350,spline_s2,1.0,94,12,8.103503503503504,0.37578128432262325,54.197077569692965
phase_1.3394046415016787,1.0,1.3394046415016787,7.025825825825827,1.0,350,spline_s2,1.0,95,7,7.487687687687689,0.6786256979413509,80.2324647290875
phase_1.3394046415016787,1.0,1.3394046415016787,7.025825825825827,1.0,350,spline_s2,1.0,95,12,7.94954954954955,0.34646302441648447,36.97872408659964
phase_1.3394046415016787,1.0,1.3394046415016787,7.025825825825827,1.0,350,spline_s2,1.0,96,7,7.17977977977978,0.5973366072345689,52.22472065002205
phase_1.3394046415016787,1.0,1.3394046415016787,7.025825825825827,1.0,350,spline_s2,1.0,96,12,7.718618618618619,0.23984855282339385,13.669201991168848
phase_1.3394046415016787,1.0,1.3394046415016787,7.025825825825827,1.0,350,spline_s2,1.0,97,7,6.871871871871873,0.647990271351672,64.86339009619877
phase_1.3394046415016787,1.0,1.3394046415016787,7.025825825825827,1.0,350,spline_s2,1.0,97,12,7.872572572572574,0.25807933874328426,19.442775088738813
phase_1.3394046415016787,1.0,1.3394046415016787,7.025825825825827,1.0,350,spline_s2,1.0,98,7,7.4107107107107115,0.6969242711010436,81.45424897149428
phase_1.3394046415016787,1.0,1.3394046415016787,7.025825825825827,1.0,350,spline_s2,1.0,98,12,7.872572572572574,0.35755977893617924,36.573312070428926
phase_1.3394046415016787,1.0,1.3394046415016787,7.025825825825827,1.0,350,spline_s2,1.0,99,7,7.4107107107107115,0.6801974434701026,76.43978355537973
phase_1.3394046415016787,1.0,1.3394046415016787,7.025825825825827,1.0,350,spline_s2,1.0,99,12,7.94954954954955,0.30538374978477434,32.45208768281509
phase_2.910200968296575,1.0,2.910200968296575,7.025825825825827,1.0,350,spline_s2,0,0,7,23.57587587587588,0.1417586443154823,13.074332170412049
phase_2.910200968296575,1.0,2.910200968296575,7.025825825825827,1.0,350,spline_s2,0,0,12,72.37927927927929,0.04456597120548455,12.675701113442813
phase_2.910200968296575,1.0,2.910200968296575,7.025825825825827,1.0,350,spline_s2,0,1,7,73.53393393393394,0.15330844081224174,9.020420579485403
phase_2.910200968296575,1.0,2.910200968296575,7.025825825825827,1.0,350,spline_s2,0,1,12,73.61091091091092,0.029331172548340695,8.655565293741432
phase_2.910200968296575,1.0,2.910200968296575,7.025825825825827,1.0,350,spline_s2,0,2,7,38.817317317317325,0.03563616656035511,10.440803319154497
phase_2.910200968296575,1.0,2.910200968296575,7.025825825825827,1.0,350,spline_s2,0,2,12,38.8942942942943,0.04294504860804979,10.912116842943874
phase_2.910200968296575,1.0,2.910200968296575,7.025825825825827,1.0,350,spline_s2,0,3,7,63.60390390390391,0.10527110900752229,10.358673940942708
phase_2.910200968296575,1.0,2.910200968296575,7.025825825825827,1.0,350,spline_s2,0,3,12,63.60390390390391,0.036689136876198736,9.573218831574934
phase_2.910200968296575,1.0,2.910200968296575,7.025825825825827,1.0,350,spline_s2,0,4,7,37.58568568568569,0.0038240854044214435,10.014212748706825
phase_2.910200968296575,1.0,2.910200968296575,7.025825825825827,1.0,350,spline_s2,0,4,12,37.43173173173174,0.020016727830929566,9.465825164242176
phase_2.910200968296575,1.0,2.910200968296575,7.025825825825827,1.0,350,spline_s2,0,5,7,64.83553553553554,0.03346771054322774,9.505687216308559
phase_2.910200968296575,1.0,2.910200968296575,7.025825825825827,1.0,350,spline_s2,0,5,12,64.91251251251252,0.02554018984208431,9.21893447944774
phase_2.910200968296575,1.0,2.910200968296575,7.025825825825827,1.0,350,spline_s2,0,6,7,55.44434434434435,0.017905065555201275,7.433096021750771
phase_2.910200968296575,1.0,2.910200968296575,7.025825825825827,1.0,350,spline_s2,0,6,12,55.36736736736738,0.015026857652620677,7.271667841017916
phase_2.910200968296575,1.0,2.910200968296575,7.025825825825827,1.0,350,spline_s2,0,7,7,24.807507507507513,0.08606976356171836,16.55831696780811
phase_2.910200968296575,1.0,2.910200968296575,7.025825825825827,1.0,350,spline_s2,0,7,12,24.88448448448449,0.08605300136946274,12.876797358861182
phase_2.910200968296575,1.0,2.910200968296575,7.025825825825827,1.0,350,spline_s2,0,8,7,40.8956956956957,0.01688995262118619,19.535532977336345
phase_2.910200968296575,1.0,2.910200968296575,7.025825825825827,1.0,350,spline_s2,0,8,12,40.8956956956957,0.01007343670789904,19.03603797850144
phase_2.910200968296575,1.0,2.910200968296575,7.025825825825827,1.0,350,spline_s2,0,9,7,48.285485485485495,0.09391036259346948,8.020508047171347
phase_2.910200968296575,1.0,2.910200968296575,7.025825825825827,1.0,350,spline_s2,0,9,12,48.285485485485495,0.02108658559999772,8.282691380183735
phase_2.910200968296575,1.0,2.910200968296575,7.025825825825827,1.0,350,spline_s2,0,10,7,52.5961961961962,0.07123409869007209,7.791916220614013
phase_2.910200968296575,1.0,2.910200968296575,7.025825825825827,1.0,350,spline_s2,0,10,12,52.5961961961962,0.008415384346821068,7.534707365589156
phase_2.910200968296575,1.0,2.910200968296575,7.025825825825827,1.0,350,spline_s2,0,11,7,37.50870870870872,0.07623543592862633,10.678512220130585
phase_2.910200968296575,1.0,2.910200968296575,7.025825825825827,1.0,350,spline_s2,0,11,12,37.43173173173174,0.030697798171402817,10.149848918417604
phase_2.910200968296575,1.0,2.910200968296575,7.025825825825827,1.0,350,spline_s2,0,12,7,62.68018018018019,0.16910394792365752,11.365357287275458
phase_2.910200968296575,1.0,2.910200968296575,7.025825825825827,1.0,350,spline_s2,0,12,12,62.68018018018019,0.08466973123051488,11.015848588706973
phase_2.910200968296575,1.0,2.910200968296575,7.025825825825827,1.0,350,spline_s2,0,13,7,55.2903903903904,0.04803893028363921,8.926180539494482
phase_2.910200968296575,1.0,2.910200968296575,7.025825825825827,1.0,350,spline_s2,0,13,12,21.112612612612615,0.0705497523165197,8.76667282956609
phase_2.910200968296575,1.0,2.910200968296575,7.025825825825827,1.0,350,spline_s2,0,14,7,59.67807807807809,0.03551131336595095,11.410273112954712
phase_2.910200968296575,1.0,2.910200968296575,7.025825825825827,1.0,350,spline_s2,0,14,12,59.67807807807809,0.06897394893489657,10.151773661540005
phase_2.910200968296575,1.0,2.910200968296575,7.025825825825827,1.0,350,spline_s2,0,15,7,28.733333333333338,0.09807154937034133,11.773052494365913
phase_2.910200968296575,1.0,2.910200968296575,7.025825825825827,1.0,350,spline_s2,0,15,12,28.656356356356362,0.03923159410144692,13.004464297299137
phase_2.910200968296575,1.0,2.910200968296575,7.025825825825827,1.0,350,spline_s2,0,16,7,33.582882882882885,0.011129712833918259,12.64307540989995
phase_2.910200968296575,1.0,2.910200968296575,7.025825825825827,1.0,350,spline_s2,0,16,12,33.50590590590591,0.03686279764161756,11.981355926366518
phase_2.910200968296575,1.0,2.910200968296575,7.025825825825827,1.0,350,spline_s2,0,17,7,33.582882882882885,0.11907464639138457,10.377989545456558
phase_2.910200968296575,1.0,2.910200968296575,7.025825825825827,1.0,350,spline_s2,0,17,12,33.42892892892893,0.08201657978686236,9.317790463105041
phase_2.910200968296575,1.0,2.910200968296575,7.025825825825827,1.0,350,spline_s2,0,18,7,76.38208208208209,0.051602993457881066,10.683452949894786
phase_2.910200968296575,1.0,2.910200968296575,7.025825825825827,1.0,350,spline_s2,0,18,12,76.38208208208209,0.03382175582660482,10.644625052682073
phase_2.910200968296575,1.0,2.910200968296575,7.025825825825827,1.0,350,spline_s2,0,19,7,51.364564564564574,0.12551424348982246,7.056087383517479
phase_2.910200968296575,1.0,2.910200968296575,7.025825825825827,1.0,350,spline_s2,0,19,12,51.364564564564574,0.11140060793123402,7.092768271726015
phase_2.910200968296575,1.0,2.910200968296575,7.025825825825827,1.0,350,spline_s2,0,20,7,76.76696696696698,0.04755773114150114,9.141989266846224
phase_2.910200968296575,1.0,2.910200968296575,7.025825825825827,1.0,350,spline_s2,0,20,12,76.68998998999,0.03633326818677786,9.045100210876114
phase_2.910200968296575,1.0,2.910200968296575,7.025825825825827,1.0,350,spline_s2,0,21,7,43.82082082082083,0.1339136528700271,11.007348557656286
phase_2.910200968296575,1.0,2.910200968296575,7.025825825825827,1.0,350,spline_s2,0,21,12,43.89779779779781,0.061175749050619566,10.518266856085262
phase_2.910200968296575,1.0,2.910200968296575,7.025825825825827,1.0,350,spline_s2,0,22,7,61.21761761761763,0.021487066990172436,13.021700736446746
phase_2.910200968296575,1.0,2.910200968296575,7.025825825825827,1.0,350,spline_s2,0,22,12,61.21761761761763,0.04365773528010394,13.09145841516903
phase_2.910200968296575,1.0,2.910200968296575,7.025825825825827,1.0,350,spline_s2,0,23,7,47.13083083083084,0.08948815254447105,13.21518360457543
phase_2.910200968296575,1.0,2.910200968296575,7.025825825825827,1.0,350,spline_s2,0,23,12,47.13083083083084,0.06504785821467293,13.511530322240333
phase_2.910200968296575,1.0,2.910200968296575,7.025825825825827,1.0,350,spline_s2,0,24,7,33.582882882882885,0.03498394100614402,11.778225692247247
phase_2.910200968296575,1.0,2.910200968296575,7.025825825825827,1.0,350,spline_s2,0,24,12,33.582882882882885,0.00889955155989532,11.247874180992852
phase_2.910200968296575,1.0,2.910200968296575,7.025825825825827,1.0,350,spline_s2,0,25,7,48.74734734734736,0.11084230851068376,11.490748494391255
phase_2.910200968296575,1.0,2.910200968296575,7.025825825825827,1.0,350,spline_s2,0,25,12,48.74734734734736,0.05231107816924901,11.669077109596913
phase_2.910200968296575,1.0,2.910200968296575,7.025825825825827,1.0,350,spline_s2,0,26,7,75.15045045045045,0.11590861765643717,15.037784530240543
phase_2.910200968296575,1.0,2.910200968296575,7.025825825825827,1.0,350,spline_s2,0,26,12,75.07347347347348,0.028982846496057247,15.6466633954455
phase_2.910200968296575,1.0,2.910200968296575,7.025825825825827,1.0,350,spline_s2,0,27,7,40.43383383383384,0.1283630242960368,8.380985527671783
phase_2.910200968296575,1.0,2.910200968296575,7.025825825825827,1.0,350,spline_s2,0,27,12,40.43383383383384,0.03159162143353854,8.011382772922957
phase_2.910200968296575,1.0,2.910200968296575,7.025825825825827,1.0,350,spline_s2,0,28,7,76.61301301301302,0.0757078874072857,8.396726418777348
phase_2.910200968296575,1.0,2.910200968296575,7.025825825825827,1.0,350,spline_s2,0,28,12,76.61301301301302,0.0764742774194643,8.44257939827753
phase_2.910200968296575,1.0,2.910200968296575,7.025825825825827,1.0,350,spline_s2,0,29,7,47.20780780780782,0.07871309230763816,7.702011280482964
phase_2.910200968296575,1.0,2.910200968296575,7.025825825825827,1.0,350,spline_s2,0,29,12,47.20780780780782,0.03393914628089773,7.719005734795132
phase_2.910200968296575,1.0,2.910200968296575,7.025825825825827,1.0,350,spline_s2,0,30,7,71.53253253253254,0.12619409773810944,9.716362785003923
phase_2.910200968296575,1.0,2.910200968296575,7.025825825825827,1.0,350,spline_s2,0,30,12,71.53253253253254,0.017523315990028446,10.089883845891222
phase_2.910200968296575,1.0,2.910200968296575,7.025825825825827,1.0,350,spline_s2,0,31,7,20.342842842842845,0.05662983473061391,8.87777039942165
phase_2.910200968296575,1.0,2.910200968296575,7.025825825825827,1.0,350,spline_s2,0,31,12,20.342842842842845,0.036619832933098964,8.712552413559337
phase_2.910200968296575,1.0,2.910200968296575,7.025825825825827,1.0,350,spline_s2,0,32,7,18.803303303303306,0.19529667352760166,7.380498508526728
phase_2.910200968296575,1.0,2.910200968296575,7.025825825825827,1.0,350,spline_s2,0,32,12,37.97057057057058,0.06004497658966387,5.529474906318455
phase_2.910200968296575,1.0,2.910200968296575,7.025825825825827,1.0,350,spline_s2,0,33,7,59.985985985986,0.11843954368245808,8.440926173081664
phase_2.910200968296575,1.0,2.910200968296575,7.025825825825827,1.0,350,spline_s2,0,33,12,59.985985985986,0.038964845558695727,8.393412854860117
phase_2.910200968296575,1.0,2.910200968296575,7.025825825825827,1.0,350,spline_s2,0,34,7,70.53183183183184,0.0152366634668384,12.815702723213803
phase_2.910200968296575,1.0,2.910200968296575,7.025825825825827,1.0,350,spline_s2,0,34,12,70.53183183183184,0.02916676095911264,12.675937498073267
phase_2.910200968296575,1.0,2.910200968296575,7.025825825825827,1.0,350,spline_s2,0,35,7,13.414914914914917,0.16401818001983873,11.024807586140298
phase_2.910200968296575,1.0,2.910200968296575,7.025825825825827,1.0,350,spline_s2,0,35,12,17.263763763763766,0.05307315809480047,9.312057862955044
phase_2.910200968296575,1.0,2.910200968296575,7.025825825825827,1.0,350,spline_s2,0,36,7,52.67317317317318,0.15807955954736888,12.368037977354334
phase_2.910200968296575,1.0,2.910200968296575,7.025825825825827,1.0,350,spline_s2,0,36,12,52.5961961961962,0.011187032304678652,13.36343857018511
phase_2.910200968296575,1.0,2.910200968296575,7.025825825825827,1.0,350,spline_s2,0,37,7,77.45975975975976,0.056669002247395926,10.116406166547847
phase_2.910200968296575,1.0,2.910200968296575,7.025825825825827,1.0,350,spline_s2,0,37,12,28.42542542542543,0.04955592678741852,9.86584369097693
phase_2.910200968296575,1.0,2.910200968296575,7.025825825825827,1.0,350,spline_s2,0,38,7,79.53813813813814,0.017497012271032578,7.358705072044813
phase_2.910200968296575,1.0,2.910200968296575,7.025825825825827,1.0,350,spline_s2,0,38,12,52.67317317317318,0.034813912198965895,7.607635101043002
phase_2.910200968296575,1.0,2.910200968296575,7.025825825825827,1.0,350,spline_s2,0,39,7,69.68508508508509,0.037405422998453154,9.448526155299305
phase_2.910200968296575,1.0,2.910200968296575,7.025825825825827,1.0,350,spline_s2,0,39,12,69.68508508508509,0.08047814224327558,9.500185099708403
phase_2.910200968296575,1.0,2.910200968296575,7.025825825825827,1.0,350,spline_s2,0,40,7,66.06716716716717,0.056361907158137284,12.579970981008614
phase_2.910200968296575,1.0,2.910200968296575,7.025825825825827,1.0,350,spline_s2,0,40,12,66.06716716716717,0.0679227982468091,12.629588672329191
phase_2.910200968296575,1.0,2.910200968296575,7.025825825825827,1.0,350,spline_s2,0,41,7,75.76626626626627,0.04095266707888537,16.175764423990984
phase_2.910200968296575,1.0,2.910200968296575,7.025825825825827,1.0,350,spline_s2,0,41,12,75.84324324324325,0.014922969766117518,16.09770197506822
phase_2.910200968296575,1.0,2.910200968296575,7.025825825825827,1.0,350,spline_s2,0,42,7,58.13853853853855,0.06010002921271998,8.810925229212785
phase_2.910200968296575,1.0,2.910200968296575,7.025825825825827,1.0,350,spline_s2,0,42,12,58.13853853853855,0.06620361730127021,9.623536666327226
phase_2.910200968296575,1.0,2.910200968296575,7.025825825825827,1.0,350,spline_s2,0,43,7,49.20920920920922,0.1597889992145979,10.933258569481325
phase_2.910200968296575,1.0,2.910200968296575,7.025825825825827,1.0,350,spline_s2,0,43,12,49.20920920920922,0.1267683353308514,10.87927993978957
phase_2.910200968296575,1.0,2.910200968296575,7.025825825825827,1.0,350,spline_s2,0,44,7,64.2966966966967,0.1441730142633282,10.17004471835429
phase_2.910200968296575,1.0,2.910200968296575,7.025825825825827,1.0,350,spline_s2,0,44,12,64.21971971971972,0.07256080055625726,10.571472633726614
phase_2.910200968296575,1.0,2.910200968296575,7.025825825825827,1.0,350,spline_s2,0,45,7,20.26586586586587,0.03636292283472218,15.675180816581985
phase_2.910200968296575,1.0,2.910200968296575,7.025825825825827,1.0,350,spline_s2,0,45,12,20.188888888888894,0.1055353934205773,16.675573269885263
phase_2.910200968296575,1.0,2.910200968296575,7.025825825825827,1.0,350,spline_s2,0,46,7,75.30440440440441,0.023840125170243857,9.064269889573097
phase_2.910200968296575,1.0,2.910200968296575,7.025825825825827,1.0,350,spline_s2,0,46,12,75.30440440440441,0.07683125014078668,8.768484401334717
phase_2.910200968296575,1.0,2.910200968296575,7.025825825825827,1.0,350,spline_s2,0,47,7,79.61511511511512,0.0913710233967389,10.981635261848197
phase_2.910200968296575,1.0,2.910200968296575,7.025825825825827,1.0,350,spline_s2,0,47,12,79.61511511511512,0.05263713036182761,11.288574229530525
phase_2.910200968296575,1.0,2.910200968296575,7.025825825825827,1.0,350,spline_s2,0,48,7,44.898498498498505,0.2203679609832715,8.679143948182514
phase_2.910200968296575,1.0,2.910200968296575,7.025825825825827,1.0,350,spline_s2,0,48,12,45.28338338338339,0.09706457749707917,8.375062039129773
phase_2.910200968296575,1.0,2.910200968296575,7.025825825825827,1.0,350,spline_s2,0,49,7,45.5912912912913,0.05294578341645567,8.724832009295767
phase_2.910200968296575,1.0,2.910200968296575,7.025825825825827,1.0,350,spline_s2,0,49,12,45.5912912912913,0.07925783074637031,8.61256039317098
phase_2.910200968296575,1.0,2.910200968296575,7.025825825825827,1.0,350,spline_s2,0,50,7,13.645845845845846,0.08050288143579719,11.825082802177917
phase_2.910200968296575,1.0,2.910200968296575,7.025825825825827,1.0,350,spline_s2,0,50,12,13.56886886886887,0.04803326967700666,12.780950687329835
phase_2.910200968296575,1.0,2.910200968296575,7.025825825825827,1.0,350,spline_s2,0,51,7,27.732632632632637,0.07743349506421546,8.653378507653741
phase_2.910200968296575,1.0,2.910200968296575,7.025825825825827,1.0,350,spline_s2,0,51,12,27.65565565565566,0.05385237535096828,9.27895468814421
phase_2.910200968296575,1.0,2.910200968296575,7.025825825825827,1.0,350,spline_s2,0,52,7,45.66826826826828,0.08211062649291766,10.997994779639868
phase_2.910200968296575,1.0,2.910200968296575,7.025825825825827,1.0,350,spline_s2,0,52,12,45.5912912912913,0.04783074755124439,10.323636754505543
phase_2.910200968296575,1.0,2.910200968296575,7.025825825825827,1.0,350,spline_s2,0,53,7,48.285485485485495,0.1388419868383407,10.512063564683672
phase_2.910200968296575,1.0,2.910200968296575,7.025825825825827,1.0,350,spline_s2,0,53,12,48.285485485485495,0.07773930532102825,10.247121670377567
phase_2.910200968296575,1.0,2.910200968296575,7.025825825825827,1.0,350,spline_s2,0,54,7,7.718618618618619,0.19642196672069895,9.15341029830904
phase_2.910200968296575,1.0,2.910200968296575,7.025825825825827,1.0,350,spline_s2,0,54,12,43.05105105105106,0.09933330049635133,6.859397486574608
phase_2.910200968296575,1.0,2.910200968296575,7.025825825825827,1.0,350,spline_s2,0,55,7,10.027927927927928,0.0435780047749058,9.42925323378364
phase_2.910200968296575,1.0,2.910200968296575,7.025825825825827,1.0,350,spline_s2,0,55,12,9.950950950950952,0.04886251136345652,9.214888473437497
phase_2.910200968296575,1.0,2.910200968296575,7.025825825825827,1.0,350,spline_s2,0,56,7,60.52482482482483,0.0750069762935838,13.071202089982478
phase_2.910200968296575,1.0,2.910200968296575,7.025825825825827,1.0,350,spline_s2,0,56,12,53.90480480480481,0.10892765881150226,12.460651748499174
phase_2.910200968296575,1.0,2.910200968296575,7.025825825825827,1.0,350,spline_s2,0,57,7,61.29459459459461,0.048679821351047134,5.354974830824972
phase_2.910200968296575,1.0,2.910200968296575,7.025825825825827,1.0,350,spline_s2,0,57,12,61.29459459459461,0.04135502451681092,5.369691439935224
phase_2.910200968296575,1.0,2.910200968296575,7.025825825825827,1.0,350,spline_s2,0,58,7,7.333733733733734,0.2135999556170384,7.351184378481207
phase_2.910200968296575,1.0,2.910200968296575,7.025825825825827,1.0,350,spline_s2,0,58,12,51.13363363363364,0.07893762402448785,6.336816203683952
phase_2.910200968296575,1.0,2.910200968296575,7.025825825825827,1.0,350,spline_s2,0,59,7,46.515015015015024,0.10529744868478506,6.348168187906538
phase_2.910200968296575,1.0,2.910200968296575,7.025825825825827,1.0,350,spline_s2,0,59,12,38.509409409409415,0.02348665168244229,5.565974255235403
phase_2.910200968296575,1.0,2.910200968296575,7.025825825825827,1.0,350,spline_s2,0,60,7,15.801201201201202,0.18350448880692197,7.063433608652531
phase_2.910200968296575,1.0,2.910200968296575,7.025825825825827,1.0,350,spline_s2,0,60,12,72.91811811811812,0.06848422377174236,6.956346085862037
phase_2.910200968296575,1.0,2.910200968296575,7.025825825825827,1.0,350,spline_s2,0,61,7,12.953053053053054,0.053171562271668533,14.055511575383832
phase_2.910200968296575,1.0,2.910200968296575,7.025825825825827,1.0,350,spline_s2,0,61,12,12.645145145145147,0.02618522186566013,12.657426531676435
phase_2.910200968296575,1.0,2.910200968296575,7.025825825825827,1.0,350,spline_s2,0,62,7,21.80540540540541,0.07533967442669544,16.240009207358753
phase_2.910200968296575,1.0,2.910200968296575,7.025825825825827,1.0,350,spline_s2,0,62,12,21.80540540540541,0.013079820598790105,12.240759125082775
phase_2.910200968296575,1.0,2.910200968296575,7.025825825825827,1.0,350,spline_s2,0,63,7,45.43733733733735,0.11512543029586023,11.55616724157727
phase_2.910200968296575,1.0,2.910200968296575,7.025825825825827,1.0,350,spline_s2,0,63,12,45.43733733733735,0.08141426748238487,10.532041259476102
phase_2.910200968296575,1.0,2.910200968296575,7.025825825825827,1.0,350,spline_s2,0,64,7,49.44014014014015,0.11110949033656753,6.158425614551703
phase_2.910200968296575,1.0,2.910200968296575,7.025825825825827,1.0,350,spline_s2,0,64,12,49.44014014014015,0.03180724651208875,6.408317447099279
phase_2.910200968296575,1.0,2.910200968296575,7.025825825825827,1.0,350,spline_s2,0,65,7,33.42892892892893,0.03587720945382982,9.123083697567381
phase_2.910200968296575,1.0,2.910200968296575,7.025825825825827,1.0,350,spline_s2,0,65,12,33.35195195195195,0.03177983631587101,8.720822256027503
phase_2.910200968296575,1.0,2.910200968296575,7.025825825825827,1.0,350,spline_s2,0,66,7,43.28198198198199,0.09622103492953786,8.506149872237302
phase_2.910200968296575,1.0,2.910200968296575,7.025825825825827,1.0,350,spline_s2,0,66,12,43.51291291291292,0.04565458601354245,8.827016348343022
phase_2.910200968296575,1.0,2.910200968296575,7.025825825825827,1.0,350,spline_s2,0,67,7,75.30440440440441,0.03978200715794083,9.525635405995729
phase_2.910200968296575,1.0,2.910200968296575,7.025825825825827,1.0,350,spline_s2,0,67,12,75.22742742742743,0.0650108288260717,9.191782369322482
phase_2.910200968296575,1.0,2.910200968296575,7.025825825825827,1.0,350,spline_s2,0,68,7,43.358958958958965,0.06536154472380265,8.820928155488417
phase_2.910200968296575,1.0,2.910200968296575,7.025825825825827,1.0,350,spline_s2,0,68,12,43.358958958958965,0.03677808837817315,8.616436893608835
phase_2.910200968296575,1.0,2.910200968296575,7.025825825825827,1.0,350,spline_s2,0,69,7,45.51431431431432,0.07440389785758732,9.288338758997554
phase_2.910200968296575,1.0,2.910200968296575,7.025825825825827,1.0,350,spline_s2,0,69,12,45.51431431431432,0.012099217049317247,10.267834812966782
phase_2.910200968296575,1.0,2.910200968296575,7.025825825825827,1.0,350,spline_s2,0,70,7,51.90340340340341,0.011483179500840473,13.05912027983561
phase_2.910200968296575,1.0,2.910200968296575,7.025825825825827,1.0,350,spline_s2,0,70,12,51.98038038038039,0.05109261838256609,13.26931604506666
phase_2.910200968296575,1.0,2.910200968296575,7.025825825825827,1.0,350,spline_s2,0,71,7,35.738238238238246,0.14810335287546278,10.062218981633862
phase_2.910200968296575,1.0,2.910200968296575,7.025825825825827,1.0,350,spline_s2,0,71,12,35.738238238238246,0.054111794318634034,8.193917664000509
phase_2.910200968296575,1.0,2.910200968296575,7.025825825825827,1.0,350,spline_s2,0,72,7,74.14974974974976,0.11390317707650476,9.220538404658612
phase_2.910200968296575,1.0,2.910200968296575,7.025825825825827,1.0,350,spline_s2,0,72,12,74.14974974974976,0.03970058419278803,9.127470305250768
phase_2.910200968296575,1.0,2.910200968296575,7.025825825825827,1.0,350,spline_s2,0,73,7,17.41771771771772,0.08870007333391378,12.13852891302605
phase_2.910200968296575,1.0,2.910200968296575,7.025825825825827,1.0,350,spline_s2,0,73,12,17.571671671671673,0.03237490605413025,12.835612305122822
phase_2.910200968296575,1.0,2.910200968296575,7.025825825825827,1.0,350,spline_s2,0,74,7,77.9985985985986,0.08376453778420875,9.565816518491488
phase_2.910200968296575,1.0,2.910200968296575,7.025825825825827,1.0,350,spline_s2,0,74,12,77.9985985985986,0.03192229582632084,9.31640441983103
phase_2.910200968296575,1.0,2.910200968296575,7.025825825825827,1.0,350,spline_s2,0,75,7,66.45205205205205,0.10673772527696931,7.744981095464169
phase_2.910200968296575,1.0,2.910200968296575,7.025825825825827,1.0,350,spline_s2,0,75,12,66.45205205205205,0.12032722312775834,8.204431981598646
phase_2.910200968296575,1.0,2.910200968296575,7.025825825825827,1.0,350,spline_s2,0,76,7,59.293193193193204,0.046922039819659325,4.863444565818071
phase_2.910200968296575,1.0,2.910200968296575,7.025825825825827,1.0,350,spline_s2,0,76,12,59.447147147147156,0.0336919601182471,4.786837153906987
phase_2.910200968296575,1.0,2.910200968296575,7.025825825825827,1.0,350,spline_s2,0,77,7,11.7983983983984,0.11980040529395929,9.949553371148284
phase_2.910200968296575,1.0,2.910200968296575,7.025825825825827,1.0,350,spline_s2,0,77,12,12.02932932932933,0.06903840534709547,9.892702679949025
phase_2.910200968296575,1.0,2.910200968296575,7.025825825825827,1.0,350,spline_s2,0,78,7,23.267967967967973,0.14266865109120777,8.3337169854033
phase_2.910200968296575,1.0,2.910200968296575,7.025825825825827,1.0,350,spline_s2,0,78,12,26.577977977977984,0.06964952123181815,7.963873735973124
phase_2.910200968296575,1.0,2.910200968296575,7.025825825825827,1.0,350,spline_s2,0,79,7,31.966366366366373,0.10199332733880646,14.592601374219555
phase_2.910200968296575,1.0,2.910200968296575,7.025825825825827,1.0,350,spline_s2,0,79,12,32.043343343343345,0.02366271594635669,12.389403431438154
phase_2.910200968296575,1.0,2.910200968296575,7.025825825825827,1.0,350,spline_s2,0,80,7,55.05945945945947,0.06970893995972088,13.7262459408106
phase_2.910200968296575,1.0,2.910200968296575,7.025825825825827,1.0,350,spline_s2,0,80,12,55.05945945945947,0.059442568785861016,12.953960842549293
phase_2.910200968296575,1.0,2.910200968296575,7.025825825825827,1.0,350,spline_s2,0,81,7,72.14834834834835,0.028467808740274884,9.140743787105748
phase_2.910200968296575,1.0,2.910200968296575,7.025825825825827,1.0,350,spline_s2,0,81,12,72.14834834834835,0.028135874238129008,9.18220664695869
phase_2.910200968296575,1.0,2.910200968296575,7.025825825825827,1.0,350,spline_s2,0,82,7,23.190990990990997,0.09738258073014203,11.186184761870322
phase_2.910200968296575,1.0,2.910200968296575,7.025825825825827,1.0,350,spline_s2,0,82,12,23.267967967967973,0.017831669285436877,12.572395737571924
phase_2.910200968296575,1.0,2.910200968296575,7.025825825825827,1.0,350,spline_s2,0,83,7,74.22672672672672,0.16902338517499338,15.018663611155262
phase_2.910200968296575,1.0,2.910200968296575,7.025825825825827,1.0,350,spline_s2,0,83,12,74.22672672672672,0.03656110543416235,13.241759572640376
phase_2.910200968296575,1.0,2.910200968296575,7.025825825825827,1.0,350,spline_s2,0,84,7,16.263063063063065,0.06227247805216304,7.125647709597672
phase_2.910200968296575,1.0,2.910200968296575,7.025825825825827,1.0,350,spline_s2,0,84,12,56.82992992992994,0.06530776645789624,7.01221699378533
phase_2.910200968296575,1.0,2.910200968296575,7.025825825825827,1.0,350,spline_s2,0,85,7,79.46116116116117,0.11440730761251261,12.785542869931419
phase_2.910200968296575,1.0,2.910200968296575,7.025825825825827,1.0,350,spline_s2,0,85,12,79.46116116116117,0.10688004807005244,12.328909150208403
phase_2.910200968296575,1.0,2.910200968296575,7.025825825825827,1.0,350,spline_s2,0,86,7,21.80540540540541,0.03652657337045068,7.027527422823198
phase_2.910200968296575,1.0,2.910200968296575,7.025825825825827,1.0,350,spline_s2,0,86,12,56.75295295295296,0.07315590620788621,6.821588597917213
phase_2.910200968296575,1.0,2.910200968296575,7.025825825825827,1.0,350,spline_s2,0,87,7,39.81801801801802,0.07913791820398693,8.836227397082041
phase_2.910200968296575,1.0,2.910200968296575,7.025825825825827,1.0,350,spline_s2,0,87,12,71.9943943943944,0.045451410010033805,8.610986753315842
phase_2.910200968296575,1.0,2.910200968296575,7.025825825825827,1.0,350,spline_s2,0,88,7,48.5933933933934,0.030350238885715804,7.548741372801828
phase_2.910200968296575,1.0,2.910200968296575,7.025825825825827,1.0,350,spline_s2,0,88,12,48.67037037037038,0.04791863110224212,8.103913822958532
phase_2.910200968296575,1.0,2.910200968296575,7.025825825825827,1.0,350,spline_s2,0,89,7,59.524124124124135,0.12578646899903567,7.317427934503371
phase_2.910200968296575,1.0,2.910200968296575,7.025825825825827,1.0,350,spline_s2,0,89,12,59.524124124124135,0.04604986930045892,7.767460701969981
phase_2.910200968296575,1.0,2.910200968296575,7.025825825825827,1.0,350,spline_s2,0,90,7,29.272172172172176,0.14291648763109804,11.447778846110566
phase_2.910200968296575,1.0,2.910200968296575,7.025825825825827,1.0,350,spline_s2,0,90,12,29.349149149149156,0.06878392756495319,12.451123724466186
phase_2.910200968296575,1.0,2.910200968296575,7.025825825825827,1.0,350,spline_s2,0,91,7,74.76556556556557,0.10548448537664476,11.969231463227175
phase_2.910200968296575,1.0,2.910200968296575,7.025825825825827,1.0,350,spline_s2,0,91,12,74.76556556556557,0.026679843593862745,11.829912869217992
phase_2.910200968296575,1.0,2.910200968296575,7.025825825825827,1.0,350,spline_s2,0,92,7,62.21831831831833,0.12078112178393768,14.800292793513222
phase_2.910200968296575,1.0,2.910200968296575,7.025825825825827,1.0,350,spline_s2,0,92,12,62.21831831831833,0.058450166743302154,14.152103744393912
phase_2.910200968296575,1.0,2.910200968296575,7.025825825825827,1.0,350,spline_s2,0,93,7,52.21131131131132,0.07375754718023703,7.020331115118836
phase_2.910200968296575,1.0,2.910200968296575,7.025825825825827,1.0,350,spline_s2,0,93,12,52.13433433433434,0.034096913943776355,6.769563883039666
phase_2.910200968296575,1.0,2.910200968296575,7.025825825825827,1.0,350,spline_s2,0,94,7,61.063663663663675,0.16907965832219105,7.200730513526452
phase_2.910200968296575,1.0,2.910200968296575,7.025825825825827,1.0,350,spline_s2,0,94,12,61.063663663663675,0.048767469091600145,7.773871574449146
phase_2.910200968296575,1.0,2.910200968296575,7.025825825825827,1.0,350,spline_s2,0,95,7,36.20010010010011,0.09658860093609149,13.707845916505448
phase_2.910200968296575,1.0,2.910200968296575,7.025825825825827,1.0,350,spline_s2,0,95,12,36.20010010010011,0.07919618440369305,15.417410707682166
phase_2.910200968296575,1.0,2.910200968296575,7.025825825825827,1.0,350,spline_s2,0,96,7,68.06856856856857,0.07494671580490908,10.405726684431727
phase_2.910200968296575,1.0,2.910200968296575,7.025825825825827,1.0,350,spline_s2,0,96,12,67.9915915915916,0.03481825458553125,9.677723364285612
phase_2.910200968296575,1.0,2.910200968296575,7.025825825825827,1.0,350,spline_s2,0,97,7,45.5912912912913,0.026494500980359426,10.24031248569392
phase_2.910200968296575,1.0,2.910200968296575,7.025825825825827,1.0,350,spline_s2,0,97,12,45.5912912912913,0.0330022376992797,10.209340861505353
phase_2.910200968296575,1.0,2.910200968296575,7.025825825825827,1.0,350,spline_s2,0,98,7,27.578678678678685,0.034613478162254824,7.939777147688574
phase_2.910200968296575,1.0,2.910200968296575,7.025825825825827,1.0,350,spline_s2,0,98,12,32.81311311311312,0.03829210772603474,8.014066970179272
phase_2.910200968296575,1.0,2.910200968296575,7.025825825825827,1.0,350,spline_s2,0,99,7,54.82852852852854,0.08356018101060902,7.028803500346385
phase_2.910200968296575,1.0,2.910200968296575,7.025825825825827,1.0,350,spline_s2,0,99,12,54.82852852852854,0.05898221952613484,6.835654550980678
phase_2.910200968296575,1.0,2.910200968296575,7.025825825825827,1.0,350,spline_s2,1.0,0,7,7.102802802802804,0.8426170637208021,96.36282496840283
phase_2.910200968296575,1.0,2.910200968296575,7.025825825825827,1.0,350,spline_s2,1.0,0,12,7.94954954954955,0.24879553586058895,16.812980385861408
phase_2.910200968296575,1.0,2.910200968296575,7.025825825825827,1.0,350,spline_s2,1.0,1,7,7.102802802802804,0.9507379946650929,125.15839837941076
phase_2.910200968296575,1.0,2.910200968296575,7.025825825825827,1.0,350,spline_s2,1.0,1,12,8.026526526526528,0.2801128958883606,23.6938326631886
phase_2.910200968296575,1.0,2.910200968296575,7.025825825825827,1.0,350,spline_s2,1.0,2,7,7.025825825825827,0.8391975358850058,92.9742572181245
phase_2.910200968296575,1.0,2.910200968296575,7.025825825825827,1.0,350,spline_s2,1.0,2,12,8.257457457457459,0.22175117061013902,13.698053834890288
phase_2.910200968296575,1.0,2.910200968296575,7.025825825825827,1.0,350,spline_s2,1.0,3,7,7.102802802802804,0.9301563765637868,116.841743000007
phase_2.910200968296575,1.0,2.910200968296575,7.025825825825827,1.0,350,spline_s2,1.0,3,12,8.180480480480481,0.25102158044127426,19.799149710059226
phase_2.910200968296575,1.0,2.910200968296575,7.025825825825827,1.0,350,spline_s2,1.0,4,7,7.025825825825827,0.8775282267367189,104.28281880134818
phase_2.910200968296575,1.0,2.910200968296575,7.025825825825827,1.0,350,spline_s2,1.0,4,12,8.026526526526528,0.25952489485254066,19.047007883654203
phase_2.910200968296575,1.0,2.910200968296575,7.025825825825827,1.0,350,spline_s2,1.0,5,7,7.102802802802804,0.8500418191689778,97.5362118712435
phase_2.910200968296575,1.0,2.910200968296575,7.025825825825827,1.0,350,spline_s2,1.0,5,12,10.489789789789791,0.22461761154950025,14.695618616011075
phase_2.910200968296575,1.0,2.910200968296575,7.025825825825827,1.0,350,spline_s2,1.0,6,7,7.025825825825827,0.8534257278858007,97.57611481346197
phase_2.910200968296575,1.0,2.910200968296575,7.025825825825827,1.0,350,spline_s2,1.0,6,12,8.026526526526528,0.24837105711264976,14.855914001135432
phase_2.910200968296575,1.0,2.910200968296575,7.025825825825827,1.0,350,spline_s2,1.0,7,7,7.025825825825827,0.9402929652434204,119.77046799693773
phase_2.910200968296575,1.0,2.910200968296575,7.025825825825827,1.0,350,spline_s2,1.0,7,12,8.103503503503504,0.2615013063428424,23.594834699093838
phase_2.910200968296575,1.0,2.910200968296575,7.025825825825827,1.0,350,spline_s2,1.0,8,7,7.102802802802804,0.9923071851074523,132.24967328999224
phase_2.910200968296575,1.0,2.910200968296575,7.025825825825827,1.0,350,spline_s2,1.0,8,12,8.180480480480481,0.28149601841199207,28.076482056306588
phase_2.910200968296575,1.0,2.910200968296575,7.025825825825827,1.0,350,spline_s2,1.0,9,7,7.17977977977978,0.911124616610854,114.0836441622543
phase_2.910200968296575,1.0,2.910200968296575,7.025825825825827,1.0,350,spline_s2,1.0,9,12,51.98038038038039,0.210616492710946,15.883550667401835
phase_2.910200968296575,1.0,2.910200968296575,7.025825825825827,1.0,350,spline_s2,1.0,10,7,6.871871871871873,0.844674343297703,99.80218357574228
phase_2.910200968296575,1.0,2.910200968296575,7.025825825825827,1.0,350,spline_s2,1.0,10,12,7.94954954954955,0.28137275416451407,22.831948758594876
phase_2.910200968296575,1.0,2.910200968296575,7.025825825825827,1.0,350,spline_s2,1.0,11,7,7.102802802802804,0.7116687430329677,69.317645214192
phase_2.910200968296575,1.0,2.910200968296575,7.025825825825827,1.0,350,spline_s2,1.0,11,12,8.103503503503504,0.21141843173971173,16.391427942685368
phase_2.910200968296575,1.0,2.910200968296575,7.025825825825827,1.0,350,spline_s2,1.0,12,7,7.102802802802804,0.8264912919306043,93.51851787601402
phase_2.910200968296575,1.0,2.910200968296575,7.025825825825827,1.0,350,spline_s2,1.0,12,12,8.103503503503504,0.2754186486955643,23.718042498018292
phase_2.910200968296575,1.0,2.910200968296575,7.025825825825827,1.0,350,spline_s2,1.0,13,7,7.025825825825827,0.8712062998888025,101.410336377752
phase_2.910200968296575,1.0,2.910200968296575,7.025825825825827,1.0,350,spline_s2,1.0,13,12,8.257457457457459,0.18661819284108375,14.08424265240842
phase_2.910200968296575,1.0,2.910200968296575,7.025825825825827,1.0,350,spline_s2,1.0,14,7,7.17977977977978,1.0040172357348975,138.74237087094934
phase_2.910200968296575,1.0,2.910200968296575,7.025825825825827,1.0,350,spline_s2,1.0,14,12,8.180480480480481,0.26880665592963865,25.23279968122722
phase_2.910200968296575,1.0,2.910200968296575,7.025825825825827,1.0,350,spline_s2,1.0,15,7,7.102802802802804,0.9599878856402776,124.85318883820872
phase_2.910200968296575,1.0,2.910200968296575,7.025825825825827,1.0,350,spline_s2,1.0,15,12,8.180480480480481,0.23995978165672685,17.475592973240964
phase_2.910200968296575,1.0,2.910200968296575,7.025825825825827,1.0,350,spline_s2,1.0,16,7,7.025825825825827,0.934338194689266,117.46395946315005
phase_2.910200968296575,1.0,2.910200968296575,7.025825825825827,1.0,350,spline_s2,1.0,16,12,8.180480480480481,0.20856095183139195,15.514188665478116
phase_2.910200968296575,1.0,2.910200968296575,7.025825825825827,1.0,350,spline_s2,1.0,17,7,7.025825825825827,0.7783930557342831,80.82036625635283
phase_2.910200968296575,1.0,2.910200968296575,7.025825825825827,1.0,350,spline_s2,1.0,17,12,10.412812812812813,0.18226305744606452,12.251977758908424
phase_2.910200968296575,1.0,2.910200968296575,7.025825825825827,1.0,350,spline_s2,1.0,18,7,7.102802802802804,0.8385656196252643,94.45733206136669
phase_2.910200968296575,1.0,2.910200968296575,7.025825825825827,1.0,350,spline_s2,1.0,18,12,7.94954954954955,0.2857534445693826,18.551659283757317
phase_2.910200968296575,1.0,2.910200968296575,7.025825825825827,1.0,350,spline_s2,1.0,19,7,6.948848848848849,0.9989024863459981,135.36339792753307
phase_2.910200968296575,1.0,2.910200968296575,7.025825825825827,1.0,350,spline_s2,1.0,19,12,8.103503503503504,0.2533719018083861,20.222816571930764
phase_2.910200968296575,1.0,2.910200968296575,7.025825825825827,1.0,350,spline_s2,1.0,20,7,7.102802802802804,0.8206715618790518,91.85291764742786
phase_2.910200968296575,1.0,2.910200968296575,7.025825825825827,1.0,350,spline_s2,1.0,20,12,8.026526526526528,0.25964120731991974,17.717806775235772
phase_2.910200968296575,1.0,2.910200968296575,7.025825825825827,1.0,350,spline_s2,1.0,21,7,6.871871871871873,0.7094003895368367,67.9052837341992
phase_2.910200968296575,1.0,2.910200968296575,7.025825825825827,1.0,350,spline_s2,1.0,21,12,60.44784784784786,0.1291926554702689,13.062396358421722
phase_2.910200968296575,1.0,2.910200968296575,7.025825825825827,1.0,350,spline_s2,1.0,22,7,7.256756756756758,0.9110712106656867,118.98727156710774
phase_2.910200968296575,1.0,2.910200968296575,7.025825825825827,1.0,350,spline_s2,1.0,22,12,8.103503503503504,0.2861879165018343,24.012143734631366
phase_2.910200968296575,1.0,2.910200968296575,7.025825825825827,1.0,350,spline_s2,1.0,23,7,7.102802802802804,1.0111168564755246,138.49178972051925
phase_2.910200968296575,1.0,2.910200968296575,7.025825825825827,1.0,350,spline_s2,1.0,23,12,8.103503503503504,0.26314823862809433,22.914471859525236
phase_2.910200968296575,1.0,2.910200968296575,7.025825825825827,1.0,350,spline_s2,1.0,24,7,6.871871871871873,0.7164474474685307,71.26932727573904
phase_2.910200968296575,1.0,2.910200968296575,7.025825825825827,1.0,350,spline_s2,1.0,24,12,8.103503503503504,0.1716505720035161,10.409200365101867
phase_2.910200968296575,1.0,2.910200968296575,7.025825825825827,1.0,350,spline_s2,1.0,25,7,7.256756756756758,0.9270451066606284,120.7226072202522
phase_2.910200968296575,1.0,2.910200968296575,7.025825825825827,1.0,350,spline_s2,1.0,25,12,8.103503503503504,0.3259204231150576,31.569751590596297
phase_2.910200968296575,1.0,2.910200968296575,7.025825825825827,1.0,350,spline_s2,1.0,26,7,7.025825825825827,0.8325761306608725,93.018966923922
phase_2.910200968296575,1.0,2.910200968296575,7.025825825825827,1.0,350,spline_s2,1.0,26,12,13.260960960960961,0.22949446865217296,15.78320897664122
phase_2.910200968296575,1.0,2.910200968296575,7.025825825825827,1.0,350,spline_s2,1.0,27,7,7.102802802802804,0.8708910362822333,101.52368691726707
phase_2.910200968296575,1.0,2.910200968296575,7.025825825825827,1.0,350,spline_s2,1.0,27,12,8.103503503503504,0.22895861584689267,16.230206036350353
phase_2.910200968296575,1.0,2.910200968296575,7.025825825825827,1.0,350,spline_s2,1.0,28,7,7.025825825825827,0.8266606310036428,94.0544542582038
phase_2.910200968296575,1.0,2.910200968296575,7.025825825825827,1.0,350,spline_s2,1.0,28,12,8.103503503503504,0.23100576009178422,16.66220761664266
phase_2.910200968296575,1.0,2.910200968296575,7.025825825825827,1.0,350,spline_s2,1.0,29,7,7.17977977977978,0.9653972173562076,129.52498896737814
phase_2.910200968296575,1.0,2.910200968296575,7.025825825825827,1.0,350,spline_s2,1.0,29,12,8.026526526526528,0.28285062275321965,25.71770469114398
phase_2.910200968296575,1.0,2.910200968296575,7.025825825825827,1.0,350,spline_s2,1.0,30,7,6.948848848848849,0.7129163997872053,69.54582783426895
phase_2.910200968296575,1.0,2.910200968296575,7.025825825825827,1.0,350,spline_s2,1.0,30,12,8.257457457457459,0.27445379733261777,30.98924512094993
phase_2.910200968296575,1.0,2.910200968296575,7.025825825825827,1.0,350,spline_s2,1.0,31,7,7.025825825825827,0.8778287523995636,102.95937681650713
phase_2.910200968296575,1.0,2.910200968296575,7.025825825825827,1.0,350,spline_s2,1.0,31,12,8.103503503503504,0.26289352917990927,21.491540897467075
phase_2.910200968296575,1.0,2.910200968296575,7.025825825825827,1.0,350,spline_s2,1.0,32,7,7.025825825825827,0.937580234482702,119.39803505187894
phase_2.910200968296575,1.0,2.910200968296575,7.025825825825827,1.0,350,spline_s2,1.0,32,12,8.103503503503504,0.3085619864455054,31.223766354272698
phase_2.910200968296575,1.0,2.910200968296575,7.025825825825827,1.0,350,spline_s2,1.0,33,7,7.17977977977978,0.7962248066795273,86.2197542516364
phase_2.910200968296575,1.0,2.910200968296575,7.025825825825827,1.0,350,spline_s2,1.0,33,12,13.953753753753755,0.19376324964149363,16.253547290290612
phase_2.910200968296575,1.0,2.910200968296575,7.025825825825827,1.0,350,spline_s2,1.0,34,7,7.102802802802804,0.7853793570528586,84.98089809213434
phase_2.910200968296575,1.0,2.910200968296575,7.025825825825827,1.0,350,spline_s2,1.0,34,12,8.026526526526528,0.27865659442656754,23.92259933201558
phase_2.910200968296575,1.0,2.910200968296575,7.025825825825827,1.0,350,spline_s2,1.0,35,7,7.025825825825827,0.9569433649451529,123.0068666262747
phase_2.910200968296575,1.0,2.910200968296575,7.025825825825827,1.0,350,spline_s2,1.0,35,12,8.180480480480481,0.2656334963895628,24.418283169618178
phase_2.910200968296575,1.0,2.910200968296575,7.025825825825827,1.0,350,spline_s2,1.0,36,7,7.025825825825827,0.9217923604297759,115.10931581683985
phase_2.910200968296575,1.0,2.910200968296575,7.025825825825827,1.0,350,spline_s2,1.0,36,12,8.103503503503504,0.2138731460194253,17.70803052229803
phase_2.910200968296575,1.0,2.910200968296575,7.025825825825827,1.0,350,spline_s2,1.0,37,7,7.025825825825827,0.8446414370653306,95.53340256582396
phase_2.910200968296575,1.0,2.910200968296575,7.025825825825827,1.0,350,spline_s2,1.0,37,12,8.257457457457459,0.2596173271632449,26.81202915013563
phase_2.910200968296575,1.0,2.910200968296575,7.025825825825827,1.0,350,spline_s2,1.0,38,7,6.948848848848849,0.8613633815425088,100.79613323566144
phase_2.910200968296575,1.0,2.910200968296575,7.025825825825827,1.0,350,spline_s2,1.0,38,12,8.103503503503504,0.22224401735234675,18.830460233461565
phase_2.910200968296575,1.0,2.910200968296575,7.025825825825827,1.0,350,spline_s2,1.0,39,7,6.948848848848849,0.7978228870722728,85.55341151845931
phase_2.910200968296575,1.0,2.910200968296575,7.025825825825827,1.0,350,spline_s2,1.0,39,12,48.054554554554564,0.18465815066221056,12.880606037643815
phase_2.910200968296575,1.0,2.910200968296575,7.025825825825827,1.0,350,spline_s2,1.0,40,7,7.256756756756758,0.8303613919436733,95.83480676721877
phase_2.910200968296575,1.0,2.910200968296575,7.025825825825827,1.0,350,spline_s2,1.0,40,12,37.8935935935936,0.178536718148335,17.85042019227285
phase_2.910200968296575,1.0,2.910200968296575,7.025825825825827,1.0,350,spline_s2,1.0,41,7,7.025825825825827,0.9122714780569033,114.01571396339506
phase_2.910200968296575,1.0,2.910200968296575,7.025825825825827,1.0,350,spline_s2,1.0,41,12,8.026526526526528,0.27380333673562085,22.386954595034524
phase_2.910200968296575,1.0,2.910200968296575,7.025825825825827,1.0,350,spline_s2,1.0,42,7,7.102802802802804,0.8881645197966181,107.3953772679404
phase_2.910200968296575,1.0,2.910200968296575,7.025825825825827,1.0,350,spline_s2,1.0,42,12,8.180480480480481,0.29171033217338815,28.949631725625295
phase_2.910200968296575,1.0,2.910200968296575,7.025825825825827,1.0,350,spline_s2,1.0,43,7,7.102802802802804,0.917086580064709,112.4801896865485
phase_2.910200968296575,1.0,2.910200968296575,7.025825825825827,1.0,350,spline_s2,1.0,43,12,8.103503503503504,0.24511607340971922,18.493077472815003
phase_2.910200968296575,1.0,2.910200968296575,7.025825825825827,1.0,350,spline_s2,1.0,44,7,7.102802802802804,0.9379210002477797,118.23931162843371
phase_2.910200968296575,1.0,2.910200968296575,7.025825825825827,1.0,350,spline_s2,1.0,44,12,8.026526526526528,0.2914381096594905,23.052475974371077
phase_2.910200968296575,1.0,2.910200968296575,7.025825825825827,1.0,350,spline_s2,1.0,45,7,7.102802802802804,0.8481594338306028,97.55389248276157
phase_2.910200968296575,1.0,2.910200968296575,7.025825825825827,1.0,350,spline_s2,1.0,45,12,8.180480480480481,0.2542979600174235,17.303361515763186
phase_2.910200968296575,1.0,2.910200968296575,7.025825825825827,1.0,350,spline_s2,1.0,46,7,7.256756756756758,0.9554461574445237,127.0307239289022
phase_2.910200968296575,1.0,2.910200968296575,7.025825825825827,1.0,350,spline_s2,1.0,46,12,8.180480480480481,0.2341061714676672,12.714597152046451
phase_2.910200968296575,1.0,2.910200968296575,7.025825825825827,1.0,350,spline_s2,1.0,47,7,7.025825825825827,0.8711046295920192,101.30513941181442
phase_2.910200968296575,1.0,2.910200968296575,7.025825825825827,1.0,350,spline_s2,1.0,47,12,8.026526526526528,0.27273349927943885,24.240430529940397
phase_2.910200968296575,1.0,2.910200968296575,7.025825825825827,1.0,350,spline_s2,1.0,48,7,7.102802802802804,0.9703895820403817,128.2910411513577
phase_2.910200968296575,1.0,2.910200968296575,7.025825825825827,1.0,350,spline_s2,1.0,48,12,8.103503503503504,0.33848711587798447,38.251805552296446
phase_2.910200968296575,1.0,2.910200968296575,7.025825825825827,1.0,350,spline_s2,1.0,49,7,7.102802802802804,0.8066677349598493,88.84225021270919
phase_2.910200968296575,1.0,2.910200968296575,7.025825825825827,1.0,350,spline_s2,1.0,49,12,8.103503503503504,0.304012761293916,29.746768191275805
phase_2.910200968296575,1.0,2.910200968296575,7.025825825825827,1.0,350,spline_s2,1.0,50,7,7.025825825825827,0.7418896184946918,72.15006952486101
phase_2.910200968296575,1.0,2.910200968296575,7.025825825825827,1.0,350,spline_s2,1.0,50,12,10.643743743743745,0.21747721181617016,20.956754178863832
phase_2.910200968296575,1.0,2.910200968296575,7.025825825825827,1.0,350,spline_s2,1.0,51,7,6.948848848848849,0.930483174445316,117.54759750570395
phase_2.910200968296575,1.0,2.910200968296575,7.025825825825827,1.0,350,spline_s2,1.0,51,12,10.643743743743745,0.20915646733753301,18.007278882721153
phase_2.910200968296575,1.0,2.910200968296575,7.025825825825827,1.0,350,spline_s2,1.0,52,7,7.025825825825827,0.8840553997890895,103.83715301452713
phase_2.910200968296575,1.0,2.910200968296575,7.025825825825827,1.0,350,spline_s2,1.0,52,12,8.026526526526528,0.23389311984884484,15.00150343901646
phase_2.910200968296575,1.0,2.910200968296575,7.025825825825827,1.0,350,spline_s2,1.0,53,7,7.17977977977978,0.8179246717609825,91.2255075231725
phase_2.910200968296575,1.0,2.910200968296575,7.025825825825827,1.0,350,spline_s2,1.0,53,12,47.28478478478479,0.21502401381702382,15.412948304902102
phase_2.910200968296575,1.0,2.910200968296575,7.025825825825827,1.0,350,spline_s2,1.0,54,7,7.102802802802804,0.8421837487131018,94.86034407078688
phase_2.910200968296575,1.0,2.910200968296575,7.025825825825827,1.0,350,spline_s2,1.0,54,12,10.951651651651654,0.2221066366740741,19.339547687433026
phase_2.910200968296575,1.0,2.910200968296575,7.025825825825827,1.0,350,spline_s2,1.0,55,7,6.948848848848849,0.8752499772215444,104.19604829783611
phase_2.910200968296575,1.0,2.910200968296575,7.025825825825827,1.0,350,spline_s2,1.0,55,12,7.94954954954955,0.25943949395392146,17.207974049667428
phase_2.910200968296575,1.0,2.910200968296575,7.025825825825827,1.0,350,spline_s2,1.0,56,7,6.871871871871873,0.7588463169934422,80.43645070494426
phase_2.910200968296575,1.0,2.910200968296575,7.025825825825827,1.0,350,spline_s2,1.0,56,12,10.566766766766769,0.23089502200782458,17.10207667292474
phase_2.910200968296575,1.0,2.910200968296575,7.025825825825827,1.0,350,spline_s2,1.0,57,7,7.102802802802804,0.907187573879434,110.7305251504352
phase_2.910200968296575,1.0,2.910200968296575,7.025825825825827,1.0,350,spline_s2,1.0,57,12,8.103503503503504,0.27867197037012287,22.82376165092532
phase_2.910200968296575,1.0,2.910200968296575,7.025825825825827,1.0,350,spline_s2,1.0,58,7,7.025825825825827,0.7682826647880674,78.60732011483827
phase_2.910200968296575,1.0,2.910200968296575,7.025825825825827,1.0,350,spline_s2,1.0,58,12,8.103503503503504,0.20179508746586478,14.741090328562905
phase_2.910200968296575,1.0,2.910200968296575,7.025825825825827,1.0,350,spline_s2,1.0,59,7,6.948848848848849,0.6906512554126072,65.69932210139274
phase_2.910200968296575,1.0,2.910200968296575,7.025825825825827,1.0,350,spline_s2,1.0,59,12,8.026526526526528,0.2302253687941321,16.03088364153956
phase_2.910200968296575,1.0,2.910200968296575,7.025825825825827,1.0,350,spline_s2,1.0,60,7,7.102802802802804,0.9653046346221579,125.86870045242472
phase_2.910200968296575,1.0,2.910200968296575,7.025825825825827,1.0,350,spline_s2,1.0,60,12,10.720720720720722,0.1475095343692283,8.584944177821484
phase_2.910200968296575,1.0,2.910200968296575,7.025825825825827,1.0,350,spline_s2,1.0,61,7,7.102802802802804,0.9493298227956344,119.91724160445636
phase_2.910200968296575,1.0,2.910200968296575,7.025825825825827,1.0,350,spline_s2,1.0,61,12,8.180480480480481,0.2605926198370292,22.064234118308434
phase_2.910200968296575,1.0,2.910200968296575,7.025825825825827,1.0,350,spline_s2,1.0,62,7,6.948848848848849,0.9929230271543916,134.44108385585304
phase_2.910200968296575,1.0,2.910200968296575,7.025825825825827,1.0,350,spline_s2,1.0,62,12,8.180480480480481,0.2838402131394143,24.55071916854712
phase_2.910200968296575,1.0,2.910200968296575,7.025825825825827,1.0,350,spline_s2,1.0,63,7,7.025825825825827,0.8431598524359103,95.9365710248174
phase_2.910200968296575,1.0,2.910200968296575,7.025825825825827,1.0,350,spline_s2,1.0,63,12,8.257457457457459,0.2585099158098989,21.59750986724589
phase_2.910200968296575,1.0,2.910200968296575,7.025825825825827,1.0,350,spline_s2,1.0,64,7,7.025825825825827,0.9007622659062696,108.71898013384111
phase_2.910200968296575,1.0,2.910200968296575,7.025825825825827,1.0,350,spline_s2,1.0,64,12,7.94954954954955,0.20313228692157623,10.369421955851578
phase_2.910200968296575,1.0,2.910200968296575,7.025825825825827,1.0,350,spline_s2,1.0,65,7,7.102802802802804,1.0572037231268583,153.45522376039992
phase_2.910200968296575,1.0,2.910200968296575,7.025825825825827,1.0,350,spline_s2,1.0,65,12,8.180480480480481,0.22905946575117805,17.3765058349054
phase_2.910200968296575,1.0,2.910200968296575,7.025825825825827,1.0,350,spline_s2,1.0,66,7,7.025825825825827,0.8439498936132543,98.80128652579452
phase_2.910200968296575,1.0,2.910200968296575,7.025825825825827,1.0,350,spline_s2,1.0,66,12,8.103503503503504,0.2533699509616838,20.007211625729724
phase_2.910200968296575,1.0,2.910200968296575,7.025825825825827,1.0,350,spline_s2,1.0,67,7,7.025825825825827,0.7615418339952418,78.23576536150637
phase_2.910200968296575,1.0,2.910200968296575,7.025825825825827,1.0,350,spline_s2,1.0,67,12,8.103503503503504,0.22260450349238503,16.09352782430983
phase_2.910200968296575,1.0,2.910200968296575,7.025825825825827,1.0,350,spline_s2,1.0,68,7,7.025825825825827,0.9167420962960616,112.59674092115944
phase_2.910200968296575,1.0,2.910200968296575,7.025825825825827,1.0,350,spline_s2,1.0,68,12,8.180480480480481,0.2502614066242985,23.79915887218789
phase_2.910200968296575,1.0,2.910200968296575,7.025825825825827,1.0,350,spline_s2,1.0,69,7,7.025825825825827,0.8915038009667772,107.41376004542656
phase_2.910200968296575,1.0,2.910200968296575,7.025825825825827,1.0,350,spline_s2,1.0,69,12,8.103503503503504,0.21363581790365918,15.972934547826412
phase_2.910200968296575,1.0,2.910200968296575,7.025825825825827,1.0,350,spline_s2,1.0,70,7,7.102802802802804,1.013852606396837,139.34710001868223
phase_2.910200968296575,1.0,2.910200968296575,7.025825825825827,1.0,350,spline_s2,1.0,70,12,8.257457457457459,0.2363175676995015,24.612751262474262
phase_2.910200968296575,1.0,2.910200968296575,7.025825825825827,1.0,350,spline_s2,1.0,71,7,7.025825825825827,0.8147198920354964,88.86766486196598
phase_2.910200968296575,1.0,2.910200968296575,7.025825825825827,1.0,350,spline_s2,1.0,71,12,8.180480480480481,0.20709916449611113,15.963883324511045
phase_2.910200968296575,1.0,2.910200968296575,7.025825825825827,1.0,350,spline_s2,1.0,72,7,7.17977977977978,0.9149175398023409,117.50263750643074
phase_2.910200968296575,1.0,2.910200968296575,7.025825825825827,1.0,350,spline_s2,1.0,72,12,8.103503503503504,0.28214491757538196,25.764274569577367
phase_2.910200968296575,1.0,2.910200968296575,7.025825825825827,1.0,350,spline_s2,1.0,73,7,7.17977977977978,0.7968164227507468,88.88358506404609
phase_2.910200968296575,1.0,2.910200968296575,7.025825825825827,1.0,350,spline_s2,1.0,73,12,8.180480480480481,0.2210029647398709,19.470789526574606
phase_2.910200968296575,1.0,2.910200968296575,7.025825825825827,1.0,350,spline_s2,1.0,74,7,7.025825825825827,0.9647095910886813,124.92194251552701
phase_2.910200968296575,1.0,2.910200968296575,7.025825825825827,1.0,350,spline_s2,1.0,74,12,10.181881881881884,0.20044005472704673,18.853981993272953
phase_2.910200968296575,1.0,2.910200968296575,7.025825825825827,1.0,350,spline_s2,1.0,75,7,7.025825825825827,0.9269764035507533,116.13190588323437
phase_2.910200968296575,1.0,2.910200968296575,7.025825825825827,1.0,350,spline_s2,1.0,75,12,7.94954954954955,0.26988116376958154,18.403112081742904
phase_2.910200968296575,1.0,2.910200968296575,7.025825825825827,1.0,350,spline_s2,1.0,76,7,7.025825825825827,0.8901301048644341,109.24863210923775
phase_2.910200968296575,1.0,2.910200968296575,7.025825825825827,1.0,350,spline_s2,1.0,76,12,8.103503503503504,0.22073447588462644,16.482378976665927
phase_2.910200968296575,1.0,2.910200968296575,7.025825825825827,1.0,350,spline_s2,1.0,77,7,7.17977977977978,0.835653233902359,93.77401759030124
phase_2.910200968296575,1.0,2.910200968296575,7.025825825825827,1.0,350,spline_s2,1.0,77,12,8.180480480480481,0.26362103582600577,19.34456413340405
phase_2.910200968296575,1.0,2.910200968296575,7.025825825825827,1.0,350,spline_s2,1.0,78,7,7.102802802802804,0.7369111549383862,74.53763595589606
phase_2.910200968296575,1.0,2.910200968296575,7.025825825825827,1.0,350,spline_s2,1.0,78,12,8.257457457457459,0.22675289076483537,17.680256214932967
phase_2.910200968296575,1.0,2.910200968296575,7.025825825825827,1.0,350,spline_s2,1.0,79,7,6.948848848848849,0.9342650251632972,118.02280109272473
phase_2.910200968296575,1.0,2.910200968296575,7.025825825825827,1.0,350,spline_s2,1.0,79,12,8.257457457457459,0.23004668855875812,19.160475858843057
phase_2.910200968296575,1.0,2.910200968296575,7.025825825825827,1.0,350,spline_s2,1.0,80,7,7.102802802802804,0.8303635734192468,91.96723188956418
phase_2.910200968296575,1.0,2.910200968296575,7.025825825825827,1.0,350,spline_s2,1.0,80,12,8.103503503503504,0.22414661136706224,15.454256670030219
phase_2.910200968296575,1.0,2.910200968296575,7.025825825825827,1.0,350,spline_s2,1.0,81,7,7.102802802802804,1.047013112439192,147.62710166785527
phase_2.910200968296575,1.0,2.910200968296575,7.025825825825827,1.0,350,spline_s2,1.0,81,12,8.257457457457459,0.3027767490274504,30.61429052631331
phase_2.910200968296575,1.0,2.910200968296575,7.025825825825827,1.0,350,spline_s2,1.0,82,7,7.17977977977978,0.8521239157288812,99.96499128189953
phase_2.910200968296575,1.0,2.910200968296575,7.025825825825827,1.0,350,spline_s2,1.0,82,12,8.103503503503504,0.19976923207250846,12.224082704148032
phase_2.910200968296575,1.0,2.910200968296575,7.025825825825827,1.0,350,spline_s2,1.0,83,7,7.17977977977978,0.843960496403321,97.74190171111303
phase_2.910200968296575,1.0,2.910200968296575,7.025825825825827,1.0,350,spline_s2,1.0,83,12,8.103503503503504,0.17858196717035713,9.747089213559832
phase_2.910200968296575,1.0,2.910200968296575,7.025825825825827,1.0,350,spline_s2,1.0,84,7,7.025825825825827,0.9599226198955958,123.4593562154239
phase_2.910200968296575,1.0,2.910200968296575,7.025825825825827,1.0,350,spline_s2,1.0,84,12,8.103503503503504,0.2384915346596751,17.67250827114509
phase_2.910200968296575,1.0,2.910200968296575,7.025825825825827,1.0,350,spline_s2,1.0,85,7,7.025825825825827,0.9585483426939121,123.14383446309893
phase_2.910200968296575,1.0,2.910200968296575,7.025825825825827,1.0,350,spline_s2,1.0,85,12,10.720720720720722,0.1910256605518264,14.63700189724068
phase_2.910200968296575,1.0,2.910200968296575,7.025825825825827,1.0,350,spline_s2,1.0,86,7,7.025825825825827,0.8546552587006715,97.54148830504641
phase_2.910200968296575,1.0,2.910200968296575,7.025825825825827,1.0,350,spline_s2,1.0,86,12,18.18748748748749,0.21703808599386348,15.022348830347823
phase_2.910200968296575,1.0,2.910200968296575,7.025825825825827,1.0,350,spline_s2,1.0,87,7,7.102802802802804,0.8837190091308018,106.39711793477738
phase_2.910200968296575,1.0,2.910200968296575,7.025825825825827,1.0,350,spline_s2,1.0,87,12,8.257457457457459,0.2327631407417203,20.12664345526582
phase_2.910200968296575,1.0,2.910200968296575,7.025825825825827,1.0,350,spline_s2,1.0,88,7,7.025825825825827,0.7698102005875229,79.59839441609046
phase_2.910200968296575,1.0,2.910200968296575,7.025825825825827,1.0,350,spline_s2,1.0,88,12,62.14134134134135,0.14435779617135636,16.747823175265353
phase_2.910200968296575,1.0,2.910200968296575,7.025825825825827,1.0,350,spline_s2,1.0,89,7,7.17977977977978,1.0027371010419752,138.51505072991012
phase_2.910200968296575,1.0,2.910200968296575,7.025825825825827,1.0,350,spline_s2,1.0,89,12,8.103503503503504,0.3152978638571871,28.84386909917737
phase_2.910200968296575,1.0,2.910200968296575,7.025825825825827,1.0,350,spline_s2,1.0,90,7,7.102802802802804,0.8656824454194615,101.84638707871056
phase_2.910200968296575,1.0,2.910200968296575,7.025825825825827,1.0,350,spline_s2,1.0,90,12,25.038438438438444,0.1703987154905028,12.42737197915352
phase_2.910200968296575,1.0,2.910200968296575,7.025825825825827,1.0,350,spline_s2,1.0,91,7,7.025825825825827,0.8060528586522184,87.96024780646724
phase_2.910200968296575,1.0,2.910200968296575,7.025825825825827,1.0,350,spline_s2,1.0,91,12,8.103503503503504,0.23673109978551748,18.94018809338297
phase_2.910200968296575,1.0,2.910200968296575,7.025825825825827,1.0,350,spline_s2,1.0,92,7,7.17977977977978,0.7933388308887629,84.9448060398613
phase_2.910200968296575,1.0,2.910200968296575,7.025825825825827,1.0,350,spline_s2,1.0,92,12,8.180480480480481,0.19654895318665,12.272616969045373
phase_2.910200968296575,1.0,2.910200968296575,7.025825825825827,1.0,350,spline_s2,1.0,93,7,7.025825825825827,0.9115247770358591,112.68804623202618
phase_2.910200968296575,1.0,2.910200968296575,7.025825825825827,1.0,350,spline_s2,1.0,93,12,8.180480480480481,0.28195500263854534,24.604260467717154
phase_2.910200968296575,1.0,2.910200968296575,7.025825825825827,1.0,350,spline_s2,1.0,94,7,7.025825825825827,0.8273464165034567,90.8963824849481
phase_2.910200968296575,1.0,2.910200968296575,7.025825825825827,1.0,350,spline_s2,1.0,94,12,41.04964964964966,0.2088940988616459,14.927728644010386
phase_2.910200968296575,1.0,2.910200968296575,7.025825825825827,1.0,350,spline_s2,1.0,95,7,7.17977977977978,0.7940073667609117,85.93291168378852
phase_2.910200968296575,1.0,2.910200968296575,7.025825825825827,1.0,350,spline_s2,1.0,95,12,8.334434434434435,0.18237326493100367,12.15471607047482
phase_2.910200968296575,1.0,2.910200968296575,7.025825825825827,1.0,350,spline_s2,1.0,96,7,7.025825825825827,0.7891718905381145,83.72613453707135
phase_2.910200968296575,1.0,2.910200968296575,7.025825825825827,1.0,350,spline_s2,1.0,96,12,8.334434434434435,0.1694625797767344,11.441159844912704
phase_2.910200968296575,1.0,2.910200968296575,7.025825825825827,1.0,350,spline_s2,1.0,97,7,7.025825825825827,0.9508091101090618,120.33738441487486
phase_2.910200968296575,1.0,2.910200968296575,7.025825825825827,1.0,350,spline_s2,1.0,97,12,27.193793793793798,0.15085664161660273,15.570900193283222
phase_2.910200968296575,1.0,2.910200968296575,7.025825825825827,1.0,350,spline_s2,1.0,98,7,7.102802802802804,0.9469591202220357,120.9229790641636
phase_2.910200968296575,1.0,2.910200968296575,7.025825825825827,1.0,350,spline_s2,1.0,98,12,8.180480480480481,0.30568154998605096,39.33727312785459
phase_2.910200968296575,1.0,2.910200968296575,7.025825825825827,1.0,350,spline_s2,1.0,99,7,6.948848848848849,0.7295279800019162,74.01159044382621
phase_2.910200968296575,1.0,2.910200968296575,7.025825825825827,1.0,350,spline_s2,1.0,99,12,7.94954954954955,0.2659879808491863,19.274687611896013
omega_5.620660660660661,1.0,-0.2313916852932179,5.620660660660661,1.0,350,spline_s2,0,0,7,27.347747747747754,0.09786061503812375,8.671373660498944
omega_5.620660660660661,1.0,-0.2313916852932179,5.620660660660661,1.0,350,spline_s2,0,0,12,62.603203203203215,0.01516158823345027,8.175444259053961
omega_5.620660660660661,1.0,-0.2313916852932179,5.620660660660661,1.0,350,spline_s2,0,1,7,41.12662662662663,0.10846619990746918,15.943740914061493
omega_5.620660660660661,1.0,-0.2313916852932179,5.620660660660661,1.0,350,spline_s2,0,1,12,41.04964964964966,0.026407264929292105,15.121043725967354
omega_5.620660660660661,1.0,-0.2313916852932179,5.620660660660661,1.0,350,spline_s2,0,2,7,13.953753753753755,0.204745178502426,8.322429138326925
omega_5.620660660660661,1.0,-0.2313916852932179,5.620660660660661,1.0,350,spline_s2,0,2,12,14.107707707707709,0.016030100146260915,9.69198208842829
omega_5.620660660660661,1.0,-0.2313916852932179,5.620660660660661,1.0,350,spline_s2,0,3,7,53.135035035035045,0.15725287960688136,7.971166987855042
omega_5.620660660660661,1.0,-0.2313916852932179,5.620660660660661,1.0,350,spline_s2,0,3,12,53.135035035035045,0.01969841766625412,8.082928314538435
omega_5.620660660660661,1.0,-0.2313916852932179,5.620660660660661,1.0,350,spline_s2,0,4,7,40.74174174174175,0.11599691780128087,10.133713640908468
omega_5.620660660660661,1.0,-0.2313916852932179,5.620660660660661,1.0,350,spline_s2,0,4,12,40.74174174174175,0.007854712867594836,10.883654529290538
omega_5.620660660660661,1.0,-0.2313916852932179,5.620660660660661,1.0,350,spline_s2,0,5,7,35.430330330330335,0.17237716814153087,6.82740473718502
omega_5.620660660660661,1.0,-0.2313916852932179,5.620660660660661,1.0,350,spline_s2,0,5,12,19.650050050050055,0.006045680307935441,6.189941890976513
omega_5.620660660660661,1.0,-0.2313916852932179,5.620660660660661,1.0,350,spline_s2,0,6,7,32.351251251251256,0.09902981109080815,8.923903087421763
omega_5.620660660660661,1.0,-0.2313916852932179,5.620660660660661,1.0,350,spline_s2,0,6,12,32.428228228228235,0.02737201730644786,9.015129375343093
omega_5.620660660660661,1.0,-0.2313916852932179,5.620660660660661,1.0,350,spline_s2,0,7,7,15.801201201201202,0.026823344128792788,8.313295393586316
omega_5.620660660660661,1.0,-0.2313916852932179,5.620660660660661,1.0,350,spline_s2,0,7,12,15.801201201201202,0.009407314166220334,8.357510861203139
omega_5.620660660660661,1.0,-0.2313916852932179,5.620660660660661,1.0,350,spline_s2,0,8,7,8.257457457457459,0.08997697117111886,6.96796030183927
omega_5.620660660660661,1.0,-0.2313916852932179,5.620660660660661,1.0,350,spline_s2,0,8,12,78.46046046046047,0.030007420886443214,5.038628292242208
omega_5.620660660660661,1.0,-0.2313916852932179,5.620660660660661,1.0,350,spline_s2,0,9,7,52.44224224224225,0.10813043048604673,14.858948417765134
omega_5.620660660660661,1.0,-0.2313916852932179,5.620660660660661,1.0,350,spline_s2,0,9,12,52.44224224224225,0.021958529857462352,14.341197316643331
omega_5.620660660660661,1.0,-0.2313916852932179,5.620660660660661,1.0,350,spline_s2,0,10,7,50.36386386386387,0.046402885716684786,10.940224648260028
omega_5.620660660660661,1.0,-0.2313916852932179,5.620660660660661,1.0,350,spline_s2,0,10,12,50.36386386386387,0.023069328486317205,10.793119909585869
omega_5.620660660660661,1.0,-0.2313916852932179,5.620660660660661,1.0,350,spline_s2,0,11,7,16.878878878878883,0.101602765538851,12.54354485984419
omega_5.620660660660661,1.0,-0.2313916852932179,5.620660660660661,1.0,350,spline_s2,0,11,12,16.95585585585586,0.019269650432090255,11.350303883587628
omega_5.620660660660661,1.0,-0.2313916852932179,5.620660660660661,1.0,350,spline_s2,0,12,7,31.196596596596603,0.14196088203844143,9.871250844162574
omega_5.620660660660661,1.0,-0.2313916852932179,5.620660660660661,1.0,350,spline_s2,0,12,12,31.196596596596603,0.019293564486414512,9.955559720548763
omega_5.620660660660661,1.0,-0.2313916852932179,5.620660660660661,1.0,350,spline_s2,0,13,7,60.986686686686696,0.07868375031451498,8.14901263430491
omega_5.620660660660661,1.0,-0.2313916852932179,5.620660660660661,1.0,350,spline_s2,0,13,12,60.909709709709716,0.02283516663174333,8.187205780580797
omega_5.620660660660661,1.0,-0.2313916852932179,5.620660660660661,1.0,350,spline_s2,0,14,7,74.07277277277278,0.05094921455149191,6.870494007403636
omega_5.620660660660661,1.0,-0.2313916852932179,5.620660660660661,1.0,350,spline_s2,0,14,12,74.07277277277278,0.005614733525900741,6.963629088549595
omega_5.620660660660661,1.0,-0.2313916852932179,5.620660660660661,1.0,350,spline_s2,0,15,7,10.489789789789791,0.11600050687271488,9.275484378412045
omega_5.620660660660661,1.0,-0.2313916852932179,5.620660660660661,1.0,350,spline_s2,0,15,12,10.489789789789791,0.008039274916497103,9.97489490783903
omega_5.620660660660661,1.0,-0.2313916852932179,5.620660660660661,1.0,350,spline_s2,0,16,7,13.414914914914917,0.08947323938960121,6.218945305669479
omega_5.620660660660661,1.0,-0.2313916852932179,5.620660660660661,1.0,350,spline_s2,0,16,12,13.645845845845846,0.028951988427501348,5.810623284429681
omega_5.620660660660661,1.0,-0.2313916852932179,5.620660660660661,1.0,350,spline_s2,0,17,7,23.652852852852856,0.07194354643594723,7.523546220632824
omega_5.620660660660661,1.0,-0.2313916852932179,5.620660660660661,1.0,350,spline_s2,0,17,12,23.57587587587588,0.020360404012229202,6.966755074731253
omega_5.620660660660661,1.0,-0.2313916852932179,5.620660660660661,1.0,350,spline_s2,0,18,7,68.53043043043043,0.17660649226944647,9.206248522850842
omega_5.620660660660661,1.0,-0.2313916852932179,5.620660660660661,1.0,350,spline_s2,0,18,12,68.53043043043043,0.02515888832367412,9.059501608613573
omega_5.620660660660661,1.0,-0.2313916852932179,5.620660660660661,1.0,350,spline_s2,0,19,7,43.97477477477478,0.11660311430067077,12.380032256796682
omega_5.620660660660661,1.0,-0.2313916852932179,5.620660660660661,1.0,350,spline_s2,0,19,12,43.97477477477478,0.023608315931373636,11.807274680453617
omega_5.620660660660661,1.0,-0.2313916852932179,5.620660660660661,1.0,350,spline_s2,0,20,7,15.955155155155156,0.11606566170857958,9.258307815907415
omega_5.620660660660661,1.0,-0.2313916852932179,5.620660660660661,1.0,350,spline_s2,0,20,12,64.14274274274275,0.009163489213721824,7.238989806064694
omega_5.620660660660661,1.0,-0.2313916852932179,5.620660660660661,1.0,350,spline_s2,0,21,7,37.97057057057058,0.03144050360472151,10.689935652568124
omega_5.620660660660661,1.0,-0.2313916852932179,5.620660660660661,1.0,350,spline_s2,0,21,12,37.97057057057058,0.005164360077914279,10.927948918230129
omega_5.620660660660661,1.0,-0.2313916852932179,5.620660660660661,1.0,350,spline_s2,0,22,7,36.738938938938944,0.08877807464828683,8.755561818036654
omega_5.620660660660661,1.0,-0.2313916852932179,5.620660660660661,1.0,350,spline_s2,0,22,12,36.738938938938944,0.03170960220332169,9.24883273093559
omega_5.620660660660661,1.0,-0.2313916852932179,5.620660660660661,1.0,350,spline_s2,0,23,7,48.43943943943945,0.041466559851464996,8.246262376453728
omega_5.620660660660661,1.0,-0.2313916852932179,5.620660660660661,1.0,350,spline_s2,0,23,12,48.285485485485495,0.02501412462472962,8.327287600713873
omega_5.620660660660661,1.0,-0.2313916852932179,5.620660660660661,1.0,350,spline_s2,0,24,7,44.66756756756757,0.07685077539804092,5.990452794791281
omega_5.620660660660661,1.0,-0.2313916852932179,5.620660660660661,1.0,350,spline_s2,0,24,12,44.66756756756757,0.010662116511140251,5.8772645466311815
omega_5.620660660660661,1.0,-0.2313916852932179,5.620660660660661,1.0,350,spline_s2,0,25,7,61.14064064064065,0.12997939454217602,8.567506215373044
omega_5.620660660660661,1.0,-0.2313916852932179,5.620660660660661,1.0,350,spline_s2,0,25,12,61.14064064064065,0.01437239825792358,8.306469327349703
omega_5.620660660660661,1.0,-0.2313916852932179,5.620660660660661,1.0,350,spline_s2,0,26,7,37.046846846846854,0.18261594587689198,10.21551834467192
omega_5.620660660660661,1.0,-0.2313916852932179,5.620660660660661,1.0,350,spline_s2,0,26,12,36.969869869869875,0.014839104737618378,9.529986952457818
omega_5.620660660660661,1.0,-0.2313916852932179,5.620660660660661,1.0,350,spline_s2,0,27,7,9.335135135135136,0.10538052785229,12.101173376841302
omega_5.620660660660661,1.0,-0.2313916852932179,5.620660660660661,1.0,350,spline_s2,0,27,12,51.210610610610615,0.01241499536278053,8.867955043152563
omega_5.620660660660661,1.0,-0.2313916852932179,5.620660660660661,1.0,350,spline_s2,0,28,7,55.36736736736738,0.06652829910425367,12.718209679320694
omega_5.620660660660661,1.0,-0.2313916852932179,5.620660660660661,1.0,350,spline_s2,0,28,12,55.36736736736738,0.019385780121377583,13.365547994072045
omega_5.620660660660661,1.0,-0.2313916852932179,5.620660660660661,1.0,350,spline_s2,0,29,7,29.349149149149156,0.04269406891952994,9.528539627020791
omega_5.620660660660661,1.0,-0.2313916852932179,5.620660660660661,1.0,350,spline_s2,0,29,12,29.1951951951952,0.017219047329194485,6.534767200760257
omega_5.620660660660661,1.0,-0.2313916852932179,5.620660660660661,1.0,350,spline_s2,0,30,7,33.890790790790795,0.06322042039325025,9.995395908890316
omega_5.620660660660661,1.0,-0.2313916852932179,5.620660660660661,1.0,350,spline_s2,0,30,12,33.890790790790795,0.01654870467269322,11.680808405864298
omega_5.620660660660661,1.0,-0.2313916852932179,5.620660660660661,1.0,350,spline_s2,0,31,7,25.11541541541542,0.12279543821885647,8.804228196072444
omega_5.620660660660661,1.0,-0.2313916852932179,5.620660660660661,1.0,350,spline_s2,0,31,12,25.11541541541542,0.03270714819667556,8.234344058926808
omega_5.620660660660661,1.0,-0.2313916852932179,5.620660660660661,1.0,350,spline_s2,0,32,7,11.721421421421422,0.1551976971045291,5.550956759229024
omega_5.620660660660661,1.0,-0.2313916852932179,5.620660660660661,1.0,350,spline_s2,0,32,12,47.74664664664665,0.013065460366280821,5.2921896029613436
omega_5.620660660660661,1.0,-0.2313916852932179,5.620660660660661,1.0,350,spline_s2,0,33,7,59.67807807807809,0.11710902409051911,10.640858051180146
omega_5.620660660660661,1.0,-0.2313916852932179,5.620660660660661,1.0,350,spline_s2,0,33,12,59.67807807807809,0.0008535847525930686,10.547592501136762
omega_5.620660660660661,1.0,-0.2313916852932179,5.620660660660661,1.0,350,spline_s2,0,34,7,39.894994994995,0.07188380822784002,10.85812053820888
omega_5.620660660660661,1.0,-0.2313916852932179,5.620660660660661,1.0,350,spline_s2,0,34,12,39.74104104104105,0.010701884428167649,11.596498847239388
omega_5.620660660660661,1.0,-0.2313916852932179,5.620660660660661,1.0,350,spline_s2,0,35,7,16.34004004004004,0.0706905014386343,9.788859169486045
omega_5.620660660660661,1.0,-0.2313916852932179,5.620660660660661,1.0,350,spline_s2,0,35,12,43.589889889889896,0.035390196981462056,9.060852765302627
omega_5.620660660660661,1.0,-0.2313916852932179,5.620660660660661,1.0,350,spline_s2,0,36,7,53.82782782782784,0.07659087389017058,12.014730639329287
omega_5.620660660660661,1.0,-0.2313916852932179,5.620660660660661,1.0,350,spline_s2,0,36,12,53.82782782782784,0.027741364157513614,11.780944941671805
omega_5.620660660660661,1.0,-0.2313916852932179,5.620660660660661,1.0,350,spline_s2,0,37,7,53.82782782782784,0.11208170580657724,9.413648613572235
omega_5.620660660660661,1.0,-0.2313916852932179,5.620660660660661,1.0,350,spline_s2,0,37,12,53.82782782782784,0.017614804617836783,8.857820329781447
omega_5.620660660660661,1.0,-0.2313916852932179,5.620660660660661,1.0,350,spline_s2,0,38,7,16.724924924924927,0.010978183024557197,10.45643353716818
omega_5.620660660660661,1.0,-0.2313916852932179,5.620660660660661,1.0,350,spline_s2,0,38,12,16.95585585585586,0.02521186064665306,12.50788234338674
omega_5.620660660660661,1.0,-0.2313916852932179,5.620660660660661,1.0,350,spline_s2,0,39,7,56.90690690690692,0.1694794680309829,9.715207662548494
omega_5.620660660660661,1.0,-0.2313916852932179,5.620660660660661,1.0,350,spline_s2,0,39,12,56.82992992992994,0.0187241871220769,9.654795486311002
omega_5.620660660660661,1.0,-0.2313916852932179,5.620660660660661,1.0,350,spline_s2,0,40,7,9.48908908908909,0.09800543113610977,8.651707073445095
omega_5.620660660660661,1.0,-0.2313916852932179,5.620660660660661,1.0,350,spline_s2,0,40,12,24.88448448448449,0.05408695945792591,7.642825287339804
omega_5.620660660660661,1.0,-0.2313916852932179,5.620660660660661,1.0,350,spline_s2,0,41,7,58.67737737737739,0.1625022830924817,11.225042805417843
omega_5.620660660660661,1.0,-0.2313916852932179,5.620660660660661,1.0,350,spline_s2,0,41,12,55.906206206206214,0.017512866182732977,11.323344719997635
omega_5.620660660660661,1.0,-0.2313916852932179,5.620660660660661,1.0,350,spline_s2,0,42,7,18.72632632632633,0.08627371473596719,8.714236823202043
omega_5.620660660660661,1.0,-0.2313916852932179,5.620660660660661,1.0,350,spline_s2,0,42,12,48.43943943943945,0.021101792147953703,8.366747559638554
omega_5.620660660660661,1.0,-0.2313916852932179,5.620660660660661,1.0,350,spline_s2,0,43,7,37.81661661661662,0.11944460391068057,7.129198380252149
omega_5.620660660660661,1.0,-0.2313916852932179,5.620660660660661,1.0,350,spline_s2,0,43,12,37.73963963963965,0.022666988239791058,8.267280933747884
omega_5.620660660660661,1.0,-0.2313916852932179,5.620660660660661,1.0,350,spline_s2,0,44,7,24.961461461461464,0.12843777325631123,11.357852803932872
omega_5.620660660660661,1.0,-0.2313916852932179,5.620660660660661,1.0,350,spline_s2,0,44,12,24.961461461461464,0.020070976994332555,11.072774330731988
omega_5.620660660660661,1.0,-0.2313916852932179,5.620660660660661,1.0,350,spline_s2,0,45,7,71.3016016016016,0.07457213877330326,8.188919060911331
omega_5.620660660660661,1.0,-0.2313916852932179,5.620660660660661,1.0,350,spline_s2,0,45,12,71.22462462462462,0.022019214455880284,8.0716919724656
omega_5.620660660660661,1.0,-0.2313916852932179,5.620660660660661,1.0,350,spline_s2,0,46,7,80.0,0.08981279699332662,9.360507322691575
omega_5.620660660660661,1.0,-0.2313916852932179,5.620660660660661,1.0,350,spline_s2,0,46,12,80.0,0.023444641633768547,8.716934420771082
omega_5.620660660660661,1.0,-0.2313916852932179,5.620660660660661,1.0,350,spline_s2,0,47,7,44.35965965965967,0.1562276487882888,7.881141860580556
omega_5.620660660660661,1.0,-0.2313916852932179,5.620660660660661,1.0,350,spline_s2,0,47,12,44.43663663663664,0.0212657426819696,7.25455217295854
omega_5.620660660660661,1.0,-0.2313916852932179,5.620660660660661,1.0,350,spline_s2,0,48,7,11.952352352352353,0.07303234808040666,9.3803384203581
omega_5.620660660660661,1.0,-0.2313916852932179,5.620660660660661,1.0,350,spline_s2,0,48,12,12.02932932932933,0.02095046354430583,8.801015051127536
omega_5.620660660660661,1.0,-0.2313916852932179,5.620660660660661,1.0,350,spline_s2,0,49,7,9.258158158158158,0.09747369908563375,10.455490561424199
omega_5.620660660660661,1.0,-0.2313916852932179,5.620660660660661,1.0,350,spline_s2,0,49,12,35.04544544544545,0.03261505773599344,9.10195388490115
omega_5.620660660660661,1.0,-0.2313916852932179,5.620660660660661,1.0,350,spline_s2,0,50,7,74.14974974974976,0.05947752145373018,10.245988156192539
omega_5.620660660660661,1.0,-0.2313916852932179,5.620660660660661,1.0,350,spline_s2,0,50,12,74.14974974974976,0.03701635820822135,9.972073364871676
omega_5.620660660660661,1.0,-0.2313916852932179,5.620660660660661,1.0,350,spline_s2,0,51,7,46.745945945945955,0.014265048057109219,7.807255642845718
omega_5.620660660660661,1.0,-0.2313916852932179,5.620660660660661,1.0,350,spline_s2,0,51,12,46.745945945945955,0.015913055934758592,7.6086623353267555
omega_5.620660660660661,1.0,-0.2313916852932179,5.620660660660661,1.0,350,spline_s2,0,52,7,65.68228228228229,0.02482969688252746,13.89807283945936
omega_5.620660660660661,1.0,-0.2313916852932179,5.620660660660661,1.0,350,spline_s2,0,52,12,65.68228228228229,0.04381821770500384,13.636704013865028
omega_5.620660660660661,1.0,-0.2313916852932179,5.620660660660661,1.0,350,spline_s2,0,53,7,50.44084084084085,0.10596070850912978,9.229504484794944
omega_5.620660660660661,1.0,-0.2313916852932179,5.620660660660661,1.0,350,spline_s2,0,53,12,57.21481481481482,0.014755361285421313,10.738416325754201
omega_5.620660660660661,1.0,-0.2313916852932179,5.620660660660661,1.0,350,spline_s2,0,54,7,68.14554554554554,0.11855393008935858,7.212412613662394
omega_5.620660660660661,1.0,-0.2313916852932179,5.620660660660661,1.0,350,spline_s2,0,54,12,25.65425425425426,0.028613797952850753,7.0611502663115004
omega_5.620660660660661,1.0,-0.2313916852932179,5.620660660660661,1.0,350,spline_s2,0,55,7,23.883783783783787,0.05322443743178787,11.143616098624904
omega_5.620660660660661,1.0,-0.2313916852932179,5.620660660660661,1.0,350,spline_s2,0,55,12,23.729829829829836,0.019272710465025444,11.628339889189192
omega_5.620660660660661,1.0,-0.2313916852932179,5.620660660660661,1.0,350,spline_s2,0,56,7,41.896396396396405,0.06878995486039013,12.971802364861418
omega_5.620660660660661,1.0,-0.2313916852932179,5.620660660660661,1.0,350,spline_s2,0,56,12,50.67177177177178,0.014785467043683824,12.605454017390883
omega_5.620660660660661,1.0,-0.2313916852932179,5.620660660660661,1.0,350,spline_s2,0,57,7,30.811711711711716,0.11464055650392577,10.728880514112177
omega_5.620660660660661,1.0,-0.2313916852932179,5.620660660660661,1.0,350,spline_s2,0,57,12,30.73473473473474,0.016314690687769567,10.641575320596473
omega_5.620660660660661,1.0,-0.2313916852932179,5.620660660660661,1.0,350,spline_s2,0,58,7,77.22882882882884,0.1014371449290051,6.24606522350868
omega_5.620660660660661,1.0,-0.2313916852932179,5.620660660660661,1.0,350,spline_s2,0,58,12,77.15185185185186,0.003671263297925474,6.431486629051932
omega_5.620660660660661,1.0,-0.2313916852932179,5.620660660660661,1.0,350,spline_s2,0,59,7,76.22812812812813,0.03780110102312373,12.219880163531911
omega_5.620660660660661,1.0,-0.2313916852932179,5.620660660660661,1.0,350,spline_s2,0,59,12,76.22812812812813,0.014778001665537404,12.251664721006023
omega_5.620660660660661,1.0,-0.2313916852932179,5.620660660660661,1.0,350,spline_s2,0,60,7,74.91951951951953,0.03950942677597758,10.921428213688102
omega_5.620660660660661,1.0,-0.2313916852932179,5.620660660660661,1.0,350,spline_s2,0,60,12,74.91951951951953,0.0042172555012671845,11.090459952313779
omega_5.620660660660661,1.0,-0.2313916852932179,5.620660660660661,1.0,350,spline_s2,0,61,7,38.97127127127128,0.10659378955282095,9.779208173282711
omega_5.620660660660661,1.0,-0.2313916852932179,5.620660660660661,1.0,350,spline_s2,0,61,12,38.97127127127128,0.04391326772958352,9.590194973296235
omega_5.620660660660661,1.0,-0.2313916852932179,5.620660660660661,1.0,350,spline_s2,0,62,7,64.37367367367368,0.03492066274726769,5.7799462490240785
omega_5.620660660660661,1.0,-0.2313916852932179,5.620660660660661,1.0,350,spline_s2,0,62,12,64.52762762762764,0.016846880459747558,6.191230003596331
omega_5.620660660660661,1.0,-0.2313916852932179,5.620660660660661,1.0,350,spline_s2,0,63,7,36.738938938938944,0.07928479979105242,10.893158365651232
omega_5.620660660660661,1.0,-0.2313916852932179,5.620660660660661,1.0,350,spline_s2,0,63,12,36.66196196196197,0.014157254086288524,10.366300537692666
omega_5.620660660660661,1.0,-0.2313916852932179,5.620660660660661,1.0,350,spline_s2,0,64,7,55.67527527527528,0.08450530761815045,5.235417685602783
omega_5.620660660660661,1.0,-0.2313916852932179,5.620660660660661,1.0,350,spline_s2,0,64,12,55.67527527527528,0.011653507476020456,5.2115693204150375
omega_5.620660660660661,1.0,-0.2313916852932179,5.620660660660661,1.0,350,spline_s2,0,65,7,66.29809809809811,0.051132877305881765,7.19449823035086
omega_5.620660660660661,1.0,-0.2313916852932179,5.620660660660661,1.0,350,spline_s2,0,65,12,66.37507507507509,0.00572685757403855,7.178482561529563
omega_5.620660660660661,1.0,-0.2313916852932179,5.620660660660661,1.0,350,spline_s2,0,66,7,22.190290290290296,0.06803183716811327,7.790244267893968
omega_5.620660660660661,1.0,-0.2313916852932179,5.620660660660661,1.0,350,spline_s2,0,66,12,22.190290290290296,0.013649374108091581,7.831235476128768
omega_5.620660660660661,1.0,-0.2313916852932179,5.620660660660661,1.0,350,spline_s2,0,67,7,65.37437437437438,0.08084432169788186,11.351419740909591
omega_5.620660660660661,1.0,-0.2313916852932179,5.620660660660661,1.0,350,spline_s2,0,67,12,65.2973973973974,0.01850717296063468,11.678149142287964
omega_5.620660660660661,1.0,-0.2313916852932179,5.620660660660661,1.0,350,spline_s2,0,68,7,73.84184184184184,0.08743441467664538,11.782438246464437
omega_5.620660660660661,1.0,-0.2313916852932179,5.620660660660661,1.0,350,spline_s2,0,68,12,73.91881881881882,0.01105312397816277,12.079460580369016
omega_5.620660660660661,1.0,-0.2313916852932179,5.620660660660661,1.0,350,spline_s2,0,69,7,26.808908908908915,0.12756305645669958,17.98531465108715
omega_5.620660660660661,1.0,-0.2313916852932179,5.620660660660661,1.0,350,spline_s2,0,69,12,26.88588588588589,0.004378044440546556,14.289607468830127
omega_5.620660660660661,1.0,-0.2313916852932179,5.620660660660661,1.0,350,spline_s2,0,70,7,57.445745745745754,0.08334648773266905,9.661239983405324
omega_5.620660660660661,1.0,-0.2313916852932179,5.620660660660661,1.0,350,spline_s2,0,70,12,57.36876876876878,0.025321920929075818,9.184747450992404
omega_5.620660660660661,1.0,-0.2313916852932179,5.620660660660661,1.0,350,spline_s2,0,71,7,48.208508508508515,0.07004833615656672,9.020223202224656
omega_5.620660660660661,1.0,-0.2313916852932179,5.620660660660661,1.0,350,spline_s2,0,71,12,48.285485485485495,0.012353075101897737,9.185421130057733
omega_5.620660660660661,1.0,-0.2313916852932179,5.620660660660661,1.0,350,spline_s2,0,72,7,24.037737737737743,0.12694448261133368,8.167491486146929
omega_5.620660660660661,1.0,-0.2313916852932179,5.620660660660661,1.0,350,spline_s2,0,72,12,24.037737737737743,0.04749252424741089,8.726296446904996
omega_5.620660660660661,1.0,-0.2313916852932179,5.620660660660661,1.0,350,spline_s2,0,73,7,65.37437437437438,0.18724312823929512,8.103361260197289
omega_5.620660660660661,1.0,-0.2313916852932179,5.620660660660661,1.0,350,spline_s2,0,73,12,7.94954954954955,0.03092602324027884,7.662132747576209
omega_5.620660660660661,1.0,-0.2313916852932179,5.620660660660661,1.0,350,spline_s2,0,74,7,75.53533533533535,0.18787709670628883,10.148850766927978
omega_5.620660660660661,1.0,-0.2313916852932179,5.620660660660661,1.0,350,spline_s2,0,74,12,75.53533533533535,0.018546516022034918,9.690425951751934
omega_5.620660660660661,1.0,-0.2313916852932179,5.620660660660661,1.0,350,spline_s2,0,75,7,58.90830830830832,0.12410146684955904,13.204964538873867
omega_5.620660660660661,1.0,-0.2313916852932179,5.620660660660661,1.0,350,spline_s2,0,75,12,58.98528528528529,0.045540916164171684,13.399013239460373
omega_5.620660660660661,1.0,-0.2313916852932179,5.620660660660661,1.0,350,spline_s2,0,76,7,43.128028028028034,0.07194611696902285,9.260323106301541
omega_5.620660660660661,1.0,-0.2313916852932179,5.620660660660661,1.0,350,spline_s2,0,76,12,43.20500500500501,0.007195348166560314,9.180708137218005
omega_5.620660660660661,1.0,-0.2313916852932179,5.620660660660661,1.0,350,spline_s2,0,77,7,55.906206206206214,0.0833969383692262,8.465690593590665
omega_5.620660660660661,1.0,-0.2313916852932179,5.620660660660661,1.0,350,spline_s2,0,77,12,55.906206206206214,0.02472778981700218,8.170024039976312
omega_5.620660660660661,1.0,-0.2313916852932179,5.620660660660661,1.0,350,spline_s2,0,78,7,7.872572572572574,0.08216480225267299,9.552745470114303
omega_5.620660660660661,1.0,-0.2313916852932179,5.620660660660661,1.0,350,spline_s2,0,78,12,41.742442442442446,0.04831313059306481,7.395511164823176
omega_5.620660660660661,1.0,-0.2313916852932179,5.620660660660661,1.0,350,spline_s2,0,79,7,64.68158158158158,0.024647704318884328,7.620754196563894
omega_5.620660660660661,1.0,-0.2313916852932179,5.620660660660661,1.0,350,spline_s2,0,79,12,64.75855855855856,0.019628408921274376,7.044203036332988
omega_5.620660660660661,1.0,-0.2313916852932179,5.620660660660661,1.0,350,spline_s2,0,80,7,46.591991991991996,0.12640653437908067,9.469880428709587
omega_5.620660660660661,1.0,-0.2313916852932179,5.620660660660661,1.0,350,spline_s2,0,80,12,46.591991991991996,0.014365231124586665,9.940968300479057
omega_5.620660660660661,1.0,-0.2313916852932179,5.620660660660661,1.0,350,spline_s2,0,81,7,32.73613613613614,0.1347031179155364,12.212055674228964
omega_5.620660660660661,1.0,-0.2313916852932179,5.620660660660661,1.0,350,spline_s2,0,81,12,30.888688688688696,0.025207449711282134,11.84109600663254
omega_5.620660660660661,1.0,-0.2313916852932179,5.620660660660661,1.0,350,spline_s2,0,82,7,42.35825825825827,0.06387520010830164,9.175083212987687
omega_5.620660660660661,1.0,-0.2313916852932179,5.620660660660661,1.0,350,spline_s2,0,82,12,42.35825825825827,0.010145463209341172,9.434661477923868
omega_5.620660660660661,1.0,-0.2313916852932179,5.620660660660661,1.0,350,spline_s2,0,83,7,21.343543543543547,0.0556318358454035,8.68071086313796
omega_5.620660660660661,1.0,-0.2313916852932179,5.620660660660661,1.0,350,spline_s2,0,83,12,21.26656656656657,0.013003240107684586,7.032641307337428
omega_5.620660660660661,1.0,-0.2313916852932179,5.620660660660661,1.0,350,spline_s2,0,84,7,52.981081081081086,0.020229256337479275,9.404337137598588
omega_5.620660660660661,1.0,-0.2313916852932179,5.620660660660661,1.0,350,spline_s2,0,84,12,52.981081081081086,0.03721594282203084,9.004927225029007
omega_5.620660660660661,1.0,-0.2313916852932179,5.620660660660661,1.0,350,spline_s2,0,85,7,68.91531531531533,0.07252712182260278,14.171263374107184
omega_5.620660660660661,1.0,-0.2313916852932179,5.620660660660661,1.0,350,spline_s2,0,85,12,48.43943943943945,0.016080313971050156,13.073434763654916
omega_5.620660660660661,1.0,-0.2313916852932179,5.620660660660661,1.0,350,spline_s2,0,86,7,74.76556556556557,0.06468370357792207,8.426664739722838
omega_5.620660660660661,1.0,-0.2313916852932179,5.620660660660661,1.0,350,spline_s2,0,86,12,74.84254254254255,0.01152957237033276,7.574808390158864
omega_5.620660660660661,1.0,-0.2313916852932179,5.620660660660661,1.0,350,spline_s2,0,87,7,58.60040040040041,0.07720668189837317,6.198184415573451
omega_5.620660660660661,1.0,-0.2313916852932179,5.620660660660661,1.0,350,spline_s2,0,87,12,58.60040040040041,0.0073026758590917585,5.935097303075054
omega_5.620660660660661,1.0,-0.2313916852932179,5.620660660660661,1.0,350,spline_s2,0,88,7,36.58498498498499,0.05217268897489393,6.57329219675637
omega_5.620660660660661,1.0,-0.2313916852932179,5.620660660660661,1.0,350,spline_s2,0,88,12,36.58498498498499,0.014600048573843841,6.667391029308362
omega_5.620660660660661,1.0,-0.2313916852932179,5.620660660660661,1.0,350,spline_s2,0,89,7,28.502402402402407,0.1765064450745086,14.222817950075125
omega_5.620660660660661,1.0,-0.2313916852932179,5.620660660660661,1.0,350,spline_s2,0,89,12,28.502402402402407,0.006518937415331313,12.822364173260041
omega_5.620660660660661,1.0,-0.2313916852932179,5.620660660660661,1.0,350,spline_s2,0,90,7,55.98318318318319,0.06365849269304058,10.90176901197384
omega_5.620660660660661,1.0,-0.2313916852932179,5.620660660660661,1.0,350,spline_s2,0,90,12,55.906206206206214,0.024949258212516465,11.517206973162331
omega_5.620660660660661,1.0,-0.2313916852932179,5.620660660660661,1.0,350,spline_s2,0,91,7,67.22182182182182,0.19448142808809105,12.155132075091814
omega_5.620660660660661,1.0,-0.2313916852932179,5.620660660660661,1.0,350,spline_s2,0,91,12,67.22182182182182,0.015830673204795538,11.922667897282821
omega_5.620660660660661,1.0,-0.2313916852932179,5.620660660660661,1.0,350,spline_s2,0,92,7,73.07207207207207,0.08451591788916968,10.975549845232933
omega_5.620660660660661,1.0,-0.2313916852932179,5.620660660660661,1.0,350,spline_s2,0,92,12,72.9950950950951,0.031180515221473942,10.88668470221802
omega_5.620660660660661,1.0,-0.2313916852932179,5.620660660660661,1.0,350,spline_s2,0,93,7,54.82852852852854,0.13243227130777818,8.180946624802743
omega_5.620660660660661,1.0,-0.2313916852932179,5.620660660660661,1.0,350,spline_s2,0,93,12,54.905505505505516,0.019699129835204127,7.567864692550472
omega_5.620660660660661,1.0,-0.2313916852932179,5.620660660660661,1.0,350,spline_s2,0,94,7,63.60390390390391,0.1550529737931464,8.005347762696545
omega_5.620660660660661,1.0,-0.2313916852932179,5.620660660660661,1.0,350,spline_s2,0,94,12,63.60390390390391,0.013317814160533093,7.482019375558991
omega_5.620660660660661,1.0,-0.2313916852932179,5.620660660660661,1.0,350,spline_s2,0,95,7,62.91111111111112,0.17129660916829265,9.577256655979681
omega_5.620660660660661,1.0,-0.2313916852932179,5.620660660660661,1.0,350,spline_s2,0,95,12,62.834134134134146,0.009035080760452624,9.679635330209635
omega_5.620660660660661,1.0,-0.2313916852932179,5.620660660660661,1.0,350,spline_s2,0,96,7,51.98038038038039,0.0843870339566722,6.8614407555603805
omega_5.620660660660661,1.0,-0.2313916852932179,5.620660660660661,1.0,350,spline_s2,0,96,12,22.57517517517518,0.003379504349494928,6.799510613653069
omega_5.620660660660661,1.0,-0.2313916852932179,5.620660660660661,1.0,350,spline_s2,0,97,7,55.2903903903904,0.07943269833299114,7.156050590344137
omega_5.620660660660661,1.0,-0.2313916852932179,5.620660660660661,1.0,350,spline_s2,0,97,12,55.36736736736738,0.02128114169300654,6.852708676796624
omega_5.620660660660661,1.0,-0.2313916852932179,5.620660660660661,1.0,350,spline_s2,0,98,7,48.36246246246247,0.13156376144023607,10.302277302340542
omega_5.620660660660661,1.0,-0.2313916852932179,5.620660660660661,1.0,350,spline_s2,0,98,12,48.36246246246247,0.00891755460082155,11.237780853179743
omega_5.620660660660661,1.0,-0.2313916852932179,5.620660660660661,1.0,350,spline_s2,0,99,7,76.61301301301302,0.09341290819494573,7.710076920014558
omega_5.620660660660661,1.0,-0.2313916852932179,5.620660660660661,1.0,350,spline_s2,0,99,12,76.53603603603604,0.010284896263125938,7.603281066074317
omega_5.620660660660661,1.0,-0.2313916852932179,5.620660660660661,1.0,350,spline_s2,1.0,0,7,5.6402402402402405,0.8079002157140798,82.75973080823803
omega_5.620660660660661,1.0,-0.2313916852932179,5.620660660660661,1.0,350,spline_s2,1.0,0,12,57.753653653653664,0.004767946708687324,9.953666031081639
omega_5.620660660660661,1.0,-0.2313916852932179,5.620660660660661,1.0,350,spline_s2,1.0,1,7,5.6402402402402405,0.8312888670352884,86.95874917991387
omega_5.620660660660661,1.0,-0.2313916852932179,5.620660660660661,1.0,350,spline_s2,1.0,1,12,25.423323323323327,0.05237346366984139,9.474354135799388
omega_5.620660660660661,1.0,-0.2313916852932179,5.620660660660661,1.0,350,spline_s2,1.0,2,7,5.563263263263264,0.7616205762900425,74.96309894626347
omega_5.620660660660661,1.0,-0.2313916852932179,5.620660660660661,1.0,350,spline_s2,1.0,2,12,74.84254254254255,0.021664165870687466,6.677453534227766
omega_5.620660660660661,1.0,-0.2313916852932179,5.620660660660661,1.0,350,spline_s2,1.0,3,7,5.6402402402402405,0.825221067611551,87.10059298112975
omega_5.620660660660661,1.0,-0.2313916852932179,5.620660660660661,1.0,350,spline_s2,1.0,3,12,13.337937937937939,0.02673460561304552,10.916905110152328
omega_5.620660660660661,1.0,-0.2313916852932179,5.620660660660661,1.0,350,spline_s2,1.0,4,7,5.6402402402402405,0.6920980192942955,59.04365832341915
omega_5.620660660660661,1.0,-0.2313916852932179,5.620660660660661,1.0,350,spline_s2,1.0,4,12,37.12382382382383,0.030179038242415687,7.805662976650638
omega_5.620660660660661,1.0,-0.2313916852932179,5.620660660660661,1.0,350,spline_s2,1.0,5,7,5.6402402402402405,0.7740032596042926,80.1549593748432
omega_5.620660660660661,1.0,-0.2313916852932179,5.620660660660661,1.0,350,spline_s2,1.0,5,12,16.34004004004004,0.040180926952036726,8.661209723023063
omega_5.620660660660661,1.0,-0.2313916852932179,5.620660660660661,1.0,350,spline_s2,1.0,6,7,5.717217217217218,0.6640583608638989,58.08715623896552
omega_5.620660660660661,1.0,-0.2313916852932179,5.620660660660661,1.0,350,spline_s2,1.0,6,12,48.5933933933934,0.014828027945975914,7.7293088207196945
omega_5.620660660660661,1.0,-0.2313916852932179,5.620660660660661,1.0,350,spline_s2,1.0,7,7,5.563263263263264,0.7956764688756645,81.22452182001348
omega_5.620660660660661,1.0,-0.2313916852932179,5.620660660660661,1.0,350,spline_s2,1.0,7,12,48.43943943943945,0.021788999825945572,8.332946327209697
omega_5.620660660660661,1.0,-0.2313916852932179,5.620660660660661,1.0,350,spline_s2,1.0,8,7,5.6402402402402405,0.8245090466606765,84.75777561287356
omega_5.620660660660661,1.0,-0.2313916852932179,5.620660660660661,1.0,350,spline_s2,1.0,8,12,62.68018018018019,0.010586589938282417,8.876207685815245
omega_5.620660660660661,1.0,-0.2313916852932179,5.620660660660661,1.0,350,spline_s2,1.0,9,7,5.6402402402402405,0.8201209669894258,86.82444906959361
omega_5.620660660660661,1.0,-0.2313916852932179,5.620660660660661,1.0,350,spline_s2,1.0,9,12,45.36036036036037,0.04728321906632779,7.102360590339487
omega_5.620660660660661,1.0,-0.2313916852932179,5.620660660660661,1.0,350,spline_s2,1.0,10,7,5.6402402402402405,0.7449696808252372,68.55077998494517
omega_5.620660660660661,1.0,-0.2313916852932179,5.620660660660661,1.0,350,spline_s2,1.0,10,12,43.589889889889896,0.01243541299493702,5.663265252721061
omega_5.620660660660661,1.0,-0.2313916852932179,5.620660660660661,1.0,350,spline_s2,1.0,11,7,5.6402402402402405,0.6870504023583094,59.62496220649382
omega_5.620660660660661,1.0,-0.2313916852932179,5.620660660660661,1.0,350,spline_s2,1.0,11,12,19.111211211211216,0.028445502641645415,7.363678146753557
omega_5.620660660660661,1.0,-0.2313916852932179,5.620660660660661,1.0,350,spline_s2,1.0,12,7,5.563263263263264,0.6483971165050864,55.085416041555675
omega_5.620660660660661,1.0,-0.2313916852932179,5.620660660660661,1.0,350,spline_s2,1.0,12,12,10.720720720720722,0.014540597799971178,7.951260728396392
omega_5.620660660660661,1.0,-0.2313916852932179,5.620660660660661,1.0,350,spline_s2,1.0,13,7,5.6402402402402405,0.7937586928292149,81.1575213500949
omega_5.620660660660661,1.0,-0.2313916852932179,5.620660660660661,1.0,350,spline_s2,1.0,13,12,36.8928928928929,0.01639599684993533,8.756619449823404
omega_5.620660660660661,1.0,-0.2313916852932179,5.620660660660661,1.0,350,spline_s2,1.0,14,7,5.6402402402402405,0.7675332326535602,76.94668751681729
omega_5.620660660660661,1.0,-0.2313916852932179,5.620660660660661,1.0,350,spline_s2,1.0,14,12,46.515015015015024,0.040183419674032404,9.602120768167595
omega_5.620660660660661,1.0,-0.2313916852932179,5.620660660660661,1.0,350,spline_s2,1.0,15,7,5.563263263263264,0.7559832719152658,72.79666199297878
omega_5.620660660660661,1.0,-0.2313916852932179,5.620660660660661,1.0,350,spline_s2,1.0,15,12,60.2938938938939,0.060120597550998744,11.024772581732748
omega_5.620660660660661,1.0,-0.2313916852932179,5.620660660660661,1.0,350,spline_s2,1.0,16,7,5.717217217217218,0.8905691877612627,96.88635002304005
omega_5.620660660660661,1.0,-0.2313916852932179,5.620660660660661,1.0,350,spline_s2,1.0,16,12,78.22952952952953,0.01646214798303063,7.460788964779965
omega_5.620660660660661,1.0,-0.2313916852932179,5.620660660660661,1.0,350,spline_s2,1.0,17,7,5.563263263263264,0.6729333550619443,57.192119472585375
omega_5.620660660660661,1.0,-0.2313916852932179,5.620660660660661,1.0,350,spline_s2,1.0,17,12,21.497497497497502,0.032627206132091954,18.90982794849708
omega_5.620660660660661,1.0,-0.2313916852932179,5.620660660660661,1.0,350,spline_s2,1.0,18,7,5.563263263263264,0.7117746615842669,62.62592340472537
omega_5.620660660660661,1.0,-0.2313916852932179,5.620660660660661,1.0,350,spline_s2,1.0,18,12,26.501001001001004,0.02315508534322253,7.294862915889098
omega_5.620660660660661,1.0,-0.2313916852932179,5.620660660660661,1.0,350,spline_s2,1.0,19,7,5.563263263263264,0.8047264372869376,81.80290784629693
omega_5.620660660660661,1.0,-0.2313916852932179,5.620660660660661,1.0,350,spline_s2,1.0,19,12,60.755755755755764,0.03254953831519071,7.641387272441705
omega_5.620660660660661,1.0,-0.2313916852932179,5.620660660660661,1.0,350,spline_s2,1.0,20,7,5.563263263263264,0.7350352401035264,72.58314676068426
omega_5.620660660660661,1.0,-0.2313916852932179,5.620660660660661,1.0,350,spline_s2,1.0,20,12,64.2966966966967,0.014418437037100442,9.254293449991195
omega_5.620660660660661,1.0,-0.2313916852932179,5.620660660660661,1.0,350,spline_s2,1.0,21,7,5.6402402402402405,0.7875772588872458,78.33345313654524
omega_5.620660660660661,1.0,-0.2313916852932179,5.620660660660661,1.0,350,spline_s2,1.0,21,12,23.80680680680681,0.028496023270380016,9.833097087283477
omega_5.620660660660661,1.0,-0.2313916852932179,5.620660660660661,1.0,350,spline_s2,1.0,22,7,5.6402402402402405,0.7481358001200107,70.74867692866172
omega_5.620660660660661,1.0,-0.2313916852932179,5.620660660660661,1.0,350,spline_s2,1.0,22,12,25.269369369369375,0.022995852284673286,10.763792074060746
omega_5.620660660660661,1.0,-0.2313916852932179,5.620660660660661,1.0,350,spline_s2,1.0,23,7,5.717217217217218,0.8869378856965195,100.88597743932371
omega_5.620660660660661,1.0,-0.2313916852932179,5.620660660660661,1.0,350,spline_s2,1.0,23,12,73.91881881881882,0.035214973601443045,8.487714421948397
omega_5.620660660660661,1.0,-0.2313916852932179,5.620660660660661,1.0,350,spline_s2,1.0,24,7,5.6402402402402405,0.6981765742210536,61.97268140236031
omega_5.620660660660661,1.0,-0.2313916852932179,5.620660660660661,1.0,350,spline_s2,1.0,24,12,36.81591591591592,0.010368016782261057,9.823572107350998
omega_5.620660660660661,1.0,-0.2313916852932179,5.620660660660661,1.0,350,spline_s2,1.0,25,7,5.6402402402402405,0.7294582346533174,68.57331492191986
omega_5.620660660660661,1.0,-0.2313916852932179,5.620660660660661,1.0,350,spline_s2,1.0,25,12,79.30720720720721,0.025908461755742403,12.58010498396851
omega_5.620660660660661,1.0,-0.2313916852932179,5.620660660660661,1.0,350,spline_s2,1.0,26,7,5.563263263263264,0.7204544721094133,69.15243875172945
omega_5.620660660660661,1.0,-0.2313916852932179,5.620660660660661,1.0,350,spline_s2,1.0,26,12,11.567467467467468,0.011637876783262325,8.400318245877429
omega_5.620660660660661,1.0,-0.2313916852932179,5.620660660660661,1.0,350,spline_s2,1.0,27,7,5.6402402402402405,0.7599234580127969,76.36467832928383
omega_5.620660660660661,1.0,-0.2313916852932179,5.620660660660661,1.0,350,spline_s2,1.0,27,12,56.52202202202203,0.02870837342348805,7.528477961259853
omega_5.620660660660661,1.0,-0.2313916852932179,5.620660660660661,1.0,350,spline_s2,1.0,28,7,5.6402402402402405,0.888046087442408,99.8880750715303
omega_5.620660660660661,1.0,-0.2313916852932179,5.620660660660661,1.0,350,spline_s2,1.0,28,12,10.643743743743745,0.05993079514027897,10.01721837993091
omega_5.620660660660661,1.0,-0.2313916852932179,5.620660660660661,1.0,350,spline_s2,1.0,29,7,5.6402402402402405,0.7598765098802452,72.4133915912231
omega_5.620660660660661,1.0,-0.2313916852932179,5.620660660660661,1.0,350,spline_s2,1.0,29,12,51.210610610610615,0.03268396790832812,6.499087307883997
omega_5.620660660660661,1.0,-0.2313916852932179,5.620660660660661,1.0,350,spline_s2,1.0,30,7,5.6402402402402405,0.8439790694001073,94.31887814880116
omega_5.620660660660661,1.0,-0.2313916852932179,5.620660660660661,1.0,350,spline_s2,1.0,30,12,68.76136136136137,0.05193543514094873,11.689221665259794
omega_5.620660660660661,1.0,-0.2313916852932179,5.620660660660661,1.0,350,spline_s2,1.0,31,7,5.563263263263264,0.7259917067164446,67.41619565622318
omega_5.620660660660661,1.0,-0.2313916852932179,5.620660660660661,1.0,350,spline_s2,1.0,31,12,44.43663663663664,0.047164632854685154,8.430546700076576
omega_5.620660660660661,1.0,-0.2313916852932179,5.620660660660661,1.0,350,spline_s2,1.0,32,7,5.563263263263264,0.7573870554330111,75.74909566242701
omega_5.620660660660661,1.0,-0.2313916852932179,5.620660660660661,1.0,350,spline_s2,1.0,32,12,24.191691691691695,0.005459876461212593,9.975208550867194
omega_5.620660660660661,1.0,-0.2313916852932179,5.620660660660661,1.0,350,spline_s2,1.0,33,7,5.6402402402402405,0.7044336599067255,61.395902716176295
omega_5.620660660660661,1.0,-0.2313916852932179,5.620660660660661,1.0,350,spline_s2,1.0,33,12,66.83693693693695,0.03344085777562133,7.601300370606481
omega_5.620660660660661,1.0,-0.2313916852932179,5.620660660660661,1.0,350,spline_s2,1.0,34,7,5.6402402402402405,0.729866463375665,69.5172571529231
omega_5.620660660660661,1.0,-0.2313916852932179,5.620660660660661,1.0,350,spline_s2,1.0,34,12,31.27357357357358,0.022965008882661016,5.817892078891532
omega_5.620660660660661,1.0,-0.2313916852932179,5.620660660660661,1.0,350,spline_s2,1.0,35,7,5.717217217217218,0.6731504968676009,56.37429858853051
omega_5.620660660660661,1.0,-0.2313916852932179,5.620660660660661,1.0,350,spline_s2,1.0,35,12,24.499599599599605,0.022366624124861706,8.671765578208976
omega_5.620660660660661,1.0,-0.2313916852932179,5.620660660660661,1.0,350,spline_s2,1.0,36,7,5.6402402402402405,0.8215088263531758,84.77532410462015
omega_5.620660660660661,1.0,-0.2313916852932179,5.620660660660661,1.0,350,spline_s2,1.0,36,12,23.498898898898904,0.019917630536134094,8.195512231094455
omega_5.620660660660661,1.0,-0.2313916852932179,5.620660660660661,1.0,350,spline_s2,1.0,37,7,5.6402402402402405,0.7792092821047185,77.519468301681
omega_5.620660660660661,1.0,-0.2313916852932179,5.620660660660661,1.0,350,spline_s2,1.0,37,12,30.888688688688696,0.013081574268710799,9.212044122898305
omega_5.620660660660661,1.0,-0.2313916852932179,5.620660660660661,1.0,350,spline_s2,1.0,38,7,5.6402402402402405,0.6679297696092171,56.244573333293715
omega_5.620660660660661,1.0,-0.2313916852932179,5.620660660660661,1.0,350,spline_s2,1.0,38,12,32.428228228228235,0.007755592644337113,11.971867339963808
omega_5.620660660660661,1.0,-0.2313916852932179,5.620660660660661,1.0,350,spline_s2,1.0,39,7,5.6402402402402405,0.8300778957905014,85.10453494851151
omega_5.620660660660661,1.0,-0.2313916852932179,5.620660660660661,1.0,350,spline_s2,1.0,39,12,26.731931931931936,0.024288961691089773,9.833984917694863
omega_5.620660660660661,1.0,-0.2313916852932179,5.620660660660661,1.0,350,spline_s2,1.0,40,7,5.6402402402402405,0.8641999408014233,94.64530043887913
omega_5.620660660660661,1.0,-0.2313916852932179,5.620660660660661,1.0,350,spline_s2,1.0,40,12,63.52692692692694,0.03720721414193523,17.799663345275547
omega_5.620660660660661,1.0,-0.2313916852932179,5.620660660660661,1.0,350,spline_s2,1.0,41,7,5.563263263263264,0.7343281593133508,72.34723103311228
omega_5.620660660660661,1.0,-0.2313916852932179,5.620660660660661,1.0,350,spline_s2,1.0,41,12,47.5926926926927,0.019357736974692348,11.559615155886604
omega_5.620660660660661,1.0,-0.2313916852932179,5.620660660660661,1.0,350,spline_s2,1.0,42,7,5.486286286286287,0.5846858331977179,46.557361438877365
omega_5.620660660660661,1.0,-0.2313916852932179,5.620660660660661,1.0,350,spline_s2,1.0,42,12,46.20710710710711,0.023262646166209808,9.678541154967547
omega_5.620660660660661,1.0,-0.2313916852932179,5.620660660660661,1.0,350,spline_s2,1.0,43,7,5.563263263263264,0.6541945924646075,57.90369350163826
omega_5.620660660660661,1.0,-0.2313916852932179,5.620660660660661,1.0,350,spline_s2,1.0,43,12,25.269369369369375,0.009908981033722107,10.78250360444548
omega_5.620660660660661,1.0,-0.2313916852932179,5.620660660660661,1.0,350,spline_s2,1.0,44,7,5.563263263263264,0.6837018312544985,60.19424095355123
omega_5.620660660660661,1.0,-0.2313916852932179,5.620660660660661,1.0,350,spline_s2,1.0,44,12,7.94954954954955,0.049969272044432925,8.001467237066919
omega_5.620660660660661,1.0,-0.2313916852932179,5.620660660660661,1.0,350,spline_s2,1.0,45,7,5.6402402402402405,0.7943077615095054,81.64443238876197
omega_5.620660660660661,1.0,-0.2313916852932179,5.620660660660661,1.0,350,spline_s2,1.0,45,12,65.45135135135136,0.05200696800678672,8.151940833182948
omega_5.620660660660661,1.0,-0.2313916852932179,5.620660660660661,1.0,350,spline_s2,1.0,46,7,5.6402402402402405,0.6632319483124666,55.37497222287058
omega_5.620660660660661,1.0,-0.2313916852932179,5.620660660660661,1.0,350,spline_s2,1.0,46,12,36.43103103103104,0.02032259985997443,10.123864488117022
omega_5.620660660660661,1.0,-0.2313916852932179,5.620660660660661,1.0,350,spline_s2,1.0,47,7,5.563263263263264,0.6891343216764276,62.858337689830876
omega_5.620660660660661,1.0,-0.2313916852932179,5.620660660660661,1.0,350,spline_s2,1.0,47,12,42.28128128128129,0.04701561843792902,14.987214248702458
omega_5.620660660660661,1.0,-0.2313916852932179,5.620660660660661,1.0,350,spline_s2,1.0,48,7,5.563263263263264,0.8547636275251289,95.78343754906541
omega_5.620660660660661,1.0,-0.2313916852932179,5.620660660660661,1.0,350,spline_s2,1.0,48,12,36.35405405405406,0.03209979681385008,10.921837434284669
omega_5.620660660660661,1.0,-0.2313916852932179,5.620660660660661,1.0,350,spline_s2,1.0,49,7,5.6402402402402405,0.7594148487947632,72.60520955704465
omega_5.620660660660661,1.0,-0.2313916852932179,5.620660660660661,1.0,350,spline_s2,1.0,49,12,14.184684684684687,0.02985672778640609,7.674856651206795
omega_5.620660660660661,1.0,-0.2313916852932179,5.620660660660661,1.0,350,spline_s2,1.0,50,7,5.563263263263264,0.80794147595641,84.58910544338266
omega_5.620660660660661,1.0,-0.2313916852932179,5.620660660660661,1.0,350,spline_s2,1.0,50,12,66.14414414414415,0.03724177278246102,11.065226676979194
omega_5.620660660660661,1.0,-0.2313916852932179,5.620660660660661,1.0,350,spline_s2,1.0,51,7,5.6402402402402405,0.7789205609041535,77.2304800424069
omega_5.620660660660661,1.0,-0.2313916852932179,5.620660660660661,1.0,350,spline_s2,1.0,51,12,41.97337337337338,0.030292746304900465,8.777305417372986
omega_5.620660660660661,1.0,-0.2313916852932179,5.620660660660661,1.0,350,spline_s2,1.0,52,7,5.563263263263264,0.8669995673232356,93.35459396506337
omega_5.620660660660661,1.0,-0.2313916852932179,5.620660660660661,1.0,350,spline_s2,1.0,52,12,27.193793793793798,0.04784507800425265,7.505465772582596
omega_5.620660660660661,1.0,-0.2313916852932179,5.620660660660661,1.0,350,spline_s2,1.0,53,7,5.6402402402402405,0.5980234814697752,45.90080246794059
omega_5.620660660660661,1.0,-0.2313916852932179,5.620660660660661,1.0,350,spline_s2,1.0,53,12,39.894994994995,0.03257315841234799,7.170391573843773
omega_5.620660660660661,1.0,-0.2313916852932179,5.620660660660661,1.0,350,spline_s2,1.0,54,7,5.6402402402402405,0.8514412274517711,90.04025836524232
omega_5.620660660660661,1.0,-0.2313916852932179,5.620660660660661,1.0,350,spline_s2,1.0,54,12,51.98038038038039,0.01136048291383165,9.239802486238943
omega_5.620660660660661,1.0,-0.2313916852932179,5.620660660660661,1.0,350,spline_s2,1.0,55,7,5.6402402402402405,0.7463061708996195,71.26569568010973
omega_5.620660660660661,1.0,-0.2313916852932179,5.620660660660661,1.0,350,spline_s2,1.0,55,12,58.90830830830832,0.04510069545031307,11.633437896711882
omega_5.620660660660661,1.0,-0.2313916852932179,5.620660660660661,1.0,350,spline_s2,1.0,56,7,5.563263263263264,0.7418772790094396,72.01174741646162
omega_5.620660660660661,1.0,-0.2313916852932179,5.620660660660661,1.0,350,spline_s2,1.0,56,12,18.033533533533536,0.02332059592598578,11.750920956691203
omega_5.620660660660661,1.0,-0.2313916852932179,5.620660660660661,1.0,350,spline_s2,1.0,57,7,5.563263263263264,0.720760154308891,68.71399372316608
omega_5.620660660660661,1.0,-0.2313916852932179,5.620660660660661,1.0,350,spline_s2,1.0,57,12,48.208508508508515,0.019968154782984863,7.452888347879224
omega_5.620660660660661,1.0,-0.2313916852932179,5.620660660660661,1.0,350,spline_s2,1.0,58,7,5.563263263263264,0.7506508061297678,71.4571510688657
omega_5.620660660660661,1.0,-0.2313916852932179,5.620660660660661,1.0,350,spline_s2,1.0,58,12,78.22952952952953,0.047462853691466925,12.151835156492211
omega_5.620660660660661,1.0,-0.2313916852932179,5.620660660660661,1.0,350,spline_s2,1.0,59,7,5.717217217217218,0.8044525240871359,80.63479361988709
omega_5.620660660660661,1.0,-0.2313916852932179,5.620660660660661,1.0,350,spline_s2,1.0,59,12,32.120320320320324,0.05254573461597302,7.947865739652286
omega_5.620660660660661,1.0,-0.2313916852932179,5.620660660660661,1.0,350,spline_s2,1.0,60,7,5.6402402402402405,0.8394344259354294,88.4431493900733
omega_5.620660660660661,1.0,-0.2313916852932179,5.620660660660661,1.0,350,spline_s2,1.0,60,12,74.84254254254255,0.004172615044885957,10.685177442112007
omega_5.620660660660661,1.0,-0.2313916852932179,5.620660660660661,1.0,350,spline_s2,1.0,61,7,5.6402402402402405,0.7094082116207179,66.64879046787883
omega_5.620660660660661,1.0,-0.2313916852932179,5.620660660660661,1.0,350,spline_s2,1.0,61,12,48.82432432432433,0.05511314679636764,8.78021319222546
omega_5.620660660660661,1.0,-0.2313916852932179,5.620660660660661,1.0,350,spline_s2,1.0,62,7,5.6402402402402405,0.7986641177896789,80.40768449514064
omega_5.620660660660661,1.0,-0.2313916852932179,5.620660660660661,1.0,350,spline_s2,1.0,62,12,23.267967967967973,0.03030368435380511,14.662380150730087
omega_5.620660660660661,1.0,-0.2313916852932179,5.620660660660661,1.0,350,spline_s2,1.0,63,7,5.563263263263264,0.8056365802233381,81.67146642281415
omega_5.620660660660661,1.0,-0.2313916852932179,5.620660660660661,1.0,350,spline_s2,1.0,63,12,39.894994994995,0.024418016842315992,9.588519444792098
omega_5.620660660660661,1.0,-0.2313916852932179,5.620660660660661,1.0,350,spline_s2,1.0,64,7,5.563263263263264,0.6411151297796733,54.39578268980125
omega_5.620660660660661,1.0,-0.2313916852932179,5.620660660660661,1.0,350,spline_s2,1.0,64,12,60.21691691691693,0.031016102284949054,6.025327587147785
omega_5.620660660660661,1.0,-0.2313916852932179,5.620660660660661,1.0,350,spline_s2,1.0,65,7,5.6402402402402405,0.792346211822289,77.67652225866846
omega_5.620660660660661,1.0,-0.2313916852932179,5.620660660660661,1.0,350,spline_s2,1.0,65,12,50.44084084084085,0.03091344457340109,12.383782799914286
omega_5.620660660660661,1.0,-0.2313916852932179,5.620660660660661,1.0,350,spline_s2,1.0,66,7,5.563263263263264,0.8160169129744002,85.66751871161955
omega_5.620660660660661,1.0,-0.2313916852932179,5.620660660660661,1.0,350,spline_s2,1.0,66,12,52.44224224224225,0.008767404398944505,12.220938046856304
omega_5.620660660660661,1.0,-0.2313916852932179,5.620660660660661,1.0,350,spline_s2,1.0,67,7,5.563263263263264,0.6437124959345608,52.221167941943975
omega_5.620660660660661,1.0,-0.2313916852932179,5.620660660660661,1.0,350,spline_s2,1.0,67,12,68.14554554554554,0.0053298908421246325,11.192338667400094
omega_5.620660660660661,1.0,-0.2313916852932179,5.620660660660661,1.0,350,spline_s2,1.0,68,7,5.6402402402402405,0.8720747409273758,94.81250429556331
omega_5.620660660660661,1.0,-0.2313916852932179,5.620660660660661,1.0,350,spline_s2,1.0,68,12,39.27917917917919,0.036882400556497275,11.057608115854578
omega_5.620660660660661,1.0,-0.2313916852932179,5.620660660660661,1.0,350,spline_s2,1.0,69,7,5.6402402402402405,0.8666857303224353,93.74103827198871
omega_5.620660660660661,1.0,-0.2313916852932179,5.620660660660661,1.0,350,spline_s2,1.0,69,12,41.51151151151152,0.0257217076811226,10.203679137076506
omega_5.620660660660661,1.0,-0.2313916852932179,5.620660660660661,1.0,350,spline_s2,1.0,70,7,5.6402402402402405,0.7394466695028009,71.05579436428849
omega_5.620660660660661,1.0,-0.2313916852932179,5.620660660660661,1.0,350,spline_s2,1.0,70,12,51.287587587587595,0.015032117776317938,9.690555639912759
omega_5.620660660660661,1.0,-0.2313916852932179,5.620660660660661,1.0,350,spline_s2,1.0,71,7,5.6402402402402405,0.7555693755964065,73.38848607896063
omega_5.620660660660661,1.0,-0.2313916852932179,5.620660660660661,1.0,350,spline_s2,1.0,71,12,56.59899899899901,0.020950330283633592,6.785373530630267
omega_5.620660660660661,1.0,-0.2313916852932179,5.620660660660661,1.0,350,spline_s2,1.0,72,7,5.6402402402402405,0.6736197404624242,58.7360363555477
omega_5.620660660660661,1.0,-0.2313916852932179,5.620660660660661,1.0,350,spline_s2,1.0,72,12,12.722122122122123,0.018525561096023845,11.62991272098472
omega_5.620660660660661,1.0,-0.2313916852932179,5.620660660660661,1.0,350,spline_s2,1.0,73,7,5.6402402402402405,0.7443884194073728,70.67451258721906
omega_5.620660660660661,1.0,-0.2313916852932179,5.620660660660661,1.0,350,spline_s2,1.0,73,12,50.74874874874876,0.005907705278159656,9.085444182468876
omega_5.620660660660661,1.0,-0.2313916852932179,5.620660660660661,1.0,350,spline_s2,1.0,74,7,5.563263263263264,0.7003601275843188,64.03043243967358
omega_5.620660660660661,1.0,-0.2313916852932179,5.620660660660661,1.0,350,spline_s2,1.0,74,12,62.295295295295304,0.03714045665768335,8.760348642066845
omega_5.620660660660661,1.0,-0.2313916852932179,5.620660660660661,1.0,350,spline_s2,1.0,75,7,5.6402402402402405,0.6737162918913994,57.34947061668089
omega_5.620660660660661,1.0,-0.2313916852932179,5.620660660660661,1.0,350,spline_s2,1.0,75,12,34.42962962962963,0.01039547021246058,4.663373126632621
omega_5.620660660660661,1.0,-0.2313916852932179,5.620660660660661,1.0,350,spline_s2,1.0,76,7,5.563263263263264,0.9382557902560399,113.32128804957978
omega_5.620660660660661,1.0,-0.2313916852932179,5.620660660660661,1.0,350,spline_s2,1.0,76,12,64.37367367367368,0.039639685872844777,10.445311480125866
omega_5.620660660660661,1.0,-0.2313916852932179,5.620660660660661,1.0,350,spline_s2,1.0,77,7,5.563263263263264,0.8496416590551557,95.31542451498859
omega_5.620660660660661,1.0,-0.2313916852932179,5.620660660660661,1.0,350,spline_s2,1.0,77,12,53.288988988989,0.02331184314716105,15.042644155712026
omega_5.620660660660661,1.0,-0.2313916852932179,5.620660660660661,1.0,350,spline_s2,1.0,78,7,5.717217217217218,0.7155058134291472,63.87073671638535
omega_5.620660660660661,1.0,-0.2313916852932179,5.620660660660661,1.0,350,spline_s2,1.0,78,12,63.988788788788796,0.02378540870033328,11.76511586227889
omega_5.620660660660661,1.0,-0.2313916852932179,5.620660660660661,1.0,350,spline_s2,1.0,79,7,5.563263263263264,0.7495286844568128,73.62582150766355
omega_5.620660660660661,1.0,-0.2313916852932179,5.620660660660661,1.0,350,spline_s2,1.0,79,12,41.20360360360361,0.01540670586813823,7.293446131669242
omega_5.620660660660661,1.0,-0.2313916852932179,5.620660660660661,1.0,350,spline_s2,1.0,80,7,5.6402402402402405,0.9189892948872236,107.59138924228819
omega_5.620660660660661,1.0,-0.2313916852932179,5.620660660660661,1.0,350,spline_s2,1.0,80,12,56.2910910910911,0.028824229072873367,14.326938504877774
omega_5.620660660660661,1.0,-0.2313916852932179,5.620660660660661,1.0,350,spline_s2,1.0,81,7,5.6402402402402405,0.8036567078219385,82.31085965666313
omega_5.620660660660661,1.0,-0.2313916852932179,5.620660660660661,1.0,350,spline_s2,1.0,81,12,53.98178178178179,0.050710679995834264,7.625039712294267
omega_5.620660660660661,1.0,-0.2313916852932179,5.620660660660661,1.0,350,spline_s2,1.0,82,7,5.563263263263264,0.8021988176205656,85.12023630066471
omega_5.620660660660661,1.0,-0.2313916852932179,5.620660660660661,1.0,350,spline_s2,1.0,82,12,77.61371371371372,0.019814561958091864,10.753555971936123
omega_5.620660660660661,1.0,-0.2313916852932179,5.620660660660661,1.0,350,spline_s2,1.0,83,7,5.6402402402402405,0.8324900101524666,86.51741120791587
omega_5.620660660660661,1.0,-0.2313916852932179,5.620660660660661,1.0,350,spline_s2,1.0,83,12,77.3058058058058,0.04577516519409383,8.119236155503415
omega_5.620660660660661,1.0,-0.2313916852932179,5.620660660660661,1.0,350,spline_s2,1.0,84,7,5.6402402402402405,0.6825082360599825,61.437543123782916
omega_5.620660660660661,1.0,-0.2313916852932179,5.620660660660661,1.0,350,spline_s2,1.0,84,12,65.14344344344345,0.03935644673190979,10.294551594825862
omega_5.620660660660661,1.0,-0.2313916852932179,5.620660660660661,1.0,350,spline_s2,1.0,85,7,5.6402402402402405,0.7490650919166995,71.7176011546623
omega_5.620660660660661,1.0,-0.2313916852932179,5.620660660660661,1.0,350,spline_s2,1.0,85,12,13.414914914914917,0.01733272645205775,12.334280794301378
omega_5.620660660660661,1.0,-0.2313916852932179,5.620660660660661,1.0,350,spline_s2,1.0,86,7,5.563263263263264,0.6994397541303233,59.75330000458854
omega_5.620660660660661,1.0,-0.2313916852932179,5.620660660660661,1.0,350,spline_s2,1.0,86,12,55.59829829829831,0.021400260724954538,8.845625448811461
omega_5.620660660660661,1.0,-0.2313916852932179,5.620660660660661,1.0,350,spline_s2,1.0,87,7,5.563263263263264,0.6556317971103627,56.98855820135762
omega_5.620660660660661,1.0,-0.2313916852932179,5.620660660660661,1.0,350,spline_s2,1.0,87,12,35.430330330330335,0.025472322095177625,9.536397937630056
omega_5.620660660660661,1.0,-0.2313916852932179,5.620660660660661,1.0,350,spline_s2,1.0,88,7,5.6402402402402405,0.7939859888132135,82.88343952735994
omega_5.620660660660661,1.0,-0.2313916852932179,5.620660660660661,1.0,350,spline_s2,1.0,88,12,27.42472472472473,0.036305825594192806,5.802281339261299
omega_5.620660660660661,1.0,-0.2313916852932179,5.620660660660661,1.0,350,spline_s2,1.0,89,7,5.486286286286287,0.6843655321407471,59.461808070724544
omega_5.620660660660661,1.0,-0.2313916852932179,5.620660660660661,1.0,350,spline_s2,1.0,89,12,51.287587587587595,0.04650258757605767,13.237226805582651
omega_5.620660660660661,1.0,-0.2313916852932179,5.620660660660661,1.0,350,spline_s2,1.0,90,7,5.6402402402402405,0.7646522555903871,75.00201640999313
omega_5.620660660660661,1.0,-0.2313916852932179,5.620660660660661,1.0,350,spline_s2,1.0,90,12,70.53183183183184,0.01750133858152998,12.686556308142372
omega_5.620660660660661,1.0,-0.2313916852932179,5.620660660660661,1.0,350,spline_s2,1.0,91,7,5.563263263263264,0.8125421182828374,86.84727529493136
omega_5.620660660660661,1.0,-0.2313916852932179,5.620660660660661,1.0,350,spline_s2,1.0,91,12,67.91461461461462,0.04282850301708175,6.588966193664987
omega_5.620660660660661,1.0,-0.2313916852932179,5.620660660660661,1.0,350,spline_s2,1.0,92,7,5.563263263263264,0.5563703791281498,38.63232303022693
omega_5.620660660660661,1.0,-0.2313916852932179,5.620660660660661,1.0,350,spline_s2,1.0,92,12,63.37297297297298,0.020658119880143617,5.393979597542625
omega_5.620660660660661,1.0,-0.2313916852932179,5.620660660660661,1.0,350,spline_s2,1.0,93,7,5.563263263263264,0.7643145984102853,75.19905172008816
omega_5.620660660660661,1.0,-0.2313916852932179,5.620660660660661,1.0,350,spline_s2,1.0,93,12,67.91461461461462,0.018567993972738003,10.253208272798076
omega_5.620660660660661,1.0,-0.2313916852932179,5.620660660660661,1.0,350,spline_s2,1.0,94,7,5.717217217217218,0.7674405017580939,75.07911282384106
omega_5.620660660660661,1.0,-0.2313916852932179,5.620660660660661,1.0,350,spline_s2,1.0,94,12,55.05945945945947,0.02580452621984486,9.608434621871112
omega_5.620660660660661,1.0,-0.2313916852932179,5.620660660660661,1.0,350,spline_s2,1.0,95,7,5.563263263263264,0.8360909875575097,87.8158894446783
omega_5.620660660660661,1.0,-0.2313916852932179,5.620660660660661,1.0,350,spline_s2,1.0,95,12,33.736836836836844,0.02559766335950703,5.999194270898329
omega_5.620660660660661,1.0,-0.2313916852932179,5.620660660660661,1.0,350,spline_s2,1.0,96,7,5.486286286286287,0.6517585020978883,57.77899265435377
omega_5.620660660660661,1.0,-0.2313916852932179,5.620660660660661,1.0,350,spline_s2,1.0,96,12,59.06226226226227,0.027995519427879374,8.256151299612753
omega_5.620660660660661,1.0,-0.2313916852932179,5.620660660660661,1.0,350,spline_s2,1.0,97,7,5.563263263263264,0.8326103411328575,89.96260668746709
omega_5.620660660660661,1.0,-0.2313916852932179,5.620660660660661,1.0,350,spline_s2,1.0,97,12,21.26656656656657,0.030129673102465854,6.404517273809915
omega_5.620660660660661,1.0,-0.2313916852932179,5.620660660660661,1.0,350,spline_s2,1.0,98,7,5.6402402402402405,0.7855391330111532,81.39614872871516
omega_5.620660660660661,1.0,-0.2313916852932179,5.620660660660661,1.0,350,spline_s2,1.0,98,12,41.742442442442446,0.04683617813486574,8.077589960426735
omega_5.620660660660661,1.0,-0.2313916852932179,5.620660660660661,1.0,350,spline_s2,1.0,99,7,5.563263263263264,0.795752364329255,80.93753666441665
omega_5.620660660660661,1.0,-0.2313916852932179,5.620660660660661,1.0,350,spline_s2,1.0,99,12,14.415615615615616,0.02116573814171367,8.465143100590751
omega_8.430990990990992,1.0,-0.2313916852932179,8.430990990990992,1.0,350,spline_s2,0,0,7,73.76486486486488,0.11239988920861851,9.038858985530851
omega_8.430990990990992,1.0,-0.2313916852932179,8.430990990990992,1.0,350,spline_s2,0,0,12,73.76486486486488,0.15540730817074278,8.582363237028403
omega_8.430990990990992,1.0,-0.2313916852932179,8.430990990990992,1.0,350,spline_s2,0,1,7,74.38068068068068,0.07217541079845743,11.697380865282753
omega_8.430990990990992,1.0,-0.2313916852932179,8.430990990990992,1.0,350,spline_s2,0,1,12,74.45765765765766,0.10310118976166853,11.153446022994956
omega_8.430990990990992,1.0,-0.2313916852932179,8.430990990990992,1.0,350,spline_s2,0,2,7,53.36596596596598,0.1052565303028228,6.172544011152354
omega_8.430990990990992,1.0,-0.2313916852932179,8.430990990990992,1.0,350,spline_s2,0,2,12,53.44294294294295,0.13827076726364682,6.427112191817059
omega_8.430990990990992,1.0,-0.2313916852932179,8.430990990990992,1.0,350,spline_s2,0,3,7,20.881681681681684,0.03536709873285257,10.866972905871592
omega_8.430990990990992,1.0,-0.2313916852932179,8.430990990990992,1.0,350,spline_s2,0,3,12,21.03563563563564,0.044726606772810706,7.661275308697839
omega_8.430990990990992,1.0,-0.2313916852932179,8.430990990990992,1.0,350,spline_s2,0,4,7,16.570970970970972,0.06193190611565005,9.61259884262978
omega_8.430990990990992,1.0,-0.2313916852932179,8.430990990990992,1.0,350,spline_s2,0,4,12,51.287587587587595,0.0495992808121639,9.096269152192463
omega_8.430990990990992,1.0,-0.2313916852932179,8.430990990990992,1.0,350,spline_s2,0,5,7,27.65565565565566,0.0860924755953376,6.147997973874396
omega_8.430990990990992,1.0,-0.2313916852932179,8.430990990990992,1.0,350,spline_s2,0,5,12,53.75085085085086,0.08758429137507627,5.890952951573325
omega_8.430990990990992,1.0,-0.2313916852932179,8.430990990990992,1.0,350,spline_s2,0,6,7,75.84324324324325,0.08992359426307342,9.390853550953892
omega_8.430990990990992,1.0,-0.2313916852932179,8.430990990990992,1.0,350,spline_s2,0,6,12,75.84324324324325,0.08301672805057497,8.438473262628975
omega_8.430990990990992,1.0,-0.2313916852932179,8.430990990990992,1.0,350,spline_s2,0,7,7,40.356856856856865,0.04297514993582472,9.907859037577168
omega_8.430990990990992,1.0,-0.2313916852932179,8.430990990990992,1.0,350,spline_s2,0,7,12,40.43383383383384,0.052499762678539584,9.304869064835202
omega_8.430990990990992,1.0,-0.2313916852932179,8.430990990990992,1.0,350,spline_s2,0,8,7,70.06996996996997,0.1292690229618383,8.049202326862712
omega_8.430990990990992,1.0,-0.2313916852932179,8.430990990990992,1.0,350,spline_s2,0,8,12,70.06996996996997,0.06666249773077466,9.12354553054979
omega_8.430990990990992,1.0,-0.2313916852932179,8.430990990990992,1.0,350,spline_s2,0,9,7,58.36946946946948,0.09048608824941587,11.211291936705322
omega_8.430990990990992,1.0,-0.2313916852932179,8.430990990990992,1.0,350,spline_s2,0,9,12,58.2924924924925,0.06146413160778214,11.35411139042651
omega_8.430990990990992,1.0,-0.2313916852932179,8.430990990990992,1.0,350,spline_s2,0,10,7,24.037737737737743,0.15680185578132572,13.800980914238835
omega_8.430990990990992,1.0,-0.2313916852932179,8.430990990990992,1.0,350,spline_s2,0,10,12,24.037737737737743,0.13888165041406383,12.686996560330385
omega_8.430990990990992,1.0,-0.2313916852932179,8.430990990990992,1.0,350,spline_s2,0,11,7,75.76626626626627,0.024758389444218366,11.032728239888229
omega_8.430990990990992,1.0,-0.2313916852932179,8.430990990990992,1.0,350,spline_s2,0,11,12,75.76626626626627,0.10400037647792838,10.336605208638758
omega_8.430990990990992,1.0,-0.2313916852932179,8.430990990990992,1.0,350,spline_s2,0,12,7,50.67177177177178,0.029415660466842394,8.830923031205145
omega_8.430990990990992,1.0,-0.2313916852932179,8.430990990990992,1.0,350,spline_s2,0,12,12,50.74874874874876,0.06083693149372536,7.705426052579298
omega_8.430990990990992,1.0,-0.2313916852932179,8.430990990990992,1.0,350,spline_s2,0,13,7,16.41701701701702,0.10392455010801133,9.994521928706831
omega_8.430990990990992,1.0,-0.2313916852932179,8.430990990990992,1.0,350,spline_s2,0,13,12,30.349849849849853,0.08208992804083404,9.25539645780492
omega_8.430990990990992,1.0,-0.2313916852932179,8.430990990990992,1.0,350,spline_s2,0,14,7,65.99019019019019,0.1819545242712135,7.754722025043691
omega_8.430990990990992,1.0,-0.2313916852932179,8.430990990990992,1.0,350,spline_s2,0,14,12,75.15045045045045,0.1185998694695823,7.718094422321883
omega_8.430990990990992,1.0,-0.2313916852932179,8.430990990990992,1.0,350,spline_s2,0,15,7,30.1958958958959,0.06067352153573461,12.438310714879663
omega_8.430990990990992,1.0,-0.2313916852932179,8.430990990990992,1.0,350,spline_s2,0,15,12,30.1958958958959,0.030017005680875394,13.209804008280742
omega_8.430990990990992,1.0,-0.2313916852932179,8.430990990990992,1.0,350,spline_s2,0,16,7,63.52692692692694,0.01047977970353782,9.549152842418579
omega_8.430990990990992,1.0,-0.2313916852932179,8.430990990990992,1.0,350,spline_s2,0,16,12,63.60390390390391,0.0391037153817847,9.416219485666716
omega_8.430990990990992,1.0,-0.2313916852932179,8.430990990990992,1.0,350,spline_s2,0,17,7,35.27637637637638,0.15879590717622347,5.400544884730408
omega_8.430990990990992,1.0,-0.2313916852932179,8.430990990990992,1.0,350,spline_s2,0,17,12,35.27637637637638,0.10179188074121671,4.535125742549269
omega_8.430990990990992,1.0,-0.2313916852932179,8.430990990990992,1.0,350,spline_s2,0,18,7,64.14274274274275,0.13883378320075812,7.395467207058346
omega_8.430990990990992,1.0,-0.2313916852932179,8.430990990990992,1.0,350,spline_s2,0,18,12,64.14274274274275,0.010933447901334095,7.778909317781455
omega_8.430990990990992,1.0,-0.2313916852932179,8.430990990990992,1.0,350,spline_s2,0,19,7,26.88588588588589,0.12445979838014427,8.68744447934148
omega_8.430990990990992,1.0,-0.2313916852932179,8.430990990990992,1.0,350,spline_s2,0,19,12,34.27567567567568,0.14825119134856693,7.527602647348061
omega_8.430990990990992,1.0,-0.2313916852932179,8.430990990990992,1.0,350,spline_s2,0,20,7,78.99929929929931,0.1840492796157061,11.873677556503907
omega_8.430990990990992,1.0,-0.2313916852932179,8.430990990990992,1.0,350,spline_s2,0,20,12,78.99929929929931,0.14311377071843873,12.25953329599676
omega_8.430990990990992,1.0,-0.2313916852932179,8.430990990990992,1.0,350,spline_s2,0,21,7,59.216216216216225,0.04433024501129797,6.347151190113493
omega_8.430990990990992,1.0,-0.2313916852932179,8.430990990990992,1.0,350,spline_s2,0,21,12,59.216216216216225,0.06128756915164267,5.8587675438293445
omega_8.430990990990992,1.0,-0.2313916852932179,8.430990990990992,1.0,350,spline_s2,0,22,7,77.92162162162163,0.08127038241683245,9.800415343304508
omega_8.430990990990992,1.0,-0.2313916852932179,8.430990990990992,1.0,350,spline_s2,0,22,12,77.92162162162163,0.1267954926107215,8.886600960509554
omega_8.430990990990992,1.0,-0.2313916852932179,8.430990990990992,1.0,350,spline_s2,0,23,7,67.68368368368368,0.09463266310757265,10.399866803573701
omega_8.430990990990992,1.0,-0.2313916852932179,8.430990990990992,1.0,350,spline_s2,0,23,12,67.68368368368368,0.10746791363931892,10.66174348405778
omega_8.430990990990992,1.0,-0.2313916852932179,8.430990990990992,1.0,350,spline_s2,0,24,7,71.07067067067068,0.09412402007614158,7.2690157820852335
omega_8.430990990990992,1.0,-0.2313916852932179,8.430990990990992,1.0,350,spline_s2,0,24,12,71.07067067067068,0.08596425031957411,7.2368573502269555
omega_8.430990990990992,1.0,-0.2313916852932179,8.430990990990992,1.0,350,spline_s2,0,25,7,69.45415415415415,0.026774693174904697,12.90060508519565
omega_8.430990990990992,1.0,-0.2313916852932179,8.430990990990992,1.0,350,spline_s2,0,25,12,69.45415415415415,0.06301682840595756,12.20392888585809
omega_8.430990990990992,1.0,-0.2313916852932179,8.430990990990992,1.0,350,spline_s2,0,26,7,23.498898898898904,0.10097453588096206,10.915965727966864
omega_8.430990990990992,1.0,-0.2313916852932179,8.430990990990992,1.0,350,spline_s2,0,26,12,23.421921921921925,0.0664195113257485,9.967467672912676
omega_8.430990990990992,1.0,-0.2313916852932179,8.430990990990992,1.0,350,spline_s2,0,27,7,60.678778778778785,0.07396851572593743,10.140745677414316
omega_8.430990990990992,1.0,-0.2313916852932179,8.430990990990992,1.0,350,spline_s2,0,27,12,60.678778778778785,0.05238370370177882,9.396875804056037
omega_8.430990990990992,1.0,-0.2313916852932179,8.430990990990992,1.0,350,spline_s2,0,28,7,58.67737737737739,0.07542624776858275,7.962603303936021
omega_8.430990990990992,1.0,-0.2313916852932179,8.430990990990992,1.0,350,spline_s2,0,28,12,58.60040040040041,0.10531450687873373,8.154506765994853
omega_8.430990990990992,1.0,-0.2313916852932179,8.430990990990992,1.0,350,spline_s2,0,29,7,34.198698698698706,0.017191822843455825,8.305580537026515
omega_8.430990990990992,1.0,-0.2313916852932179,8.430990990990992,1.0,350,spline_s2,0,29,12,34.198698698698706,0.04970977252105618,8.85990311191847
omega_8.430990990990992,1.0,-0.2313916852932179,8.430990990990992,1.0,350,spline_s2,0,30,7,44.35965965965967,0.10610248313922808,7.636456105805337
omega_8.430990990990992,1.0,-0.2313916852932179,8.430990990990992,1.0,350,spline_s2,0,30,12,44.35965965965967,0.09356688870207638,7.330734734465352
omega_8.430990990990992,1.0,-0.2313916852932179,8.430990990990992,1.0,350,spline_s2,0,31,7,42.74314314314315,0.054275493008533036,5.559100876018647
omega_8.430990990990992,1.0,-0.2313916852932179,8.430990990990992,1.0,350,spline_s2,0,31,12,42.82012012012013,0.04659061977316714,5.8677441182879875
omega_8.430990990990992,1.0,-0.2313916852932179,8.430990990990992,1.0,350,spline_s2,0,32,7,45.82222222222223,0.11614095847587103,7.86851943824081
omega_8.430990990990992,1.0,-0.2313916852932179,8.430990990990992,1.0,350,spline_s2,0,32,12,45.82222222222223,0.08869200188777025,7.605139602261772
omega_8.430990990990992,1.0,-0.2313916852932179,8.430990990990992,1.0,350,spline_s2,0,33,7,22.80610610610611,0.133817016491068,5.862109653665584
omega_8.430990990990992,1.0,-0.2313916852932179,8.430990990990992,1.0,350,spline_s2,0,33,12,40.74174174174175,0.12841387295131315,6.713234981450256
omega_8.430990990990992,1.0,-0.2313916852932179,8.430990990990992,1.0,350,spline_s2,0,34,7,53.75085085085086,0.1015954948779347,8.85982429417544
omega_8.430990990990992,1.0,-0.2313916852932179,8.430990990990992,1.0,350,spline_s2,0,34,12,53.75085085085086,0.12377873400545991,8.8394882571763
omega_8.430990990990992,1.0,-0.2313916852932179,8.430990990990992,1.0,350,spline_s2,0,35,7,28.271471471471475,0.08075163395358215,10.984485651530406
omega_8.430990990990992,1.0,-0.2313916852932179,8.430990990990992,1.0,350,spline_s2,0,35,12,28.271471471471475,0.055711894606894546,9.991033884285628
omega_8.430990990990992,1.0,-0.2313916852932179,8.430990990990992,1.0,350,spline_s2,0,36,7,77.07487487487488,0.08373926043937001,15.738318188561209
omega_8.430990990990992,1.0,-0.2313916852932179,8.430990990990992,1.0,350,spline_s2,0,36,12,77.07487487487488,0.09805043511934637,14.934658500706348
omega_8.430990990990992,1.0,-0.2313916852932179,8.430990990990992,1.0,350,spline_s2,0,37,7,75.22742742742743,0.12654930726140687,8.051985999653652
omega_8.430990990990992,1.0,-0.2313916852932179,8.430990990990992,1.0,350,spline_s2,0,37,12,75.22742742742743,0.0758799331812619,7.626522858751059
omega_8.430990990990992,1.0,-0.2313916852932179,8.430990990990992,1.0,350,spline_s2,0,38,7,56.137137137137145,0.0985912221867961,4.82817645306713
omega_8.430990990990992,1.0,-0.2313916852932179,8.430990990990992,1.0,350,spline_s2,0,38,12,23.421921921921925,0.0613733895107578,4.880415824544258
omega_8.430990990990992,1.0,-0.2313916852932179,8.430990990990992,1.0,350,spline_s2,0,39,7,80.0,0.1033954072039999,7.258156835574425
omega_8.430990990990992,1.0,-0.2313916852932179,8.430990990990992,1.0,350,spline_s2,0,39,12,80.0,0.05652371711534955,7.50233994976324
omega_8.430990990990992,1.0,-0.2313916852932179,8.430990990990992,1.0,350,spline_s2,0,40,7,64.52762762762764,0.09772179581469194,6.655762906885002
omega_8.430990990990992,1.0,-0.2313916852932179,8.430990990990992,1.0,350,spline_s2,0,40,12,15.10840840840841,0.0919205624690309,7.804716855057563
omega_8.430990990990992,1.0,-0.2313916852932179,8.430990990990992,1.0,350,spline_s2,0,41,7,70.22392392392393,0.06035382020810667,11.834272752674849
omega_8.430990990990992,1.0,-0.2313916852932179,8.430990990990992,1.0,350,spline_s2,0,41,12,70.22392392392393,0.08555275107750232,11.673630014699768
omega_8.430990990990992,1.0,-0.2313916852932179,8.430990990990992,1.0,350,spline_s2,0,42,7,38.586386386386394,0.07403235411632286,13.855857801080788
omega_8.430990990990992,1.0,-0.2313916852932179,8.430990990990992,1.0,350,spline_s2,0,42,12,38.509409409409415,0.056342288075356246,14.502333571850158
omega_8.430990990990992,1.0,-0.2313916852932179,8.430990990990992,1.0,350,spline_s2,0,43,7,40.8956956956957,0.03617813312644134,9.641040035734818
omega_8.430990990990992,1.0,-0.2313916852932179,8.430990990990992,1.0,350,spline_s2,0,43,12,40.81871871871873,0.05144399071299773,9.025061451138953
omega_8.430990990990992,1.0,-0.2313916852932179,8.430990990990992,1.0,350,spline_s2,0,44,7,46.89989989989991,0.07241101915706728,9.420791478628217
omega_8.430990990990992,1.0,-0.2313916852932179,8.430990990990992,1.0,350,spline_s2,0,44,12,46.89989989989991,0.08061708553621448,9.751106580266509
omega_8.430990990990992,1.0,-0.2313916852932179,8.430990990990992,1.0,350,spline_s2,0,45,7,55.98318318318319,0.046543316789285916,5.9257224408781894
omega_8.430990990990992,1.0,-0.2313916852932179,8.430990990990992,1.0,350,spline_s2,0,45,12,55.98318318318319,0.02273243563357821,6.350552908636644
omega_8.430990990990992,1.0,-0.2313916852932179,8.430990990990992,1.0,350,spline_s2,0,46,7,30.96566566566567,0.06486880314595514,12.34090355079303
omega_8.430990990990992,1.0,-0.2313916852932179,8.430990990990992,1.0,350,spline_s2,0,46,12,31.042642642642647,0.025541565984338165,11.920135103233463
omega_8.430990990990992,1.0,-0.2313916852932179,8.430990990990992,1.0,350,spline_s2,0,47,7,20.111911911911914,0.05058529068034114,9.967103618485623
omega_8.430990990990992,1.0,-0.2313916852932179,8.430990990990992,1.0,350,spline_s2,0,47,12,29.503103103103108,0.0464219490583124,10.01109669807073
omega_8.430990990990992,1.0,-0.2313916852932179,8.430990990990992,1.0,350,spline_s2,0,48,7,16.18608608608609,0.09521614009750916,15.378771810379305
omega_8.430990990990992,1.0,-0.2313916852932179,8.430990990990992,1.0,350,spline_s2,0,48,12,16.18608608608609,0.09139860529173242,12.901075597030001
omega_8.430990990990992,1.0,-0.2313916852932179,8.430990990990992,1.0,350,spline_s2,0,49,7,65.68228228228229,0.03736259634857716,7.81191231283475
omega_8.430990990990992,1.0,-0.2313916852932179,8.430990990990992,1.0,350,spline_s2,0,49,12,65.75925925925927,0.09278945670201906,8.18014682378049
omega_8.430990990990992,1.0,-0.2313916852932179,8.430990990990992,1.0,350,spline_s2,0,50,7,54.674574574574585,0.03809879892151524,8.16726088591264
omega_8.430990990990992,1.0,-0.2313916852932179,8.430990990990992,1.0,350,spline_s2,0,50,12,54.674574574574585,0.0785808150917336,7.957911766444909
omega_8.430990990990992,1.0,-0.2313916852932179,8.430990990990992,1.0,350,spline_s2,0,51,7,69.37717717717717,0.025297563538807168,26.226094963152946
omega_8.430990990990992,1.0,-0.2313916852932179,8.430990990990992,1.0,350,spline_s2,0,51,12,69.37717717717717,0.055427411766105765,25.503471330439822
omega_8.430990990990992,1.0,-0.2313916852932179,8.430990990990992,1.0,350,spline_s2,0,52,7,44.898498498498505,0.05602684374150787,9.75367813005198
omega_8.430990990990992,1.0,-0.2313916852932179,8.430990990990992,1.0,350,spline_s2,0,52,12,44.82152152152153,0.07779113173717327,9.631653048818805
omega_8.430990990990992,1.0,-0.2313916852932179,8.430990990990992,1.0,350,spline_s2,0,53,7,56.59899899899901,0.020717394898287424,7.256607190777686
omega_8.430990990990992,1.0,-0.2313916852932179,8.430990990990992,1.0,350,spline_s2,0,53,12,56.59899899899901,0.04613989724200189,7.386590765297427
omega_8.430990990990992,1.0,-0.2313916852932179,8.430990990990992,1.0,350,spline_s2,0,54,7,61.60250250250251,0.05878199743037543,9.137839050356064
omega_8.430990990990992,1.0,-0.2313916852932179,8.430990990990992,1.0,350,spline_s2,0,54,12,61.52552552552554,0.09941346379995414,8.968827254524456
omega_8.430990990990992,1.0,-0.2313916852932179,8.430990990990992,1.0,350,spline_s2,0,55,7,55.59829829829831,0.038146163775311555,11.994040716235702
omega_8.430990990990992,1.0,-0.2313916852932179,8.430990990990992,1.0,350,spline_s2,0,55,12,55.59829829829831,0.020030520942351707,10.170964750813738
omega_8.430990990990992,1.0,-0.2313916852932179,8.430990990990992,1.0,350,spline_s2,0,56,7,26.42402402402403,0.12861023427496593,14.091210907613515
omega_8.430990990990992,1.0,-0.2313916852932179,8.430990990990992,1.0,350,spline_s2,0,56,12,26.501001001001004,0.03639876907604797,10.409116812440857
omega_8.430990990990992,1.0,-0.2313916852932179,8.430990990990992,1.0,350,spline_s2,0,57,7,7.94954954954955,0.1924356351746206,6.762914077930702
omega_8.430990990990992,1.0,-0.2313916852932179,8.430990990990992,1.0,350,spline_s2,0,57,12,62.75715715715717,0.1431278878511987,5.877317413021615
omega_8.430990990990992,1.0,-0.2313916852932179,8.430990990990992,1.0,350,spline_s2,0,58,7,35.96916916916918,0.14101650014716538,9.54004304156365
omega_8.430990990990992,1.0,-0.2313916852932179,8.430990990990992,1.0,350,spline_s2,0,58,12,35.66126126126127,0.08193455794443076,9.213934712927795
omega_8.430990990990992,1.0,-0.2313916852932179,8.430990990990992,1.0,350,spline_s2,0,59,7,39.20220220220221,0.14194142825325165,8.11220334762396
omega_8.430990990990992,1.0,-0.2313916852932179,8.430990990990992,1.0,350,spline_s2,0,59,12,39.20220220220221,0.07564073353261526,8.00922295534889
omega_8.430990990990992,1.0,-0.2313916852932179,8.430990990990992,1.0,350,spline_s2,0,60,7,53.058058058058066,0.10501615619246661,10.900820874189549
omega_8.430990990990992,1.0,-0.2313916852932179,8.430990990990992,1.0,350,spline_s2,0,60,12,53.058058058058066,0.11957799572611623,10.50549320385636
omega_8.430990990990992,1.0,-0.2313916852932179,8.430990990990992,1.0,350,spline_s2,0,61,7,43.128028028028034,0.060387053773979536,7.687995381013309
omega_8.430990990990992,1.0,-0.2313916852932179,8.430990990990992,1.0,350,spline_s2,0,61,12,43.128028028028034,0.09437652000169729,8.077809066060581
omega_8.430990990990992,1.0,-0.2313916852932179,8.430990990990992,1.0,350,spline_s2,0,62,7,80.0,0.12539291611087378,6.90768516971616
omega_8.430990990990992,1.0,-0.2313916852932179,8.430990990990992,1.0,350,spline_s2,0,62,12,80.0,0.13347221374106297,6.971512208613319
omega_8.430990990990992,1.0,-0.2313916852932179,8.430990990990992,1.0,350,spline_s2,0,63,7,49.20920920920922,0.049642460911760604,9.91163850113648
omega_8.430990990990992,1.0,-0.2313916852932179,8.430990990990992,1.0,350,spline_s2,0,63,12,49.20920920920922,0.03407708182516247,9.70397450581899
omega_8.430990990990992,1.0,-0.2313916852932179,8.430990990990992,1.0,350,spline_s2,0,64,7,27.65565565565566,0.10191713489944682,7.86399835611229
omega_8.430990990990992,1.0,-0.2313916852932179,8.430990990990992,1.0,350,spline_s2,0,64,12,27.65565565565566,0.13237932507561054,7.146623186905941
omega_8.430990990990992,1.0,-0.2313916852932179,8.430990990990992,1.0,350,spline_s2,0,65,7,23.652852852852856,0.10611107511998204,7.773877045011204
omega_8.430990990990992,1.0,-0.2313916852932179,8.430990990990992,1.0,350,spline_s2,0,65,12,23.652852852852856,0.07224954598650549,7.081579147235459
omega_8.430990990990992,1.0,-0.2313916852932179,8.430990990990992,1.0,350,spline_s2,0,66,7,31.042642642642647,0.015956496040443226,14.17147378577414
omega_8.430990990990992,1.0,-0.2313916852932179,8.430990990990992,1.0,350,spline_s2,0,66,12,31.119619619619623,0.056140243426138506,14.310842422120345
omega_8.430990990990992,1.0,-0.2313916852932179,8.430990990990992,1.0,350,spline_s2,0,67,7,38.27847847847848,0.07633217833594333,9.858357451739266
omega_8.430990990990992,1.0,-0.2313916852932179,8.430990990990992,1.0,350,spline_s2,0,67,12,38.20150150150151,0.017592312140751905,10.210522719291532
omega_8.430990990990992,1.0,-0.2313916852932179,8.430990990990992,1.0,350,spline_s2,0,68,7,68.22252252252252,0.09285947595678182,5.936842721937921
omega_8.430990990990992,1.0,-0.2313916852932179,8.430990990990992,1.0,350,spline_s2,0,68,12,68.06856856856857,0.026272627988748114,5.608297789095076
omega_8.430990990990992,1.0,-0.2313916852932179,8.430990990990992,1.0,350,spline_s2,0,69,7,61.14064064064065,0.09439027872649934,12.368902485957733
omega_8.430990990990992,1.0,-0.2313916852932179,8.430990990990992,1.0,350,spline_s2,0,69,12,61.14064064064065,0.0506342539190529,13.263520932904044
omega_8.430990990990992,1.0,-0.2313916852932179,8.430990990990992,1.0,350,spline_s2,0,70,7,45.05245245245246,0.15384066969319868,6.8901514862612885
omega_8.430990990990992,1.0,-0.2313916852932179,8.430990990990992,1.0,350,spline_s2,0,70,12,44.975475475475484,0.0834010852458527,6.330228119283078
omega_8.430990990990992,1.0,-0.2313916852932179,8.430990990990992,1.0,350,spline_s2,0,71,7,9.412112112112114,0.12817336610388544,7.61843773880895
omega_8.430990990990992,1.0,-0.2313916852932179,8.430990990990992,1.0,350,spline_s2,0,71,12,79.84604604604606,0.1522869276566071,6.9997709579287175
omega_8.430990990990992,1.0,-0.2313916852932179,8.430990990990992,1.0,350,spline_s2,0,72,7,69.30020020020021,0.06471671300774687,10.671219337029754
omega_8.430990990990992,1.0,-0.2313916852932179,8.430990990990992,1.0,350,spline_s2,0,72,12,69.22322322322323,0.050583026368020007,10.458954787984851
omega_8.430990990990992,1.0,-0.2313916852932179,8.430990990990992,1.0,350,spline_s2,0,73,7,70.76276276276276,0.08656949386518072,11.467686948328264
omega_8.430990990990992,1.0,-0.2313916852932179,8.430990990990992,1.0,350,spline_s2,0,73,12,70.76276276276276,0.08128366082508333,11.441196616484888
omega_8.430990990990992,1.0,-0.2313916852932179,8.430990990990992,1.0,350,spline_s2,0,74,7,64.21971971971972,0.11764399130403545,12.936810957546697
omega_8.430990990990992,1.0,-0.2313916852932179,8.430990990990992,1.0,350,spline_s2,0,74,12,64.21971971971972,0.12088846660198498,12.71003274055596
omega_8.430990990990992,1.0,-0.2313916852932179,8.430990990990992,1.0,350,spline_s2,0,75,7,9.027227227227229,0.2352886747000065,13.363335359485745
omega_8.430990990990992,1.0,-0.2313916852932179,8.430990990990992,1.0,350,spline_s2,0,75,12,77.61371371371372,0.14324877188206306,10.245963488945307
omega_8.430990990990992,1.0,-0.2313916852932179,8.430990990990992,1.0,350,spline_s2,0,76,7,44.05175175175176,0.07521660763764214,13.552645818841228
omega_8.430990990990992,1.0,-0.2313916852932179,8.430990990990992,1.0,350,spline_s2,0,76,12,44.05175175175176,0.09749489262263923,13.2499690909263
omega_8.430990990990992,1.0,-0.2313916852932179,8.430990990990992,1.0,350,spline_s2,0,77,7,55.82922922922924,0.015241200754525565,8.867557871006909
omega_8.430990990990992,1.0,-0.2313916852932179,8.430990990990992,1.0,350,spline_s2,0,77,12,55.82922922922924,0.043460114874244594,8.520124667555024
omega_8.430990990990992,1.0,-0.2313916852932179,8.430990990990992,1.0,350,spline_s2,0,78,7,69.14624624624625,0.14511994983824852,9.77639104182282
omega_8.430990990990992,1.0,-0.2313916852932179,8.430990990990992,1.0,350,spline_s2,0,78,12,69.14624624624625,0.09195946429575128,9.678957809867
omega_8.430990990990992,1.0,-0.2313916852932179,8.430990990990992,1.0,350,spline_s2,0,79,7,60.21691691691693,0.06264614911056378,8.476578456463386
omega_8.430990990990992,1.0,-0.2313916852932179,8.430990990990992,1.0,350,spline_s2,0,79,12,60.2938938938939,0.0727060240383445,8.172955802540372
omega_8.430990990990992,1.0,-0.2313916852932179,8.430990990990992,1.0,350,spline_s2,0,80,7,52.2882882882883,0.18361541915438484,15.214300731530273
omega_8.430990990990992,1.0,-0.2313916852932179,8.430990990990992,1.0,350,spline_s2,0,80,12,52.2882882882883,0.10879905238698369,15.510635800042223
omega_8.430990990990992,1.0,-0.2313916852932179,8.430990990990992,1.0,350,spline_s2,0,81,7,10.181881881881884,0.09384345595919137,9.477006520143448
omega_8.430990990990992,1.0,-0.2313916852932179,8.430990990990992,1.0,350,spline_s2,0,81,12,10.489789789789791,0.054626500475867916,8.721100653945541
omega_8.430990990990992,1.0,-0.2313916852932179,8.430990990990992,1.0,350,spline_s2,0,82,7,40.43383383383384,0.0654638879333688,9.851038767717796
omega_8.430990990990992,1.0,-0.2313916852932179,8.430990990990992,1.0,350,spline_s2,0,82,12,40.51081081081082,0.01723224762576462,9.168549399341373
omega_8.430990990990992,1.0,-0.2313916852932179,8.430990990990992,1.0,350,spline_s2,0,83,7,40.81871871871873,0.06466920334068609,12.464422709452862
omega_8.430990990990992,1.0,-0.2313916852932179,8.430990990990992,1.0,350,spline_s2,0,83,12,40.81871871871873,0.0629256437892099,12.056462318909098
omega_8.430990990990992,1.0,-0.2313916852932179,8.430990990990992,1.0,350,spline_s2,0,84,7,45.36036036036037,0.02336988853234585,8.930469941458682
omega_8.430990990990992,1.0,-0.2313916852932179,8.430990990990992,1.0,350,spline_s2,0,84,12,45.36036036036037,0.07319781249492599,9.274850494198745
omega_8.430990990990992,1.0,-0.2313916852932179,8.430990990990992,1.0,350,spline_s2,0,85,7,58.67737737737739,0.08015944601345472,8.165553060809941
omega_8.430990990990992,1.0,-0.2313916852932179,8.430990990990992,1.0,350,spline_s2,0,85,12,58.67737737737739,0.052755089204699145,8.380257059380199
omega_8.430990990990992,1.0,-0.2313916852932179,8.430990990990992,1.0,350,spline_s2,0,86,7,27.963563563563568,0.15038493400325337,7.600021505272252
omega_8.430990990990992,1.0,-0.2313916852932179,8.430990990990992,1.0,350,spline_s2,0,86,12,27.886586586586592,0.12482491446116468,7.550177206853391
omega_8.430990990990992,1.0,-0.2313916852932179,8.430990990990992,1.0,350,spline_s2,0,87,7,57.676676676676685,0.132528430875532,10.74385345439265
omega_8.430990990990992,1.0,-0.2313916852932179,8.430990990990992,1.0,350,spline_s2,0,87,12,57.83063063063064,0.07696141148453767,10.353042549395497
omega_8.430990990990992,1.0,-0.2313916852932179,8.430990990990992,1.0,350,spline_s2,0,88,7,78.99929929929931,0.1395864429428497,9.160887074495065
omega_8.430990990990992,1.0,-0.2313916852932179,8.430990990990992,1.0,350,spline_s2,0,88,12,78.99929929929931,0.09846579640215225,9.04130167517917
omega_8.430990990990992,1.0,-0.2313916852932179,8.430990990990992,1.0,350,spline_s2,0,89,7,64.14274274274275,0.02203965250652757,9.811625339008913
omega_8.430990990990992,1.0,-0.2313916852932179,8.430990990990992,1.0,350,spline_s2,0,89,12,64.21971971971972,0.07102593307744742,11.21060733513508
omega_8.430990990990992,1.0,-0.2313916852932179,8.430990990990992,1.0,350,spline_s2,0,90,7,37.277777777777786,0.1744876937209661,13.579864443656504
omega_8.430990990990992,1.0,-0.2313916852932179,8.430990990990992,1.0,350,spline_s2,0,90,12,75.84324324324325,0.10435214863148384,12.11886067273008
omega_8.430990990990992,1.0,-0.2313916852932179,8.430990990990992,1.0,350,spline_s2,0,91,7,70.91671671671672,0.1492187739894901,16.93040735544571
omega_8.430990990990992,1.0,-0.2313916852932179,8.430990990990992,1.0,350,spline_s2,0,91,12,70.91671671671672,0.14196387907593175,16.55177261562818
omega_8.430990990990992,1.0,-0.2313916852932179,8.430990990990992,1.0,350,spline_s2,0,92,7,71.14764764764764,0.10023997285245807,7.906667162187347
omega_8.430990990990992,1.0,-0.2313916852932179,8.430990990990992,1.0,350,spline_s2,0,92,12,71.14764764764764,0.08249582693304555,7.90468735842407
omega_8.430990990990992,1.0,-0.2313916852932179,8.430990990990992,1.0,350,spline_s2,0,93,7,67.9915915915916,0.013897444690421864,11.407041816842536
omega_8.430990990990992,1.0,-0.2313916852932179,8.430990990990992,1.0,350,spline_s2,0,93,12,67.9915915915916,0.05900908973151732,11.320386109957497
omega_8.430990990990992,1.0,-0.2313916852932179,8.430990990990992,1.0,350,spline_s2,0,94,7,41.20360360360361,0.11831092404632769,7.08344244277373
omega_8.430990990990992,1.0,-0.2313916852932179,8.430990990990992,1.0,350,spline_s2,0,94,12,22.190290290290296,0.1714602685431915,6.967582905496386
omega_8.430990990990992,1.0,-0.2313916852932179,8.430990990990992,1.0,350,spline_s2,0,95,7,29.42612612612613,0.10738950935879414,12.043896890348435
omega_8.430990990990992,1.0,-0.2313916852932179,8.430990990990992,1.0,350,spline_s2,0,95,12,29.580080080080084,0.06460685902521184,9.235632506899037
omega_8.430990990990992,1.0,-0.2313916852932179,8.430990990990992,1.0,350,spline_s2,0,96,7,65.2973973973974,0.10531366640404384,14.847131263478275
omega_8.430990990990992,1.0,-0.2313916852932179,8.430990990990992,1.0,350,spline_s2,0,96,12,65.2973973973974,0.06505607824581107,15.075958382430485
omega_8.430990990990992,1.0,-0.2313916852932179,8.430990990990992,1.0,350,spline_s2,0,97,7,52.827127127127135,0.06847858506103414,11.731547282318616
omega_8.430990990990992,1.0,-0.2313916852932179,8.430990990990992,1.0,350,spline_s2,0,97,12,52.904104104104114,0.12378035568402666,11.8151898598299
omega_8.430990990990992,1.0,-0.2313916852932179,8.430990990990992,1.0,350,spline_s2,0,98,7,20.342842842842845,0.0777424387883703,8.376844638898206
omega_8.430990990990992,1.0,-0.2313916852932179,8.430990990990992,1.0,350,spline_s2,0,98,12,73.61091091091092,0.05139821777117374,8.310605013716838
omega_8.430990990990992,1.0,-0.2313916852932179,8.430990990990992,1.0,350,spline_s2,0,99,7,46.36106106106107,0.07898082159492963,7.328315940687418
omega_8.430990990990992,1.0,-0.2313916852932179,8.430990990990992,1.0,350,spline_s2,0,99,12,46.36106106106107,0.03910293878423502,7.358651280142027
omega_8.430990990990992,1.0,-0.2313916852932179,8.430990990990992,1.0,350,spline_s2,1.0,0,7,8.257457457457459,0.8871521182656212,113.6147845143065
omega_8.430990990990992,1.0,-0.2313916852932179,8.430990990990992,1.0,350,spline_s2,1.0,0,12,8.180480480480481,0.6964089175295174,73.39510451894006
omega_8.430990990990992,1.0,-0.2313916852932179,8.430990990990992,1.0,350,spline_s2,1.0,1,7,8.411411411411413,0.8028972534769804,89.44433346481213
omega_8.430990990990992,1.0,-0.2313916852932179,8.430990990990992,1.0,350,spline_s2,1.0,1,12,8.257457457457459,0.6206405021526039,56.41598003027201
omega_8.430990990990992,1.0,-0.2313916852932179,8.430990990990992,1.0,350,spline_s2,1.0,2,7,8.257457457457459,0.924255134851603,123.33420627982298
omega_8.430990990990992,1.0,-0.2313916852932179,8.430990990990992,1.0,350,spline_s2,1.0,2,12,8.180480480480481,0.7308667266406899,80.6955985957768
omega_8.430990990990992,1.0,-0.2313916852932179,8.430990990990992,1.0,350,spline_s2,1.0,3,7,8.257457457457459,0.9303485767255809,124.42163799873069
omega_8.430990990990992,1.0,-0.2313916852932179,8.430990990990992,1.0,350,spline_s2,1.0,3,12,8.180480480480481,0.7147206085773575,76.35555119475129
omega_8.430990990990992,1.0,-0.2313916852932179,8.430990990990992,1.0,350,spline_s2,1.0,4,7,8.257457457457459,0.7446136357876961,79.64308564742726
omega_8.430990990990992,1.0,-0.2313916852932179,8.430990990990992,1.0,350,spline_s2,1.0,4,12,8.257457457457459,0.535475010823217,40.97069185070609
omega_8.430990990990992,1.0,-0.2313916852932179,8.430990990990992,1.0,350,spline_s2,1.0,5,7,8.257457457457459,0.9866509201515146,139.68310945109033
omega_8.430990990990992,1.0,-0.2313916852932179,8.430990990990992,1.0,350,spline_s2,1.0,5,12,8.103503503503504,0.7340118902972628,85.58608541553559
omega_8.430990990990992,1.0,-0.2313916852932179,8.430990990990992,1.0,350,spline_s2,1.0,6,7,8.411411411411413,0.8774194563358003,108.3053596031317
omega_8.430990990990992,1.0,-0.2313916852932179,8.430990990990992,1.0,350,spline_s2,1.0,6,12,8.180480480480481,0.7088301918386434,74.14451108084097
omega_8.430990990990992,1.0,-0.2313916852932179,8.430990990990992,1.0,350,spline_s2,1.0,7,7,8.411411411411413,0.9220501577272122,118.06060825696187
omega_8.430990990990992,1.0,-0.2313916852932179,8.430990990990992,1.0,350,spline_s2,1.0,7,12,8.257457457457459,0.7329420123905768,78.04199667868869
omega_8.430990990990992,1.0,-0.2313916852932179,8.430990990990992,1.0,350,spline_s2,1.0,8,7,8.411411411411413,0.7683774520918549,81.0157835425751
omega_8.430990990990992,1.0,-0.2313916852932179,8.430990990990992,1.0,350,spline_s2,1.0,8,12,8.103503503503504,0.5470151053361934,47.24377700710221
omega_8.430990990990992,1.0,-0.2313916852932179,8.430990990990992,1.0,350,spline_s2,1.0,9,7,8.257457457457459,0.8206962282209207,97.14005857659947
omega_8.430990990990992,1.0,-0.2313916852932179,8.430990990990992,1.0,350,spline_s2,1.0,9,12,8.180480480480481,0.6055322773894688,56.5346229494034
omega_8.430990990990992,1.0,-0.2313916852932179,8.430990990990992,1.0,350,spline_s2,1.0,10,7,8.488388388388389,0.8782577663674328,105.16957880725238
omega_8.430990990990992,1.0,-0.2313916852932179,8.430990990990992,1.0,350,spline_s2,1.0,10,12,8.334434434434435,0.6134425545220341,52.363400238052634
omega_8.430990990990992,1.0,-0.2313916852932179,8.430990990990992,1.0,350,spline_s2,1.0,11,7,8.334434434434435,0.8687564935643269,103.97313813567627
omega_8.430990990990992,1.0,-0.2313916852932179,8.430990990990992,1.0,350,spline_s2,1.0,11,12,8.180480480480481,0.5741393225196363,48.6085391296553
omega_8.430990990990992,1.0,-0.2313916852932179,8.430990990990992,1.0,350,spline_s2,1.0,12,7,8.565365365365366,0.8269323003286975,94.98619911786886
omega_8.430990990990992,1.0,-0.2313916852932179,8.430990990990992,1.0,350,spline_s2,1.0,12,12,8.411411411411413,0.5405037902394166,40.33587313986956
omega_8.430990990990992,1.0,-0.2313916852932179,8.430990990990992,1.0,350,spline_s2,1.0,13,7,8.488388388388389,0.7513461994503425,77.90774350948328
omega_8.430990990990992,1.0,-0.2313916852932179,8.430990990990992,1.0,350,spline_s2,1.0,13,12,8.257457457457459,0.5172418039304357,38.273948793016245
omega_8.430990990990992,1.0,-0.2313916852932179,8.430990990990992,1.0,350,spline_s2,1.0,14,7,8.257457457457459,0.779040679688275,88.88808260570733
omega_8.430990990990992,1.0,-0.2313916852932179,8.430990990990992,1.0,350,spline_s2,1.0,14,12,8.257457457457459,0.6438399338284072,60.73658750696228
omega_8.430990990990992,1.0,-0.2313916852932179,8.430990990990992,1.0,350,spline_s2,1.0,15,7,8.334434434434435,1.0158997510567422,143.33317999377158
omega_8.430990990990992,1.0,-0.2313916852932179,8.430990990990992,1.0,350,spline_s2,1.0,15,12,8.103503503503504,0.7517186446071935,88.02308458471555
omega_8.430990990990992,1.0,-0.2313916852932179,8.430990990990992,1.0,350,spline_s2,1.0,16,7,8.411411411411413,0.8015995399104563,88.74711582239854
omega_8.430990990990992,1.0,-0.2313916852932179,8.430990990990992,1.0,350,spline_s2,1.0,16,12,8.257457457457459,0.6172838753261093,54.885599313517105
omega_8.430990990990992,1.0,-0.2313916852932179,8.430990990990992,1.0,350,spline_s2,1.0,17,7,8.411411411411413,0.8059303217215223,90.03017855372156
omega_8.430990990990992,1.0,-0.2313916852932179,8.430990990990992,1.0,350,spline_s2,1.0,17,12,8.257457457457459,0.6373211656846157,58.66362269051592
omega_8.430990990990992,1.0,-0.2313916852932179,8.430990990990992,1.0,350,spline_s2,1.0,18,7,8.411411411411413,0.8422207931538644,97.10581094584279
omega_8.430990990990992,1.0,-0.2313916852932179,8.430990990990992,1.0,350,spline_s2,1.0,18,12,8.257457457457459,0.6191073210412447,54.19277376133988
omega_8.430990990990992,1.0,-0.2313916852932179,8.430990990990992,1.0,350,spline_s2,1.0,19,7,8.334434434434435,0.8650888849450159,104.6036700683627
omega_8.430990990990992,1.0,-0.2313916852932179,8.430990990990992,1.0,350,spline_s2,1.0,19,12,8.180480480480481,0.6266670658899518,59.071691289730154
omega_8.430990990990992,1.0,-0.2313916852932179,8.430990990990992,1.0,350,spline_s2,1.0,20,7,8.257457457457459,0.8660608304281441,104.8374564883016
omega_8.430990990990992,1.0,-0.2313916852932179,8.430990990990992,1.0,350,spline_s2,1.0,20,12,8.180480480480481,0.6061798406060439,54.50160327581119
omega_8.430990990990992,1.0,-0.2313916852932179,8.430990990990992,1.0,350,spline_s2,1.0,21,7,8.257457457457459,0.888885754266797,114.09089563059291
omega_8.430990990990992,1.0,-0.2313916852932179,8.430990990990992,1.0,350,spline_s2,1.0,21,12,8.180480480480481,0.6762312225238355,68.70688401631469
omega_8.430990990990992,1.0,-0.2313916852932179,8.430990990990992,1.0,350,spline_s2,1.0,22,7,8.334434434434435,0.8192131233372294,93.10151480345712
omega_8.430990990990992,1.0,-0.2313916852932179,8.430990990990992,1.0,350,spline_s2,1.0,22,12,8.257457457457459,0.6531525638454506,59.9144729050841
omega_8.430990990990992,1.0,-0.2313916852932179,8.430990990990992,1.0,350,spline_s2,1.0,23,7,8.334434434434435,0.9854277973817349,134.76256364367237
omega_8.430990990990992,1.0,-0.2313916852932179,8.430990990990992,1.0,350,spline_s2,1.0,23,12,8.257457457457459,0.7154670958463925,74.58258576194055
omega_8.430990990990992,1.0,-0.2313916852932179,8.430990990990992,1.0,350,spline_s2,1.0,24,7,8.334434434434435,0.893682349182642,113.23143333138523
omega_8.430990990990992,1.0,-0.2313916852932179,8.430990990990992,1.0,350,spline_s2,1.0,24,12,8.180480480480481,0.6994701312409863,73.99954605557747
omega_8.430990990990992,1.0,-0.2313916852932179,8.430990990990992,1.0,350,spline_s2,1.0,25,7,8.488388388388389,0.694668552563845,66.81910936026088
omega_8.430990990990992,1.0,-0.2313916852932179,8.430990990990992,1.0,350,spline_s2,1.0,25,12,8.257457457457459,0.5638120212219504,45.523279119532276
omega_8.430990990990992,1.0,-0.2313916852932179,8.430990990990992,1.0,350,spline_s2,1.0,26,7,8.411411411411413,0.8803709544182516,107.39227234133284
omega_8.430990990990992,1.0,-0.2313916852932179,8.430990990990992,1.0,350,spline_s2,1.0,26,12,8.180480480480481,0.6251510955771753,59.19288919742564
omega_8.430990990990992,1.0,-0.2313916852932179,8.430990990990992,1.0,350,spline_s2,1.0,27,7,8.257457457457459,0.9332133978163696,123.29822274455915
omega_8.430990990990992,1.0,-0.2313916852932179,8.430990990990992,1.0,350,spline_s2,1.0,27,12,8.103503503503504,0.6754041031437955,70.5805639432258
omega_8.430990990990992,1.0,-0.2313916852932179,8.430990990990992,1.0,350,spline_s2,1.0,28,7,8.411411411411413,0.946603785125311,123.73614954935249
omega_8.430990990990992,1.0,-0.2313916852932179,8.430990990990992,1.0,350,spline_s2,1.0,28,12,8.257457457457459,0.6985989809983115,71.68243776223068
omega_8.430990990990992,1.0,-0.2313916852932179,8.430990990990992,1.0,350,spline_s2,1.0,29,7,8.180480480480481,0.8979255930136847,120.88423658526614
omega_8.430990990990992,1.0,-0.2313916852932179,8.430990990990992,1.0,350,spline_s2,1.0,29,12,8.180480480480481,0.7179204033524322,76.52736370482779
omega_8.430990990990992,1.0,-0.2313916852932179,8.430990990990992,1.0,350,spline_s2,1.0,30,7,8.257457457457459,0.8342000248966255,99.29671516168622
omega_8.430990990990992,1.0,-0.2313916852932179,8.430990990990992,1.0,350,spline_s2,1.0,30,12,8.180480480480481,0.6572771593106447,64.62909025073913
omega_8.430990990990992,1.0,-0.2313916852932179,8.430990990990992,1.0,350,spline_s2,1.0,31,7,8.334434434434435,0.7591268545388392,81.18939453154218
omega_8.430990990990992,1.0,-0.2313916852932179,8.430990990990992,1.0,350,spline_s2,1.0,31,12,8.257457457457459,0.5816651829267746,49.60165227726236
omega_8.430990990990992,1.0,-0.2313916852932179,8.430990990990992,1.0,350,spline_s2,1.0,32,7,8.257457457457459,0.8695307861124421,108.10386255605749
omega_8.430990990990992,1.0,-0.2313916852932179,8.430990990990992,1.0,350,spline_s2,1.0,32,12,8.180480480480481,0.6489543997727678,64.98514203210186
omega_8.430990990990992,1.0,-0.2313916852932179,8.430990990990992,1.0,350,spline_s2,1.0,33,7,8.257457457457459,0.9434044595860435,126.50769279739404
omega_8.430990990990992,1.0,-0.2313916852932179,8.430990990990992,1.0,350,spline_s2,1.0,33,12,8.180480480480481,0.7455970996988401,83.00720226896283
omega_8.430990990990992,1.0,-0.2313916852932179,8.430990990990992,1.0,350,spline_s2,1.0,34,7,8.257457457457459,0.9411665434353851,127.06451743085381
omega_8.430990990990992,1.0,-0.2313916852932179,8.430990990990992,1.0,350,spline_s2,1.0,34,12,8.257457457457459,0.7391476743459863,79.13009398217343
omega_8.430990990990992,1.0,-0.2313916852932179,8.430990990990992,1.0,350,spline_s2,1.0,35,7,8.180480480480481,0.7693869650248485,89.81137084870977
omega_8.430990990990992,1.0,-0.2313916852932179,8.430990990990992,1.0,350,spline_s2,1.0,35,12,8.103503503503504,0.590635826674624,56.25624120049366
omega_8.430990990990992,1.0,-0.2313916852932179,8.430990990990992,1.0,350,spline_s2,1.0,36,7,8.334434434434435,0.8659095113600245,103.74167144109697
omega_8.430990990990992,1.0,-0.2313916852932179,8.430990990990992,1.0,350,spline_s2,1.0,36,12,8.180480480480481,0.6006851389388367,55.421795570244
omega_8.430990990990992,1.0,-0.2313916852932179,8.430990990990992,1.0,350,spline_s2,1.0,37,7,8.180480480480481,0.8252812956576723,101.09727349750403
omega_8.430990990990992,1.0,-0.2313916852932179,8.430990990990992,1.0,350,spline_s2,1.0,37,12,8.180480480480481,0.6120563725720524,54.950145186378734
omega_8.430990990990992,1.0,-0.2313916852932179,8.430990990990992,1.0,350,spline_s2,1.0,38,7,8.411411411411413,0.845015171867603,98.54174493803743
omega_8.430990990990992,1.0,-0.2313916852932179,8.430990990990992,1.0,350,spline_s2,1.0,38,12,8.180480480480481,0.5637194089177776,46.536241942696904
omega_8.430990990990992,1.0,-0.2313916852932179,8.430990990990992,1.0,350,spline_s2,1.0,39,7,8.411411411411413,0.9764126159670227,131.98028923085133
omega_8.430990990990992,1.0,-0.2313916852932179,8.430990990990992,1.0,350,spline_s2,1.0,39,12,8.257457457457459,0.722393122227226,75.36446736336615
omega_8.430990990990992,1.0,-0.2313916852932179,8.430990990990992,1.0,350,spline_s2,1.0,40,7,8.257457457457459,0.919404784571247,122.82522622341804
omega_8.430990990990992,1.0,-0.2313916852932179,8.430990990990992,1.0,350,spline_s2,1.0,40,12,8.103503503503504,0.7468857651373412,86.80685752345943
omega_8.430990990990992,1.0,-0.2313916852932179,8.430990990990992,1.0,350,spline_s2,1.0,41,7,8.257457457457459,0.8910219099825736,114.09387507558569
omega_8.430990990990992,1.0,-0.2313916852932179,8.430990990990992,1.0,350,spline_s2,1.0,41,12,8.180480480480481,0.6972993153742623,72.05952411943258
omega_8.430990990990992,1.0,-0.2313916852932179,8.430990990990992,1.0,350,spline_s2,1.0,42,7,8.334434434434435,0.7389517286139138,76.87053573953193
omega_8.430990990990992,1.0,-0.2313916852932179,8.430990990990992,1.0,350,spline_s2,1.0,42,12,8.180480480480481,0.5820617482504148,51.72237587982835
omega_8.430990990990992,1.0,-0.2313916852932179,8.430990990990992,1.0,350,spline_s2,1.0,43,7,8.334434434434435,0.9753269280320845,134.57025837389375
omega_8.430990990990992,1.0,-0.2313916852932179,8.430990990990992,1.0,350,spline_s2,1.0,43,12,8.180480480480481,0.7330620907995222,82.82315068775705
omega_8.430990990990992,1.0,-0.2313916852932179,8.430990990990992,1.0,350,spline_s2,1.0,44,7,8.257457457457459,0.803028315633645,94.82034300979296
omega_8.430990990990992,1.0,-0.2313916852932179,8.430990990990992,1.0,350,spline_s2,1.0,44,12,8.180480480480481,0.6371113762439796,60.41520628250561
omega_8.430990990990992,1.0,-0.2313916852932179,8.430990990990992,1.0,350,spline_s2,1.0,45,7,8.334434434434435,0.8072178206659351,91.82827006516271
omega_8.430990990990992,1.0,-0.2313916852932179,8.430990990990992,1.0,350,spline_s2,1.0,45,12,8.257457457457459,0.6494383672122473,61.0827688133453
omega_8.430990990990992,1.0,-0.2313916852932179,8.430990990990992,1.0,350,spline_s2,1.0,46,7,8.411411411411413,0.8687128444434099,104.99424512750744
omega_8.430990990990992,1.0,-0.2313916852932179,8.430990990990992,1.0,350,spline_s2,1.0,46,12,8.334434434434435,0.6527087629025535,60.341899769642
omega_8.430990990990992,1.0,-0.2313916852932179,8.430990990990992,1.0,350,spline_s2,1.0,47,7,8.334434434434435,0.8142818090340207,93.77963478639833
omega_8.430990990990992,1.0,-0.2313916852932179,8.430990990990992,1.0,350,spline_s2,1.0,47,12,8.257457457457459,0.6590660552814003,63.04190733249811
omega_8.430990990990992,1.0,-0.2313916852932179,8.430990990990992,1.0,350,spline_s2,1.0,48,7,8.334434434434435,0.7773771562503597,84.07584970237588
omega_8.430990990990992,1.0,-0.2313916852932179,8.430990990990992,1.0,350,spline_s2,1.0,48,12,8.180480480480481,0.5785621992772344,50.153208196823414
omega_8.430990990990992,1.0,-0.2313916852932179,8.430990990990992,1.0,350,spline_s2,1.0,49,7,8.334434434434435,0.8741201956025269,107.10257250916419
omega_8.430990990990992,1.0,-0.2313916852932179,8.430990990990992,1.0,350,spline_s2,1.0,49,12,8.257457457457459,0.7093988197357103,73.52599086549264
omega_8.430990990990992,1.0,-0.2313916852932179,8.430990990990992,1.0,350,spline_s2,1.0,50,7,8.488388388388389,0.6834688085492308,64.68101789512968
omega_8.430990990990992,1.0,-0.2313916852932179,8.430990990990992,1.0,350,spline_s2,1.0,50,12,8.180480480480481,0.5024100472205726,38.16420687162173
omega_8.430990990990992,1.0,-0.2313916852932179,8.430990990990992,1.0,350,spline_s2,1.0,51,7,8.180480480480481,0.877982652144719,113.65010491143983
omega_8.430990990990992,1.0,-0.2313916852932179,8.430990990990992,1.0,350,spline_s2,1.0,51,12,8.180480480480481,0.671831014116073,67.64745877694361
omega_8.430990990990992,1.0,-0.2313916852932179,8.430990990990992,1.0,350,spline_s2,1.0,52,7,8.334434434434435,0.9483974845161472,125.21108652321345
omega_8.430990990990992,1.0,-0.2313916852932179,8.430990990990992,1.0,350,spline_s2,1.0,52,12,8.257457457457459,0.6954025325153571,70.20897796405302
omega_8.430990990990992,1.0,-0.2313916852932179,8.430990990990992,1.0,350,spline_s2,1.0,53,7,8.257457457457459,0.8293576907708382,99.23659114357355
omega_8.430990990990992,1.0,-0.2313916852932179,8.430990990990992,1.0,350,spline_s2,1.0,53,12,8.180480480480481,0.6567803703061481,65.9521041155026
omega_8.430990990990992,1.0,-0.2313916852932179,8.430990990990992,1.0,350,spline_s2,1.0,54,7,8.334434434434435,0.8608030447050169,103.96427985233379
omega_8.430990990990992,1.0,-0.2313916852932179,8.430990990990992,1.0,350,spline_s2,1.0,54,12,8.257457457457459,0.6754108014561048,65.40076501980246
omega_8.430990990990992,1.0,-0.2313916852932179,8.430990990990992,1.0,350,spline_s2,1.0,55,7,8.334434434434435,0.7801853599148213,86.91735221763486
omega_8.430990990990992,1.0,-0.2313916852932179,8.430990990990992,1.0,350,spline_s2,1.0,55,12,8.257457457457459,0.6088913326361299,54.50021335652548
omega_8.430990990990992,1.0,-0.2313916852932179,8.430990990990992,1.0,350,spline_s2,1.0,56,7,8.334434434434435,0.8169481362931498,93.26984539679796
omega_8.430990990990992,1.0,-0.2313916852932179,8.430990990990992,1.0,350,spline_s2,1.0,56,12,8.257457457457459,0.6781369203992444,65.56745242276673
omega_8.430990990990992,1.0,-0.2313916852932179,8.430990990990992,1.0,350,spline_s2,1.0,57,7,8.257457457457459,0.8271464112321725,97.49969983128932
omega_8.430990990990992,1.0,-0.2313916852932179,8.430990990990992,1.0,350,spline_s2,1.0,57,12,8.180480480480481,0.6571640950464435,65.9530078586838
omega_8.430990990990992,1.0,-0.2313916852932179,8.430990990990992,1.0,350,spline_s2,1.0,58,7,8.334434434434435,0.7950974846071299,88.98646479968426
omega_8.430990990990992,1.0,-0.2313916852932179,8.430990990990992,1.0,350,spline_s2,1.0,58,12,8.180480480480481,0.6213798100504548,56.64410458043574
omega_8.430990990990992,1.0,-0.2313916852932179,8.430990990990992,1.0,350,spline_s2,1.0,59,7,8.334434434434435,0.8396381982350163,98.82237271454738
omega_8.430990990990992,1.0,-0.2313916852932179,8.430990990990992,1.0,350,spline_s2,1.0,59,12,8.180480480480481,0.6034986331486961,54.61592016234147
omega_8.430990990990992,1.0,-0.2313916852932179,8.430990990990992,1.0,350,spline_s2,1.0,60,7,8.257457457457459,0.7285995632066262,75.87723689008641
omega_8.430990990990992,1.0,-0.2313916852932179,8.430990990990992,1.0,350,spline_s2,1.0,60,12,8.180480480480481,0.544610182876638,45.44424935031134
omega_8.430990990990992,1.0,-0.2313916852932179,8.430990990990992,1.0,350,spline_s2,1.0,61,7,8.411411411411413,0.9481204659700767,124.99832123333636
omega_8.430990990990992,1.0,-0.2313916852932179,8.430990990990992,1.0,350,spline_s2,1.0,61,12,8.180480480480481,0.6389259054350706,60.36240521768303
omega_8.430990990990992,1.0,-0.2313916852932179,8.430990990990992,1.0,350,spline_s2,1.0,62,7,8.411411411411413,0.8820606746290317,107.22458939243444
omega_8.430990990990992,1.0,-0.2313916852932179,8.430990990990992,1.0,350,spline_s2,1.0,62,12,8.334434434434435,0.6524162252529535,60.01835931540762
omega_8.430990990990992,1.0,-0.2313916852932179,8.430990990990992,1.0,350,spline_s2,1.0,63,7,8.257457457457459,0.9886596469663705,141.1415989782031
omega_8.430990990990992,1.0,-0.2313916852932179,8.430990990990992,1.0,350,spline_s2,1.0,63,12,8.180480480480481,0.7374370768058247,83.50228419410558
omega_8.430990990990992,1.0,-0.2313916852932179,8.430990990990992,1.0,350,spline_s2,1.0,64,7,8.334434434434435,0.8430331252642591,99.43015756470282
omega_8.430990990990992,1.0,-0.2313916852932179,8.430990990990992,1.0,350,spline_s2,1.0,64,12,8.257457457457459,0.589468639290232,49.89136997908997
omega_8.430990990990992,1.0,-0.2313916852932179,8.430990990990992,1.0,350,spline_s2,1.0,65,7,8.411411411411413,0.8973990037152214,109.72665462570461
omega_8.430990990990992,1.0,-0.2313916852932179,8.430990990990992,1.0,350,spline_s2,1.0,65,12,8.180480480480481,0.6572442876557406,62.28465147929484
omega_8.430990990990992,1.0,-0.2313916852932179,8.430990990990992,1.0,350,spline_s2,1.0,66,7,8.257457457457459,0.7788372853960938,86.1511842900913
omega_8.430990990990992,1.0,-0.2313916852932179,8.430990990990992,1.0,350,spline_s2,1.0,66,12,8.257457457457459,0.5559072368456747,45.430687889024796
omega_8.430990990990992,1.0,-0.2313916852932179,8.430990990990992,1.0,350,spline_s2,1.0,67,7,8.334434434434435,0.9334501718635282,121.6172654917466
omega_8.430990990990992,1.0,-0.2313916852932179,8.430990990990992,1.0,350,spline_s2,1.0,67,12,8.180480480480481,0.6854339840309296,70.00723241237466
omega_8.430990990990992,1.0,-0.2313916852932179,8.430990990990992,1.0,350,spline_s2,1.0,68,7,8.334434434434435,0.9393443228786598,124.92720920623867
omega_8.430990990990992,1.0,-0.2313916852932179,8.430990990990992,1.0,350,spline_s2,1.0,68,12,8.257457457457459,0.7855051658531511,91.04771095833792
omega_8.430990990990992,1.0,-0.2313916852932179,8.430990990990992,1.0,350,spline_s2,1.0,69,7,8.257457457457459,0.7276632010341885,75.31049128163977
omega_8.430990990990992,1.0,-0.2313916852932179,8.430990990990992,1.0,350,spline_s2,1.0,69,12,8.257457457457459,0.5718539684726427,47.434530827952585
omega_8.430990990990992,1.0,-0.2313916852932179,8.430990990990992,1.0,350,spline_s2,1.0,70,7,8.411411411411413,0.8292383614325505,95.65186251343397
omega_8.430990990990992,1.0,-0.2313916852932179,8.430990990990992,1.0,350,spline_s2,1.0,70,12,8.334434434434435,0.6389962585468116,57.56226786688978
omega_8.430990990990992,1.0,-0.2313916852932179,8.430990990990992,1.0,350,spline_s2,1.0,71,7,8.334434434434435,0.9874728055982727,137.03939158827473
omega_8.430990990990992,1.0,-0.2313916852932179,8.430990990990992,1.0,350,spline_s2,1.0,71,12,8.180480480480481,0.7632597051293585,87.78871413665104
omega_8.430990990990992,1.0,-0.2313916852932179,8.430990990990992,1.0,350,spline_s2,1.0,72,7,8.334434434434435,0.8179636834721684,93.65033334472122
omega_8.430990990990992,1.0,-0.2313916852932179,8.430990990990992,1.0,350,spline_s2,1.0,72,12,8.180480480480481,0.6474475174846221,63.22420297166366
omega_8.430990990990992,1.0,-0.2313916852932179,8.430990990990992,1.0,350,spline_s2,1.0,73,7,8.257457457457459,0.8698462290064397,109.8783719143293
omega_8.430990990990992,1.0,-0.2313916852932179,8.430990990990992,1.0,350,spline_s2,1.0,73,12,8.103503503503504,0.6421331336759716,64.79885905329792
omega_8.430990990990992,1.0,-0.2313916852932179,8.430990990990992,1.0,350,spline_s2,1.0,74,7,8.411411411411413,0.911275481407884,115.55324016125371
omega_8.430990990990992,1.0,-0.2313916852932179,8.430990990990992,1.0,350,spline_s2,1.0,74,12,8.180480480480481,0.7144836681824083,76.43983771069378
omega_8.430990990990992,1.0,-0.2313916852932179,8.430990990990992,1.0,350,spline_s2,1.0,75,7,8.257457457457459,0.8434254074890118,102.48678914773265
omega_8.430990990990992,1.0,-0.2313916852932179,8.430990990990992,1.0,350,spline_s2,1.0,75,12,8.180480480480481,0.6813135252794276,69.63672887476704
omega_8.430990990990992,1.0,-0.2313916852932179,8.430990990990992,1.0,350,spline_s2,1.0,76,7,8.334434434434435,0.9875202128725072,134.96145326784074
omega_8.430990990990992,1.0,-0.2313916852932179,8.430990990990992,1.0,350,spline_s2,1.0,76,12,8.180480480480481,0.7200924475884026,77.81912746449137
omega_8.430990990990992,1.0,-0.2313916852932179,8.430990990990992,1.0,350,spline_s2,1.0,77,7,8.411411411411413,0.8523382687093752,100.58868031331048
omega_8.430990990990992,1.0,-0.2313916852932179,8.430990990990992,1.0,350,spline_s2,1.0,77,12,8.257457457457459,0.5570670113357142,44.996313332984926
omega_8.430990990990992,1.0,-0.2313916852932179,8.430990990990992,1.0,350,spline_s2,1.0,78,7,8.565365365365366,0.931621583256753,120.80180604927222
omega_8.430990990990992,1.0,-0.2313916852932179,8.430990990990992,1.0,350,spline_s2,1.0,78,12,8.411411411411413,0.6683181197615491,61.85804128678774
omega_8.430990990990992,1.0,-0.2313916852932179,8.430990990990992,1.0,350,spline_s2,1.0,79,7,8.257457457457459,0.8290857004694399,97.86916112299292
omega_8.430990990990992,1.0,-0.2313916852932179,8.430990990990992,1.0,350,spline_s2,1.0,79,12,8.180480480480481,0.6098520278020473,56.181040478057184
omega_8.430990990990992,1.0,-0.2313916852932179,8.430990990990992,1.0,350,spline_s2,1.0,80,7,8.334434434434435,0.8523857974993878,101.20490260452465
omega_8.430990990990992,1.0,-0.2313916852932179,8.430990990990992,1.0,350,spline_s2,1.0,80,12,8.257457457457459,0.6300627570971572,56.93265880522222
omega_8.430990990990992,1.0,-0.2313916852932179,8.430990990990992,1.0,350,spline_s2,1.0,81,7,8.334434434434435,0.7804605255313877,85.43477392378065
omega_8.430990990990992,1.0,-0.2313916852932179,8.430990990990992,1.0,350,spline_s2,1.0,81,12,8.180480480480481,0.6218620754210477,56.644122915922026
omega_8.430990990990992,1.0,-0.2313916852932179,8.430990990990992,1.0,350,spline_s2,1.0,82,7,8.411411411411413,0.874842172433805,105.10650935419255
omega_8.430990990990992,1.0,-0.2313916852932179,8.430990990990992,1.0,350,spline_s2,1.0,82,12,8.334434434434435,0.6543426586205117,59.93888269916897
omega_8.430990990990992,1.0,-0.2313916852932179,8.430990990990992,1.0,350,spline_s2,1.0,83,7,8.334434434434435,0.9912036168695451,139.0043092844428
omega_8.430990990990992,1.0,-0.2313916852932179,8.430990990990992,1.0,350,spline_s2,1.0,83,12,8.180480480480481,0.746932658871543,82.52818142052723
omega_8.430990990990992,1.0,-0.2313916852932179,8.430990990990992,1.0,350,spline_s2,1.0,84,7,8.257457457457459,0.9229268813568958,122.98025834567318
omega_8.430990990990992,1.0,-0.2313916852932179,8.430990990990992,1.0,350,spline_s2,1.0,84,12,8.180480480480481,0.7586251472729637,84.1995536681186
omega_8.430990990990992,1.0,-0.2313916852932179,8.430990990990992,1.0,350,spline_s2,1.0,85,7,8.257457457457459,0.8434478284597321,103.30899289690899
omega_8.430990990990992,1.0,-0.2313916852932179,8.430990990990992,1.0,350,spline_s2,1.0,85,12,8.257457457457459,0.6257711107137839,56.68294431485435
omega_8.430990990990992,1.0,-0.2313916852932179,8.430990990990992,1.0,350,spline_s2,1.0,86,7,8.334434434434435,0.8350420068901464,97.30643086961317
omega_8.430990990990992,1.0,-0.2313916852932179,8.430990990990992,1.0,350,spline_s2,1.0,86,12,8.103503503503504,0.512929359813287,42.37347741742343
omega_8.430990990990992,1.0,-0.2313916852932179,8.430990990990992,1.0,350,spline_s2,1.0,87,7,8.257457457457459,0.8300059586771056,98.64527113110336
omega_8.430990990990992,1.0,-0.2313916852932179,8.430990990990992,1.0,350,spline_s2,1.0,87,12,8.257457457457459,0.6984919944372326,70.77107603630918
omega_8.430990990990992,1.0,-0.2313916852932179,8.430990990990992,1.0,350,spline_s2,1.0,88,7,8.257457457457459,0.8064148016351409,93.25017022151917
omega_8.430990990990992,1.0,-0.2313916852932179,8.430990990990992,1.0,350,spline_s2,1.0,88,12,8.257457457457459,0.6119807208869403,54.319117645871586
omega_8.430990990990992,1.0,-0.2313916852932179,8.430990990990992,1.0,350,spline_s2,1.0,89,7,8.488388388388389,0.7704001704434814,82.86372839329943
omega_8.430990990990992,1.0,-0.2313916852932179,8.430990990990992,1.0,350,spline_s2,1.0,89,12,8.334434434434435,0.5615264223451596,44.628072691763066
omega_8.430990990990992,1.0,-0.2313916852932179,8.430990990990992,1.0,350,spline_s2,1.0,90,7,8.411411411411413,0.8020186985239397,89.69726484516212
omega_8.430990990990992,1.0,-0.2313916852932179,8.430990990990992,1.0,350,spline_s2,1.0,90,12,8.257457457457459,0.6190168471322041,55.00951857447467
omega_8.430990990990992,1.0,-0.2313916852932179,8.430990990990992,1.0,350,spline_s2,1.0,91,7,8.411411411411413,0.8019335884098107,88.55897948768796
omega_8.430990990990992,1.0,-0.2313916852932179,8.430990990990992,1.0,350,spline_s2,1.0,91,12,8.257457457457459,0.5848240037608071,49.02721831809066
omega_8.430990990990992,1.0,-0.2313916852932179,8.430990990990992,1.0,350,spline_s2,1.0,92,7,8.565365365365366,0.7386228382988468,77.43576738348315
omega_8.430990990990992,1.0,-0.2313916852932179,8.430990990990992,1.0,350,spline_s2,1.0,92,12,8.411411411411413,0.5203293655981218,38.380596240517434
omega_8.430990990990992,1.0,-0.2313916852932179,8.430990990990992,1.0,350,spline_s2,1.0,93,7,8.334434434434435,0.6946271658807881,67.46293936607196
omega_8.430990990990992,1.0,-0.2313916852932179,8.430990990990992,1.0,350,spline_s2,1.0,93,12,8.180480480480481,0.49772404682147253,37.627690897783054
omega_8.430990990990992,1.0,-0.2313916852932179,8.430990990990992,1.0,350,spline_s2,1.0,94,7,8.257457457457459,0.8400107611250034,103.05747772176682
omega_8.430990990990992,1.0,-0.2313916852932179,8.430990990990992,1.0,350,spline_s2,1.0,94,12,8.103503503503504,0.6189137538202352,61.87767059367974
omega_8.430990990990992,1.0,-0.2313916852932179,8.430990990990992,1.0,350,spline_s2,1.0,95,7,8.257457457457459,0.823288659836007,96.31202139723291
omega_8.430990990990992,1.0,-0.2313916852932179,8.430990990990992,1.0,350,spline_s2,1.0,95,12,8.257457457457459,0.5790136165558825,49.28411508064687
omega_8.430990990990992,1.0,-0.2313916852932179,8.430990990990992,1.0,350,spline_s2,1.0,96,7,8.334434434434435,0.9283894645768144,121.90393906256355
omega_8.430990990990992,1.0,-0.2313916852932179,8.430990990990992,1.0,350,spline_s2,1.0,96,12,8.257457457457459,0.7266433269819446,76.16726400570656
omega_8.430990990990992,1.0,-0.2313916852932179,8.430990990990992,1.0,350,spline_s2,1.0,97,7,8.411411411411413,0.8383423802283787,97.91073437281668
omega_8.430990990990992,1.0,-0.2313916852932179,8.430990990990992,1.0,350,spline_s2,1.0,97,12,8.334434434434435,0.6299149977861429,56.53098914666728
omega_8.430990990990992,1.0,-0.2313916852932179,8.430990990990992,1.0,350,spline_s2,1.0,98,7,8.334434434434435,0.9100357151284887,117.73938899090808
omega_8.430990990990992,1.0,-0.2313916852932179,8.430990990990992,1.0,350,spline_s2,1.0,98,12,8.180480480480481,0.7011041863009915,74.94035630149773
omega_8.430990990990992,1.0,-0.2313916852932179,8.430990990990992,1.0,350,spline_s2,1.0,99,7,8.334434434434435,0.9093774262167982,115.35856374008625
omega_8.430990990990992,1.0,-0.2313916852932179,8.430990990990992,1.0,350,spline_s2,1.0,99,12,8.180480480480481,0.6290295038995825,58.420560555852944
scale_0.25,1.0,-0.2313916852932179,7.025825825825827,0.25,350,spline_s2,0,0,7,33.736836836836844,0.1925814375275322,17.89051957260361
scale_0.25,1.0,-0.2313916852932179,7.025825825825827,0.25,350,spline_s2,0,0,12,33.736836836836844,0.11786911325676931,16.93667759238525
scale_0.25,1.0,-0.2313916852932179,7.025825825825827,0.25,350,spline_s2,0,1,7,78.07557557557558,0.04719174842074805,7.458169952406422
scale_0.25,1.0,-0.2313916852932179,7.025825825825827,0.25,350,spline_s2,0,1,12,78.07557557557558,0.022252209568442205,7.4926914065758865
scale_0.25,1.0,-0.2313916852932179,7.025825825825827,0.25,350,spline_s2,0,2,7,37.66266266266267,0.03397822198413078,7.15896160341066
scale_0.25,1.0,-0.2313916852932179,7.025825825825827,0.25,350,spline_s2,0,2,12,37.66266266266267,0.04343030169262475,7.790817766496787
scale_0.25,1.0,-0.2313916852932179,7.025825825825827,0.25,350,spline_s2,0,3,7,68.45345345345346,0.055558800941089864,8.415784039462892
scale_0.25,1.0,-0.2313916852932179,7.025825825825827,0.25,350,spline_s2,0,3,12,68.45345345345346,0.031113748343679713,8.60197142333459
scale_0.25,1.0,-0.2313916852932179,7.025825825825827,0.25,350,spline_s2,0,4,7,12.414214214214216,0.16313154659628368,8.148747133248492
scale_0.25,1.0,-0.2313916852932179,7.025825825825827,0.25,350,spline_s2,0,4,12,12.414214214214216,0.03673046051405199,7.880630278390413
scale_0.25,1.0,-0.2313916852932179,7.025825825825827,0.25,350,spline_s2,0,5,7,41.742442442442446,0.0948942376098158,9.396461513534945
scale_0.25,1.0,-0.2313916852932179,7.025825825825827,0.25,350,spline_s2,0,5,12,41.819419419419425,0.015199705000593481,8.21275188510873
scale_0.25,1.0,-0.2313916852932179,7.025825825825827,0.25,350,spline_s2,0,6,7,43.05105105105106,0.08300236712684861,7.8115908548342645
scale_0.25,1.0,-0.2313916852932179,7.025825825825827,0.25,350,spline_s2,0,6,12,43.05105105105106,0.030908406476599187,8.889972515495117
scale_0.25,1.0,-0.2313916852932179,7.025825825825827,0.25,350,spline_s2,0,7,7,53.59689689689691,0.12253943915551163,7.176875783989232
scale_0.25,1.0,-0.2313916852932179,7.025825825825827,0.25,350,spline_s2,0,7,12,53.59689689689691,0.09013252577526702,6.938263171095173
scale_0.25,1.0,-0.2313916852932179,7.025825825825827,0.25,350,spline_s2,0,8,7,37.12382382382383,0.08958240331365257,7.6229859318195
scale_0.25,1.0,-0.2313916852932179,7.025825825825827,0.25,350,spline_s2,0,8,12,37.046846846846854,0.06876661068992938,8.028945604706735
scale_0.25,1.0,-0.2313916852932179,7.025825825825827,0.25,350,spline_s2,0,9,7,54.82852852852854,0.04277591492652731,10.231411138508207
scale_0.25,1.0,-0.2313916852932179,7.025825825825827,0.25,350,spline_s2,0,9,12,54.82852852852854,0.06063216946946453,10.533342239106645
scale_0.25,1.0,-0.2313916852932179,7.025825825825827,0.25,350,spline_s2,0,10,7,58.98528528528529,0.11482886244436688,9.524030038951963
scale_0.25,1.0,-0.2313916852932179,7.025825825825827,0.25,350,spline_s2,0,10,12,58.90830830830832,0.09024543177425579,9.306021711987597
scale_0.25,1.0,-0.2313916852932179,7.025825825825827,0.25,350,spline_s2,0,11,7,16.64794794794795,0.026586922522712643,8.070532233473273
scale_0.25,1.0,-0.2313916852932179,7.025825825825827,0.25,350,spline_s2,0,11,12,16.64794794794795,0.053549255827208424,7.723303199875971
scale_0.25,1.0,-0.2313916852932179,7.025825825825827,0.25,350,spline_s2,0,12,7,35.81521521521522,0.08623195393797564,13.680301912772393
scale_0.25,1.0,-0.2313916852932179,7.025825825825827,0.25,350,spline_s2,0,12,12,35.81521521521522,0.06315834928142637,13.186032885588702
scale_0.25,1.0,-0.2313916852932179,7.025825825825827,0.25,350,spline_s2,0,13,7,48.208508508508515,0.07521979702802395,11.468435999650978
scale_0.25,1.0,-0.2313916852932179,7.025825825825827,0.25,350,spline_s2,0,13,12,48.208508508508515,0.05696208829034458,11.695313706033573
scale_0.25,1.0,-0.2313916852932179,7.025825825825827,0.25,350,spline_s2,0,14,7,67.91461461461462,0.09954202896800379,11.328429042276468
scale_0.25,1.0,-0.2313916852932179,7.025825825825827,0.25,350,spline_s2,0,14,12,67.91461461461462,0.09549622891651319,11.493196018886607
scale_0.25,1.0,-0.2313916852932179,7.025825825825827,0.25,350,spline_s2,0,15,7,67.45275275275276,0.04720675638035764,8.2302451729486
scale_0.25,1.0,-0.2313916852932179,7.025825825825827,0.25,350,spline_s2,0,15,12,43.97477477477478,0.048280360585633814,7.860154226030858
scale_0.25,1.0,-0.2313916852932179,7.025825825825827,0.25,350,spline_s2,0,16,7,55.52132132132133,0.06382316634352618,8.959365329764012
scale_0.25,1.0,-0.2313916852932179,7.025825825825827,0.25,350,spline_s2,0,16,12,55.52132132132133,0.04001261871507215,8.900107218082297
scale_0.25,1.0,-0.2313916852932179,7.025825825825827,0.25,350,spline_s2,0,17,7,65.14344344344345,0.07101365928966231,7.125835741062303
scale_0.25,1.0,-0.2313916852932179,7.025825825825827,0.25,350,spline_s2,0,17,12,65.14344344344345,0.07323917522854873,6.857635008229352
scale_0.25,1.0,-0.2313916852932179,7.025825825825827,0.25,350,spline_s2,0,18,7,34.198698698698706,0.007470858935995021,6.114082900330061
scale_0.25,1.0,-0.2313916852932179,7.025825825825827,0.25,350,spline_s2,0,18,12,69.53113113113113,0.012579199701436995,5.693770860607344
scale_0.25,1.0,-0.2313916852932179,7.025825825825827,0.25,350,spline_s2,0,19,7,41.742442442442446,0.10576977577203724,7.678246650716147
scale_0.25,1.0,-0.2313916852932179,7.025825825825827,0.25,350,spline_s2,0,19,12,41.819419419419425,0.041440722194512294,7.522780159575774
scale_0.25,1.0,-0.2313916852932179,7.025825825825827,0.25,350,spline_s2,0,20,7,42.28128128128129,0.0702553676547544,7.181574843109075
scale_0.25,1.0,-0.2313916852932179,7.025825825825827,0.25,350,spline_s2,0,20,12,42.20430430430431,0.04480719787837799,7.822787597070516
scale_0.25,1.0,-0.2313916852932179,7.025825825825827,0.25,350,spline_s2,0,21,7,37.73963963963965,0.08776210319908044,8.271831969927092
scale_0.25,1.0,-0.2313916852932179,7.025825825825827,0.25,350,spline_s2,0,21,12,37.73963963963965,0.024689486311612684,8.839735897992966
scale_0.25,1.0,-0.2313916852932179,7.025825825825827,0.25,350,spline_s2,0,22,7,40.8956956956957,0.05011611484163288,10.776263068086564
scale_0.25,1.0,-0.2313916852932179,7.025825825825827,0.25,350,spline_s2,0,22,12,40.8956956956957,0.07534881236688826,10.019918857881748
scale_0.25,1.0,-0.2313916852932179,7.025825825825827,0.25,350,spline_s2,0,23,7,61.91041041041042,0.006279605756349615,9.204388492170665
scale_0.25,1.0,-0.2313916852932179,7.025825825825827,0.25,350,spline_s2,0,23,12,61.83343343343344,0.08229420543610938,8.46961271804986
scale_0.25,1.0,-0.2313916852932179,7.025825825825827,0.25,350,spline_s2,0,24,7,77.38278278278278,0.09219716321745909,7.59469947711429
scale_0.25,1.0,-0.2313916852932179,7.025825825825827,0.25,350,spline_s2,0,24,12,77.38278278278278,0.0566590603068239,7.596765498714234
scale_0.25,1.0,-0.2313916852932179,7.025825825825827,0.25,350,spline_s2,0,25,7,42.8970970970971,0.19996361749553432,6.807705710994952
scale_0.25,1.0,-0.2313916852932179,7.025825825825827,0.25,350,spline_s2,0,25,12,65.22042042042042,0.031114231194165273,6.704523311243122
scale_0.25,1.0,-0.2313916852932179,7.025825825825827,0.25,350,spline_s2,0,26,7,53.82782782782784,0.10257728895207555,10.348229866985605
scale_0.25,1.0,-0.2313916852932179,7.025825825825827,0.25,350,spline_s2,0,26,12,53.82782782782784,0.10682167335747596,10.693430124955626
scale_0.25,1.0,-0.2313916852932179,7.025825825825827,0.25,350,spline_s2,0,27,7,76.45905905905906,0.04402641994394546,9.198902339518725
scale_0.25,1.0,-0.2313916852932179,7.025825825825827,0.25,350,spline_s2,0,27,12,76.45905905905906,0.06720661187707193,9.712181109407084
scale_0.25,1.0,-0.2313916852932179,7.025825825825827,0.25,350,spline_s2,0,28,7,73.53393393393394,0.16608918838130626,9.569435717224536
scale_0.25,1.0,-0.2313916852932179,7.025825825825827,0.25,350,spline_s2,0,28,12,73.45695695695696,0.07101295279533548,10.214745750699251
scale_0.25,1.0,-0.2313916852932179,7.025825825825827,0.25,350,spline_s2,0,29,7,39.12522522522523,0.045580220062596315,8.443355285442578
scale_0.25,1.0,-0.2313916852932179,7.025825825825827,0.25,350,spline_s2,0,29,12,39.12522522522523,0.03573452070608783,9.372727305199987
scale_0.25,1.0,-0.2313916852932179,7.025825825825827,0.25,350,spline_s2,0,30,7,75.68928928928929,0.06675783695349813,8.292373238988603
scale_0.25,1.0,-0.2313916852932179,7.025825825825827,0.25,350,spline_s2,0,30,12,75.61231231231231,0.037378554639946396,8.347616007210377
scale_0.25,1.0,-0.2313916852932179,7.025825825825827,0.25,350,spline_s2,0,31,7,73.91881881881882,0.08966680066572352,5.588528766319513
scale_0.25,1.0,-0.2313916852932179,7.025825825825827,0.25,350,spline_s2,0,31,12,73.9957957957958,0.053661591121813006,5.676269760211312
scale_0.25,1.0,-0.2313916852932179,7.025825825825827,0.25,350,spline_s2,0,32,7,65.22042042042042,0.014724840753700877,7.864713359025757
scale_0.25,1.0,-0.2313916852932179,7.025825825825827,0.25,350,spline_s2,0,32,12,65.22042042042042,0.06492884995376336,7.666951621731386
scale_0.25,1.0,-0.2313916852932179,7.025825825825827,0.25,350,spline_s2,0,33,7,70.6857857857858,0.07122400095950446,8.268098025618997
scale_0.25,1.0,-0.2313916852932179,7.025825825825827,0.25,350,spline_s2,0,33,12,70.6857857857858,0.027060924854256367,8.192118004099285
scale_0.25,1.0,-0.2313916852932179,7.025825825825827,0.25,350,spline_s2,0,34,7,78.61441441441443,0.05940910393912295,7.840175536708728
scale_0.25,1.0,-0.2313916852932179,7.025825825825827,0.25,350,spline_s2,0,34,12,78.61441441441443,0.05996360184111224,7.855495667898651
scale_0.25,1.0,-0.2313916852932179,7.025825825825827,0.25,350,spline_s2,0,35,7,62.14134134134135,0.18114145713241137,6.383136297302286
scale_0.25,1.0,-0.2313916852932179,7.025825825825827,0.25,350,spline_s2,0,35,12,39.97197197197198,0.08004930036077088,6.62094710488941
scale_0.25,1.0,-0.2313916852932179,7.025825825825827,0.25,350,spline_s2,0,36,7,70.37787787787788,0.083990340003236,8.664136287938703
scale_0.25,1.0,-0.2313916852932179,7.025825825825827,0.25,350,spline_s2,0,36,12,70.37787787787788,0.05868184946846078,8.575137479939656
scale_0.25,1.0,-0.2313916852932179,7.025825825825827,0.25,350,spline_s2,0,37,7,62.91111111111112,0.1543697601000464,11.658637926953247
scale_0.25,1.0,-0.2313916852932179,7.025825825825827,0.25,350,spline_s2,0,37,12,62.834134134134146,0.059519319176165694,11.117780706160659
scale_0.25,1.0,-0.2313916852932179,7.025825825825827,0.25,350,spline_s2,0,38,7,24.191691691691695,0.07758430350699384,7.341984655707222
scale_0.25,1.0,-0.2313916852932179,7.025825825825827,0.25,350,spline_s2,0,38,12,50.13293293293294,0.02219330525352598,6.691083645615777
scale_0.25,1.0,-0.2313916852932179,7.025825825825827,0.25,350,spline_s2,0,39,7,14.33863863863864,0.08842852024780605,7.260031495410544
scale_0.25,1.0,-0.2313916852932179,7.025825825825827,0.25,350,spline_s2,0,39,12,14.492592592592594,0.030690240657320685,8.371216194203896
scale_0.25,1.0,-0.2313916852932179,7.025825825825827,0.25,350,spline_s2,0,40,7,6.563963963963964,0.22523715797490323,9.38294975975063
scale_0.25,1.0,-0.2313916852932179,7.025825825825827,0.25,350,spline_s2,0,40,12,38.12452452452453,0.09872079183356175,7.502267106958612
scale_0.25,1.0,-0.2313916852932179,7.025825825825827,0.25,350,spline_s2,0,41,7,47.36176176176177,0.10094365990765182,13.704690291693339
scale_0.25,1.0,-0.2313916852932179,7.025825825825827,0.25,350,spline_s2,0,41,12,47.36176176176177,0.07627415916975536,13.777547280911335
scale_0.25,1.0,-0.2313916852932179,7.025825825825827,0.25,350,spline_s2,0,42,7,38.509409409409415,0.040864770090471764,7.973768201698476
scale_0.25,1.0,-0.2313916852932179,7.025825825825827,0.25,350,spline_s2,0,42,12,38.586386386386394,0.03521898536589429,7.360304132631967
scale_0.25,1.0,-0.2313916852932179,7.025825825825827,0.25,350,spline_s2,0,43,7,18.95725725725726,0.06543653357076547,7.60166178060291
scale_0.25,1.0,-0.2313916852932179,7.025825825825827,0.25,350,spline_s2,0,43,12,18.95725725725726,0.06823447012102482,7.048993005760735
scale_0.25,1.0,-0.2313916852932179,7.025825825825827,0.25,350,spline_s2,0,44,7,9.258158158158158,0.004551364967748312,6.380970470981936
scale_0.25,1.0,-0.2313916852932179,7.025825825825827,0.25,350,spline_s2,0,44,12,16.570970970970972,0.06310075517070483,5.1397552985790185
scale_0.25,1.0,-0.2313916852932179,7.025825825825827,0.25,350,spline_s2,0,45,7,56.060160160160166,0.088594443921352,11.671704725174493
scale_0.25,1.0,-0.2313916852932179,7.025825825825827,0.25,350,spline_s2,0,45,12,56.137137137137145,0.06375456856249538,10.596703016057802
scale_0.25,1.0,-0.2313916852932179,7.025825825825827,0.25,350,spline_s2,0,46,7,49.748048048048055,0.07638898563422356,8.69075932820408
scale_0.25,1.0,-0.2313916852932179,7.025825825825827,0.25,350,spline_s2,0,46,12,49.671071071071076,0.08236710797491073,8.173781042034847
scale_0.25,1.0,-0.2313916852932179,7.025825825825827,0.25,350,spline_s2,0,47,7,34.198698698698706,0.0291548119072979,5.94065069785978
scale_0.25,1.0,-0.2313916852932179,7.025825825825827,0.25,350,spline_s2,0,47,12,34.198698698698706,0.03790027315472908,6.130232061665225
scale_0.25,1.0,-0.2313916852932179,7.025825825825827,0.25,350,spline_s2,0,48,7,20.419819819819825,0.004281738901624612,10.36801053620934
scale_0.25,1.0,-0.2313916852932179,7.025825825825827,0.25,350,spline_s2,0,48,12,66.83693693693695,0.06276154553832963,8.894621049146394
scale_0.25,1.0,-0.2313916852932179,7.025825825825827,0.25,350,spline_s2,0,49,7,52.67317317317318,0.07714078162188509,11.47605258766663
scale_0.25,1.0,-0.2313916852932179,7.025825825825827,0.25,350,spline_s2,0,49,12,52.75015015015016,0.023857750748218273,11.699821252549327
scale_0.25,1.0,-0.2313916852932179,7.025825825825827,0.25,350,spline_s2,0,50,7,56.2910910910911,0.06867489193036894,9.258207676337804
scale_0.25,1.0,-0.2313916852932179,7.025825825825827,0.25,350,spline_s2,0,50,12,56.2910910910911,0.03873090182907065,9.02054721397667
scale_0.25,1.0,-0.2313916852932179,7.025825825825827,0.25,350,spline_s2,0,51,7,31.427527527527534,0.17238538065909229,5.733972204945815
scale_0.25,1.0,-0.2313916852932179,7.025825825825827,0.25,350,spline_s2,0,51,12,33.50590590590591,0.08356190775452667,5.8084549841722435
scale_0.25,1.0,-0.2313916852932179,7.025825825825827,0.25,350,spline_s2,0,52,7,31.889389389389393,0.0799127309840018,9.882542391748359
scale_0.25,1.0,-0.2313916852932179,7.025825825825827,0.25,350,spline_s2,0,52,12,31.812412412412417,0.05394131972045612,10.507064957705836
scale_0.25,1.0,-0.2313916852932179,7.025825825825827,0.25,350,spline_s2,0,53,7,43.435935935935944,0.1127188757256094,12.43641291966253
scale_0.25,1.0,-0.2313916852932179,7.025825825825827,0.25,350,spline_s2,0,53,12,43.358958958958965,0.07745078604834794,12.288956049636056
scale_0.25,1.0,-0.2313916852932179,7.025825825825827,0.25,350,spline_s2,0,54,7,11.336536536536537,0.14862364256922664,8.900426002582435
scale_0.25,1.0,-0.2313916852932179,7.025825825825827,0.25,350,spline_s2,0,54,12,53.288988988989,0.02445083873238747,8.65343577094714
scale_0.25,1.0,-0.2313916852932179,7.025825825825827,0.25,350,spline_s2,0,55,7,38.43243243243244,0.02935468208343587,7.927563735521062
scale_0.25,1.0,-0.2313916852932179,7.025825825825827,0.25,350,spline_s2,0,55,12,38.43243243243244,0.016605123244032675,7.703923328581368
scale_0.25,1.0,-0.2313916852932179,7.025825825825827,0.25,350,spline_s2,0,56,7,24.422622622622626,0.04991784349692961,7.543425068421698
scale_0.25,1.0,-0.2313916852932179,7.025825825825827,0.25,350,spline_s2,0,56,12,24.34564564564565,0.01538380040610405,7.7633755526269965
scale_0.25,1.0,-0.2313916852932179,7.025825825825827,0.25,350,spline_s2,0,57,7,11.02862862862863,0.06350411491049907,7.827480012201903
scale_0.25,1.0,-0.2313916852932179,7.025825825825827,0.25,350,spline_s2,0,57,12,11.02862862862863,0.03446531709897074,6.702351108289889
scale_0.25,1.0,-0.2313916852932179,7.025825825825827,0.25,350,spline_s2,0,58,7,71.60950950950951,0.05276982360015443,8.942755698281786
scale_0.25,1.0,-0.2313916852932179,7.025825825825827,0.25,350,spline_s2,0,58,12,71.60950950950951,0.06241162990084567,8.171323675645539
scale_0.25,1.0,-0.2313916852932179,7.025825825825827,0.25,350,spline_s2,0,59,7,78.76836836836837,0.09754281730883735,7.782383796859847
scale_0.25,1.0,-0.2313916852932179,7.025825825825827,0.25,350,spline_s2,0,59,12,78.76836836836837,0.06073389962779069,7.790993827945385
scale_0.25,1.0,-0.2313916852932179,7.025825825825827,0.25,350,spline_s2,0,60,7,15.262362362362364,0.0993994321263299,8.972352497627412
scale_0.25,1.0,-0.2313916852932179,7.025825825825827,0.25,350,spline_s2,0,60,12,57.599699699699705,0.008475921643023911,8.06325763562478
scale_0.25,1.0,-0.2313916852932179,7.025825825825827,0.25,350,spline_s2,0,61,7,32.73613613613614,0.09137611737352913,10.219468427767083
scale_0.25,1.0,-0.2313916852932179,7.025825825825827,0.25,350,spline_s2,0,61,12,32.73613613613614,0.0279876333886174,9.390467910697168
scale_0.25,1.0,-0.2313916852932179,7.025825825825827,0.25,350,spline_s2,0,62,7,61.37157157157158,0.12724539771128923,8.53635307195708
scale_0.25,1.0,-0.2313916852932179,7.025825825825827,0.25,350,spline_s2,0,62,12,61.37157157157158,0.036584017859999096,8.671749719274885
scale_0.25,1.0,-0.2313916852932179,7.025825825825827,0.25,350,spline_s2,0,63,7,43.82082082082083,0.027821704666533262,7.870001882865608
scale_0.25,1.0,-0.2313916852932179,7.025825825825827,0.25,350,spline_s2,0,63,12,43.97477477477478,0.07208759104844242,8.061858449954883
scale_0.25,1.0,-0.2313916852932179,7.025825825825827,0.25,350,spline_s2,0,64,7,37.35475475475476,0.10026582543021392,6.469814075671877
scale_0.25,1.0,-0.2313916852932179,7.025825825825827,0.25,350,spline_s2,0,64,12,35.27637637637638,0.025282527339455695,7.176432882698407
scale_0.25,1.0,-0.2313916852932179,7.025825825825827,0.25,350,spline_s2,0,65,7,75.07347347347348,0.1561210183108254,9.412252566110595
scale_0.25,1.0,-0.2313916852932179,7.025825825825827,0.25,350,spline_s2,0,65,12,74.9964964964965,0.04395309431449577,9.848946733984036
scale_0.25,1.0,-0.2313916852932179,7.025825825825827,0.25,350,spline_s2,0,66,7,61.83343343343344,0.07264105189072559,9.811977064303164
scale_0.25,1.0,-0.2313916852932179,7.025825825825827,0.25,350,spline_s2,0,66,12,61.91041041041042,0.09142882087570312,9.52065077864819
scale_0.25,1.0,-0.2313916852932179,7.025825825825827,0.25,350,spline_s2,0,67,7,39.51011011011012,0.06906448322384559,7.927936059690893
scale_0.25,1.0,-0.2313916852932179,7.025825825825827,0.25,350,spline_s2,0,67,12,39.58708708708709,0.06943339194733739,7.511548444125424
scale_0.25,1.0,-0.2313916852932179,7.025825825825827,0.25,350,spline_s2,0,68,7,40.279879879879886,0.03281784641153209,8.785525641127208
scale_0.25,1.0,-0.2313916852932179,7.025825825825827,0.25,350,spline_s2,0,68,12,40.202902902902906,0.06322150820607096,9.267460381541383
scale_0.25,1.0,-0.2313916852932179,7.025825825825827,0.25,350,spline_s2,0,69,7,63.91181181181182,0.06785046209289977,7.306745149789663
scale_0.25,1.0,-0.2313916852932179,7.025825825825827,0.25,350,spline_s2,0,69,12,24.807507507507513,0.025185412487427145,7.264586076835599
scale_0.25,1.0,-0.2313916852932179,7.025825825825827,0.25,350,spline_s2,0,70,7,66.60600600600601,0.09577907852310172,13.607408641694064
scale_0.25,1.0,-0.2313916852932179,7.025825825825827,0.25,350,spline_s2,0,70,12,66.60600600600601,0.0396863121635505,13.27306828450918
scale_0.25,1.0,-0.2313916852932179,7.025825825825827,0.25,350,spline_s2,0,71,7,7.487687687687689,0.25779891597853377,12.175761032939732
scale_0.25,1.0,-0.2313916852932179,7.025825825825827,0.25,350,spline_s2,0,71,12,46.745945945945955,0.10302516318047236,8.857857311716657
scale_0.25,1.0,-0.2313916852932179,7.025825825825827,0.25,350,spline_s2,0,72,7,61.29459459459461,0.10330867291555809,7.730583507723935
scale_0.25,1.0,-0.2313916852932179,7.025825825825827,0.25,350,spline_s2,0,72,12,68.06856856856857,0.03711279657078127,7.386131777958724
scale_0.25,1.0,-0.2313916852932179,7.025825825825827,0.25,350,spline_s2,0,73,7,57.907607607607616,0.13569922358667014,6.777568937868978
scale_0.25,1.0,-0.2313916852932179,7.025825825825827,0.25,350,spline_s2,0,73,12,13.491891891891893,0.023511967999670928,6.688628660720724
scale_0.25,1.0,-0.2313916852932179,7.025825825825827,0.25,350,spline_s2,0,74,7,42.20430430430431,0.02615795356318951,10.665138658126978
scale_0.25,1.0,-0.2313916852932179,7.025825825825827,0.25,350,spline_s2,0,74,12,42.20430430430431,0.017430551053278138,10.441264868046517
scale_0.25,1.0,-0.2313916852932179,7.025825825825827,0.25,350,spline_s2,0,75,7,64.2966966966967,0.14401567912390012,11.203814923118045
scale_0.25,1.0,-0.2313916852932179,7.025825825825827,0.25,350,spline_s2,0,75,12,64.37367367367368,0.08761542213597508,11.721735770980047
scale_0.25,1.0,-0.2313916852932179,7.025825825825827,0.25,350,spline_s2,0,76,7,55.59829829829831,0.009669358009418155,10.883535310190695
scale_0.25,1.0,-0.2313916852932179,7.025825825825827,0.25,350,spline_s2,0,76,12,55.59829829829831,0.044116162426792616,10.007075355655928
scale_0.25,1.0,-0.2313916852932179,7.025825825825827,0.25,350,spline_s2,0,77,7,67.37577577577578,0.11873892955225555,9.639455998950211
scale_0.25,1.0,-0.2313916852932179,7.025825825825827,0.25,350,spline_s2,0,77,12,67.45275275275276,0.025095692978052805,8.732518170138405
scale_0.25,1.0,-0.2313916852932179,7.025825825825827,0.25,350,spline_s2,0,78,7,37.12382382382383,0.10327319693995857,8.573363031602355
scale_0.25,1.0,-0.2313916852932179,7.025825825825827,0.25,350,spline_s2,0,78,12,37.200800800800806,0.06613565996165904,8.138429850020316
scale_0.25,1.0,-0.2313916852932179,7.025825825825827,0.25,350,spline_s2,0,79,7,45.36036036036037,0.1298030673110368,6.9769522848838506
scale_0.25,1.0,-0.2313916852932179,7.025825825825827,0.25,350,spline_s2,0,79,12,45.36036036036037,0.06988347182240601,6.421697252813374
scale_0.25,1.0,-0.2313916852932179,7.025825825825827,0.25,350,spline_s2,0,80,7,78.61441441441443,0.08279541829152084,5.4620310317839085
scale_0.25,1.0,-0.2313916852932179,7.025825825825827,0.25,350,spline_s2,0,80,12,78.69139139139139,0.0508577089429821,5.470228088360216
scale_0.25,1.0,-0.2313916852932179,7.025825825825827,0.25,350,spline_s2,0,81,7,52.5961961961962,0.06101669055063867,10.400904858921677
scale_0.25,1.0,-0.2313916852932179,7.025825825825827,0.25,350,spline_s2,0,81,12,52.5961961961962,0.04593599226442854,10.433672354275757
scale_0.25,1.0,-0.2313916852932179,7.025825825825827,0.25,350,spline_s2,0,82,7,12.02932932932933,0.038746492280476566,7.005061486236173
scale_0.25,1.0,-0.2313916852932179,7.025825825825827,0.25,350,spline_s2,0,82,12,31.350550550550555,0.06719994117775034,6.993883744343805
scale_0.25,1.0,-0.2313916852932179,7.025825825825827,0.25,350,spline_s2,0,83,7,46.36106106106107,0.09039421187997941,7.305372976438093
scale_0.25,1.0,-0.2313916852932179,7.025825825825827,0.25,350,spline_s2,0,83,12,46.36106106106107,0.06005129145602383,8.382523023110508
scale_0.25,1.0,-0.2313916852932179,7.025825825825827,0.25,350,spline_s2,0,84,7,76.68998998999,0.11343517015681857,8.465577709675415
scale_0.25,1.0,-0.2313916852932179,7.025825825825827,0.25,350,spline_s2,0,84,12,76.68998998999,0.05311128881060665,8.26257645001715
scale_0.25,1.0,-0.2313916852932179,7.025825825825827,0.25,350,spline_s2,0,85,7,59.67807807807809,0.03955312076908409,9.578455117360136
scale_0.25,1.0,-0.2313916852932179,7.025825825825827,0.25,350,spline_s2,0,85,12,59.67807807807809,0.01449413679614711,8.994929568053692
scale_0.25,1.0,-0.2313916852932179,7.025825825825827,0.25,350,spline_s2,0,86,7,80.0,0.053548165262309315,7.361375799691217
scale_0.25,1.0,-0.2313916852932179,7.025825825825827,0.25,350,spline_s2,0,86,12,49.5940940940941,0.05739264600331296,7.576701992426507
scale_0.25,1.0,-0.2313916852932179,7.025825825825827,0.25,350,spline_s2,0,87,7,49.748048048048055,0.10437553289823528,10.893138383353858
scale_0.25,1.0,-0.2313916852932179,7.025825825825827,0.25,350,spline_s2,0,87,12,49.825025025025035,0.032306551396557186,9.393430955691997
scale_0.25,1.0,-0.2313916852932179,7.025825825825827,0.25,350,spline_s2,0,88,7,51.595495495495506,0.10014574887862426,9.948298811170503
scale_0.25,1.0,-0.2313916852932179,7.025825825825827,0.25,350,spline_s2,0,88,12,51.595495495495506,0.019903362704438946,9.372443225215022
scale_0.25,1.0,-0.2313916852932179,7.025825825825827,0.25,350,spline_s2,0,89,7,40.8956956956957,0.08608217258673599,9.217421235194138
scale_0.25,1.0,-0.2313916852932179,7.025825825825827,0.25,350,spline_s2,0,89,12,69.53113113113113,0.011694636053792683,9.072807756652821
scale_0.25,1.0,-0.2313916852932179,7.025825825825827,0.25,350,spline_s2,0,90,7,61.37157157157158,0.03628881453560976,9.103244378086885
scale_0.25,1.0,-0.2313916852932179,7.025825825825827,0.25,350,spline_s2,0,90,12,61.37157157157158,0.025745700245989492,9.094239592436537
scale_0.25,1.0,-0.2313916852932179,7.025825825825827,0.25,350,spline_s2,0,91,7,71.37857857857858,0.05329335308822988,9.63413875338344
scale_0.25,1.0,-0.2313916852932179,7.025825825825827,0.25,350,spline_s2,0,91,12,71.3016016016016,0.017865687600878356,9.72584076248171
scale_0.25,1.0,-0.2313916852932179,7.025825825825827,0.25,350,spline_s2,0,92,7,34.96846846846847,0.18721928514822478,11.549002585139647
scale_0.25,1.0,-0.2313916852932179,7.025825825825827,0.25,350,spline_s2,0,92,12,35.04544544544545,0.14059334556544384,10.281481321325373
scale_0.25,1.0,-0.2313916852932179,7.025825825825827,0.25,350,spline_s2,0,93,7,59.985985985986,0.045392570117422405,7.1961194422232495
scale_0.25,1.0,-0.2313916852932179,7.025825825825827,0.25,350,spline_s2,0,93,12,59.985985985986,0.05577029166289673,6.852459482336997
scale_0.25,1.0,-0.2313916852932179,7.025825825825827,0.25,350,spline_s2,0,94,7,44.66756756756757,0.0872116975421292,8.747845045388829
scale_0.25,1.0,-0.2313916852932179,7.025825825825827,0.25,350,spline_s2,0,94,12,44.74454454454455,0.09064552390083902,9.724310968844406
scale_0.25,1.0,-0.2313916852932179,7.025825825825827,0.25,350,spline_s2,0,95,7,61.75645645645647,0.10914183318980931,10.526447915218029
scale_0.25,1.0,-0.2313916852932179,7.025825825825827,0.25,350,spline_s2,0,95,12,61.75645645645647,0.06056986282079799,10.301311050844731
scale_0.25,1.0,-0.2313916852932179,7.025825825825827,0.25,350,spline_s2,0,96,7,9.873973973973975,0.14722668249601406,11.150636963676732
scale_0.25,1.0,-0.2313916852932179,7.025825825825827,0.25,350,spline_s2,0,96,12,9.950950950950952,0.08404071274143199,10.077966483848996
scale_0.25,1.0,-0.2313916852932179,7.025825825825827,0.25,350,spline_s2,0,97,7,30.811711711711716,0.19289649060966188,10.192938065756493
scale_0.25,1.0,-0.2313916852932179,7.025825825825827,0.25,350,spline_s2,0,97,12,30.657757757757764,0.02387068984255376,10.474873735103017
scale_0.25,1.0,-0.2313916852932179,7.025825825825827,0.25,350,spline_s2,0,98,7,34.27567567567568,0.13455847692855638,10.832743542749995
scale_0.25,1.0,-0.2313916852932179,7.025825825825827,0.25,350,spline_s2,0,98,12,34.35265265265266,0.029994568843514584,8.788274271870108
scale_0.25,1.0,-0.2313916852932179,7.025825825825827,0.25,350,spline_s2,0,99,7,67.45275275275276,0.1279270635691034,10.059369808012235
scale_0.25,1.0,-0.2313916852932179,7.025825825825827,0.25,350,spline_s2,0,99,12,67.37577577577578,0.049198032210583525,10.104757260909395
scale_0.25,1.0,-0.2313916852932179,7.025825825825827,0.25,350,spline_s2,1.0,0,7,7.256756756756758,0.9399999903859257,125.8629218581226
scale_0.25,1.0,-0.2313916852932179,7.025825825825827,0.25,350,spline_s2,1.0,0,12,8.026526526526528,0.26923140730163536,21.066337558543125
scale_0.25,1.0,-0.2313916852932179,7.025825825825827,0.25,350,spline_s2,1.0,1,7,6.948848848848849,0.7953913738514841,86.83906679857347
scale_0.25,1.0,-0.2313916852932179,7.025825825825827,0.25,350,spline_s2,1.0,1,12,79.07627627627627,0.2230397669020812,23.689791230040868
scale_0.25,1.0,-0.2313916852932179,7.025825825825827,0.25,350,spline_s2,1.0,2,7,7.102802802802804,0.901730029394759,114.87640286218908
scale_0.25,1.0,-0.2313916852932179,7.025825825825827,0.25,350,spline_s2,1.0,2,12,7.872572572572574,0.38441055356441883,36.13337904491908
scale_0.25,1.0,-0.2313916852932179,7.025825825825827,0.25,350,spline_s2,1.0,3,7,7.17977977977978,0.9702485577755183,127.00507091861664
scale_0.25,1.0,-0.2313916852932179,7.025825825825827,0.25,350,spline_s2,1.0,3,12,7.94954954954955,0.2913811225637361,21.061299744198777
scale_0.25,1.0,-0.2313916852932179,7.025825825825827,0.25,350,spline_s2,1.0,4,7,7.17977977977978,0.8078650355471773,91.10999616240932
scale_0.25,1.0,-0.2313916852932179,7.025825825825827,0.25,350,spline_s2,1.0,4,12,7.7955955955955964,0.3036480779534784,19.38791291346422
scale_0.25,1.0,-0.2313916852932179,7.025825825825827,0.25,350,spline_s2,1.0,5,7,7.256756756756758,0.9933735928792482,141.24871911634517
scale_0.25,1.0,-0.2313916852932179,7.025825825825827,0.25,350,spline_s2,1.0,5,12,7.94954954954955,0.3485710958225778,36.08714974222994
scale_0.25,1.0,-0.2313916852932179,7.025825825825827,0.25,350,spline_s2,1.0,6,7,7.102802802802804,0.6707674542652077,60.71105277438767
scale_0.25,1.0,-0.2313916852932179,7.025825825825827,0.25,350,spline_s2,1.0,6,12,47.82362362362363,0.19232957724089592,11.8628836841213
scale_0.25,1.0,-0.2313916852932179,7.025825825825827,0.25,350,spline_s2,1.0,7,7,7.17977977977978,0.8927733190060141,110.95668562265064
scale_0.25,1.0,-0.2313916852932179,7.025825825825827,0.25,350,spline_s2,1.0,7,12,7.872572572572574,0.24948885453450123,16.321898972380723
scale_0.25,1.0,-0.2313916852932179,7.025825825825827,0.25,350,spline_s2,1.0,8,7,7.102802802802804,0.7192826834524599,70.53813700955453
scale_0.25,1.0,-0.2313916852932179,7.025825825825827,0.25,350,spline_s2,1.0,8,12,7.94954954954955,0.2299911301386685,13.35357833794265
scale_0.25,1.0,-0.2313916852932179,7.025825825825827,0.25,350,spline_s2,1.0,9,7,7.102802802802804,0.8114542270631653,88.64704174393557
scale_0.25,1.0,-0.2313916852932179,7.025825825825827,0.25,350,spline_s2,1.0,9,12,7.94954954954955,0.2153813988563039,12.367949764871128
scale_0.25,1.0,-0.2313916852932179,7.025825825825827,0.25,350,spline_s2,1.0,10,7,7.025825825825827,0.8060342564946993,88.0842019335737
scale_0.25,1.0,-0.2313916852932179,7.025825825825827,0.25,350,spline_s2,1.0,10,12,7.7955955955955964,0.23493950825160131,11.39062433471986
scale_0.25,1.0,-0.2313916852932179,7.025825825825827,0.25,350,spline_s2,1.0,11,7,7.102802802802804,0.7723709911469316,80.68808811177922
scale_0.25,1.0,-0.2313916852932179,7.025825825825827,0.25,350,spline_s2,1.0,11,12,55.59829829829831,0.17075036436352517,10.97100840567657
scale_0.25,1.0,-0.2313916852932179,7.025825825825827,0.25,350,spline_s2,1.0,12,7,7.102802802802804,0.8591047013281179,99.8745495588444
scale_0.25,1.0,-0.2313916852932179,7.025825825825827,0.25,350,spline_s2,1.0,12,12,7.718618618618619,0.2640482818301606,14.747257123025264
scale_0.25,1.0,-0.2313916852932179,7.025825825825827,0.25,350,spline_s2,1.0,13,7,7.17977977977978,1.052918313822421,152.14161512019717
scale_0.25,1.0,-0.2313916852932179,7.025825825825827,0.25,350,spline_s2,1.0,13,12,7.94954954954955,0.2995743390190728,23.939534288566705
scale_0.25,1.0,-0.2313916852932179,7.025825825825827,0.25,350,spline_s2,1.0,14,7,7.17977977977978,0.9035019000190471,111.26198421858419
scale_0.25,1.0,-0.2313916852932179,7.025825825825827,0.25,350,spline_s2,1.0,14,12,7.94954954954955,0.2815723560706272,21.874438595505467
scale_0.25,1.0,-0.2313916852932179,7.025825825825827,0.25,350,spline_s2,1.0,15,7,7.102802802802804,0.770038759571204,79.97025075803379
scale_0.25,1.0,-0.2313916852932179,7.025825825825827,0.25,350,spline_s2,1.0,15,12,68.45345345345346,0.2432034402596062,16.707473524598356
scale_0.25,1.0,-0.2313916852932179,7.025825825825827,0.25,350,spline_s2,1.0,16,7,7.102802802802804,0.8802331089592279,106.61609303182573
scale_0.25,1.0,-0.2313916852932179,7.025825825825827,0.25,350,spline_s2,1.0,16,12,7.94954954954955,0.23271186580839842,14.661589368630729
scale_0.25,1.0,-0.2313916852932179,7.025825825825827,0.25,350,spline_s2,1.0,17,7,7.256756756756758,0.9148486557411845,116.60421429321138
scale_0.25,1.0,-0.2313916852932179,7.025825825825827,0.25,350,spline_s2,1.0,17,12,8.026526526526528,0.2562409315546024,20.07383183329648
scale_0.25,1.0,-0.2313916852932179,7.025825825825827,0.25,350,spline_s2,1.0,18,7,7.102802802802804,0.7771924402990766,82.85219045681367
scale_0.25,1.0,-0.2313916852932179,7.025825825825827,0.25,350,spline_s2,1.0,18,12,7.872572572572574,0.22369990750982555,11.825068376769252
scale_0.25,1.0,-0.2313916852932179,7.025825825825827,0.25,350,spline_s2,1.0,19,7,7.102802802802804,0.8078156542370449,91.44888408478414
scale_0.25,1.0,-0.2313916852932179,7.025825825825827,0.25,350,spline_s2,1.0,19,12,7.872572572572574,0.30704189332316495,22.630689391593876
scale_0.25,1.0,-0.2313916852932179,7.025825825825827,0.25,350,spline_s2,1.0,20,7,7.102802802802804,0.7999333995649862,86.399745438828
scale_0.25,1.0,-0.2313916852932179,7.025825825825827,0.25,350,spline_s2,1.0,20,12,7.872572572572574,0.21816495804419891,10.85339256586434
scale_0.25,1.0,-0.2313916852932179,7.025825825825827,0.25,350,spline_s2,1.0,21,7,6.871871871871873,0.732106578526665,76.11004089970405
scale_0.25,1.0,-0.2313916852932179,7.025825825825827,0.25,350,spline_s2,1.0,21,12,7.718618618618619,0.19603032819989102,8.061141402260574
scale_0.25,1.0,-0.2313916852932179,7.025825825825827,0.25,350,spline_s2,1.0,22,7,7.102802802802804,0.8696880747290516,105.09649889482074
scale_0.25,1.0,-0.2313916852932179,7.025825825825827,0.25,350,spline_s2,1.0,22,12,7.872572572572574,0.27077052357936676,17.20188632606306
scale_0.25,1.0,-0.2313916852932179,7.025825825825827,0.25,350,spline_s2,1.0,23,7,7.025825825825827,0.9754921609675795,129.2833131225559
scale_0.25,1.0,-0.2313916852932179,7.025825825825827,0.25,350,spline_s2,1.0,23,12,7.7955955955955964,0.35274769561553243,24.439803008427873
scale_0.25,1.0,-0.2313916852932179,7.025825825825827,0.25,350,spline_s2,1.0,24,7,7.17977977977978,0.7104673839372022,70.02213249629375
scale_0.25,1.0,-0.2313916852932179,7.025825825825827,0.25,350,spline_s2,1.0,24,12,8.026526526526528,0.19500731413711384,11.856543575868841
scale_0.25,1.0,-0.2313916852932179,7.025825825825827,0.25,350,spline_s2,1.0,25,7,7.025825825825827,0.8428877739881447,95.58811114477709
scale_0.25,1.0,-0.2313916852932179,7.025825825825827,0.25,350,spline_s2,1.0,25,12,7.94954954954955,0.21645067789807595,14.49228049846073
scale_0.25,1.0,-0.2313916852932179,7.025825825825827,0.25,350,spline_s2,1.0,26,7,7.025825825825827,0.735229110349519,72.20732860083257
scale_0.25,1.0,-0.2313916852932179,7.025825825825827,0.25,350,spline_s2,1.0,26,12,46.745945945945955,0.17828447242431641,9.01026575704418
scale_0.25,1.0,-0.2313916852932179,7.025825825825827,0.25,350,spline_s2,1.0,27,7,7.17977977977978,0.7398564613848443,75.880290714024
scale_0.25,1.0,-0.2313916852932179,7.025825825825827,0.25,350,spline_s2,1.0,27,12,8.026526526526528,0.22761755259088043,14.67250289064009
scale_0.25,1.0,-0.2313916852932179,7.025825825825827,0.25,350,spline_s2,1.0,28,7,7.17977977977978,0.8434059225648104,99.52911962431102
scale_0.25,1.0,-0.2313916852932179,7.025825825825827,0.25,350,spline_s2,1.0,28,12,8.103503503503504,0.2539430973769882,22.053135505087653
scale_0.25,1.0,-0.2313916852932179,7.025825825825827,0.25,350,spline_s2,1.0,29,7,7.17977977977978,0.8098275611297844,89.16944705645727
scale_0.25,1.0,-0.2313916852932179,7.025825825825827,0.25,350,spline_s2,1.0,29,12,77.15185185185186,0.18464679573529794,14.389138300997502
scale_0.25,1.0,-0.2313916852932179,7.025825825825827,0.25,350,spline_s2,1.0,30,7,7.102802802802804,0.9074644034369092,111.23438069283898
scale_0.25,1.0,-0.2313916852932179,7.025825825825827,0.25,350,spline_s2,1.0,30,12,7.872572572572574,0.2889961851313317,21.270707515546235
scale_0.25,1.0,-0.2313916852932179,7.025825825825827,0.25,350,spline_s2,1.0,31,7,7.102802802802804,0.8876446627050196,106.8141060601788
scale_0.25,1.0,-0.2313916852932179,7.025825825825827,0.25,350,spline_s2,1.0,31,12,7.872572572572574,0.23112676074700697,12.577842074002945
scale_0.25,1.0,-0.2313916852932179,7.025825825825827,0.25,350,spline_s2,1.0,32,7,7.256756756756758,0.8716546530812987,109.30250009896969
scale_0.25,1.0,-0.2313916852932179,7.025825825825827,0.25,350,spline_s2,1.0,32,12,7.872572572572574,0.26145526042851097,16.45852393076325
scale_0.25,1.0,-0.2313916852932179,7.025825825825827,0.25,350,spline_s2,1.0,33,7,7.102802802802804,0.8754065018489914,102.07873958211519
scale_0.25,1.0,-0.2313916852932179,7.025825825825827,0.25,350,spline_s2,1.0,33,12,8.026526526526528,0.206700687237258,11.76261918605681
scale_0.25,1.0,-0.2313916852932179,7.025825825825827,0.25,350,spline_s2,1.0,34,7,7.256756756756758,0.8241374523111378,97.40454561625666
scale_0.25,1.0,-0.2313916852932179,7.025825825825827,0.25,350,spline_s2,1.0,34,12,7.872572572572574,0.2745238687019278,17.270262425375392
scale_0.25,1.0,-0.2313916852932179,7.025825825825827,0.25,350,spline_s2,1.0,35,7,7.025825825825827,0.9028423983908953,111.30402979174033
scale_0.25,1.0,-0.2313916852932179,7.025825825825827,0.25,350,spline_s2,1.0,35,12,7.872572572572574,0.2440701338292422,12.657687314572996
scale_0.25,1.0,-0.2313916852932179,7.025825825825827,0.25,350,spline_s2,1.0,36,7,7.17977977977978,0.8391249791987061,97.76923573452808
scale_0.25,1.0,-0.2313916852932179,7.025825825825827,0.25,350,spline_s2,1.0,36,12,7.94954954954955,0.266315977706057,18.403465979112156
scale_0.25,1.0,-0.2313916852932179,7.025825825825827,0.25,350,spline_s2,1.0,37,7,7.102802802802804,0.8979566446001458,109.67186591915845
scale_0.25,1.0,-0.2313916852932179,7.025825825825827,0.25,350,spline_s2,1.0,37,12,11.105605605605607,0.20370296895757173,10.917550839614194
scale_0.25,1.0,-0.2313916852932179,7.025825825825827,0.25,350,spline_s2,1.0,38,7,7.102802802802804,0.8175383793983184,90.94414878534104
scale_0.25,1.0,-0.2313916852932179,7.025825825825827,0.25,350,spline_s2,1.0,38,12,8.026526526526528,0.28107020618274003,22.80770704439192
scale_0.25,1.0,-0.2313916852932179,7.025825825825827,0.25,350,spline_s2,1.0,39,7,7.102802802802804,0.8459204766161317,96.8911659314063
scale_0.25,1.0,-0.2313916852932179,7.025825825825827,0.25,350,spline_s2,1.0,39,12,7.94954954954955,0.2566691811266084,17.309856341903924
scale_0.25,1.0,-0.2313916852932179,7.025825825825827,0.25,350,spline_s2,1.0,40,7,7.102802802802804,0.9130991007472914,114.88197717663473
scale_0.25,1.0,-0.2313916852932179,7.025825825825827,0.25,350,spline_s2,1.0,40,12,7.7955955955955964,0.3019880113670674,21.358287764157296
scale_0.25,1.0,-0.2313916852932179,7.025825825825827,0.25,350,spline_s2,1.0,41,7,7.102802802802804,0.9341569367619535,119.04730470102425
scale_0.25,1.0,-0.2313916852932179,7.025825825825827,0.25,350,spline_s2,1.0,41,12,7.718618618618619,0.28437457921096204,14.933994019259899
scale_0.25,1.0,-0.2313916852932179,7.025825825825827,0.25,350,spline_s2,1.0,42,7,7.17977977977978,0.8543278510974416,100.04019140914781
scale_0.25,1.0,-0.2313916852932179,7.025825825825827,0.25,350,spline_s2,1.0,42,12,7.94954954954955,0.2512181993208188,16.30081499501631
scale_0.25,1.0,-0.2313916852932179,7.025825825825827,0.25,350,spline_s2,1.0,43,7,7.102802802802804,0.8898104648001997,106.19219704941634
scale_0.25,1.0,-0.2313916852932179,7.025825825825827,0.25,350,spline_s2,1.0,43,12,13.183983983983985,0.22356116995394523,12.723561262936016
scale_0.25,1.0,-0.2313916852932179,7.025825825825827,0.25,350,spline_s2,1.0,44,7,7.102802802802804,0.7998996316309877,86.76633397330892
scale_0.25,1.0,-0.2313916852932179,7.025825825825827,0.25,350,spline_s2,1.0,44,12,10.720720720720722,0.23547581922363475,18.716167781255024
scale_0.25,1.0,-0.2313916852932179,7.025825825825827,0.25,350,spline_s2,1.0,45,7,7.025825825825827,0.8206490912389959,93.3542174106741
scale_0.25,1.0,-0.2313916852932179,7.025825825825827,0.25,350,spline_s2,1.0,45,12,7.7955955955955964,0.2856484633466881,17.171274743149013
scale_0.25,1.0,-0.2313916852932179,7.025825825825827,0.25,350,spline_s2,1.0,46,7,7.025825825825827,0.7736753799782307,80.12212621811312
scale_0.25,1.0,-0.2313916852932179,7.025825825825827,0.25,350,spline_s2,1.0,46,12,57.2917917917918,0.18428893457539447,12.462520020639772
scale_0.25,1.0,-0.2313916852932179,7.025825825825827,0.25,350,spline_s2,1.0,47,7,7.17977977977978,0.692584096733353,66.56445054730716
scale_0.25,1.0,-0.2313916852932179,7.025825825825827,0.25,350,spline_s2,1.0,47,12,11.105605605605607,0.22291839407043793,16.070012372588394
scale_0.25,1.0,-0.2313916852932179,7.025825825825827,0.25,350,spline_s2,1.0,48,7,7.256756756756758,0.884056351315031,111.89933305815632
scale_0.25,1.0,-0.2313916852932179,7.025825825825827,0.25,350,spline_s2,1.0,48,12,8.026526526526528,0.28976122507539875,27.74023666923
scale_0.25,1.0,-0.2313916852932179,7.025825825825827,0.25,350,spline_s2,1.0,49,7,7.025825825825827,0.7678705353265098,79.65854917721413
scale_0.25,1.0,-0.2313916852932179,7.025825825825827,0.25,350,spline_s2,1.0,49,12,11.182582582582583,0.1812574059734399,17.763527724813855
scale_0.25,1.0,-0.2313916852932179,7.025825825825827,0.25,350,spline_s2,1.0,50,7,7.102802802802804,0.8275252721291224,95.00097909116008
scale_0.25,1.0,-0.2313916852932179,7.025825825825827,0.25,350,spline_s2,1.0,50,12,7.872572572572574,0.2888011242070096,18.908506863054072
scale_0.25,1.0,-0.2313916852932179,7.025825825825827,0.25,350,spline_s2,1.0,51,7,7.102802802802804,0.7532136229672639,75.85308140170113
scale_0.25,1.0,-0.2313916852932179,7.025825825825827,0.25,350,spline_s2,1.0,51,12,68.06856856856857,0.21142730449680966,9.31136761852062
scale_0.25,1.0,-0.2313916852932179,7.025825825825827,0.25,350,spline_s2,1.0,52,7,7.102802802802804,0.8825005035895621,108.56347318544948
scale_0.25,1.0,-0.2313916852932179,7.025825825825827,0.25,350,spline_s2,1.0,52,12,7.872572572572574,0.28747799263556756,19.58693474696571
scale_0.25,1.0,-0.2313916852932179,7.025825825825827,0.25,350,spline_s2,1.0,53,7,7.025825825825827,0.814902227802533,89.88900355226235
scale_0.25,1.0,-0.2313916852932179,7.025825825825827,0.25,350,spline_s2,1.0,53,12,10.643743743743745,0.24986516381044357,20.249664606596866
scale_0.25,1.0,-0.2313916852932179,7.025825825825827,0.25,350,spline_s2,1.0,54,7,7.17977977977978,0.8451386926256654,99.55293007434958
scale_0.25,1.0,-0.2313916852932179,7.025825825825827,0.25,350,spline_s2,1.0,54,12,7.94954954954955,0.19380652845806953,9.369212877480805
scale_0.25,1.0,-0.2313916852932179,7.025825825825827,0.25,350,spline_s2,1.0,55,7,7.102802802802804,0.7731348530767017,80.81928922502891
scale_0.25,1.0,-0.2313916852932179,7.025825825825827,0.25,350,spline_s2,1.0,55,12,13.260960960960961,0.18061570058830434,9.20506626432416
scale_0.25,1.0,-0.2313916852932179,7.025825825825827,0.25,350,spline_s2,1.0,56,7,7.102802802802804,0.9519748047714424,123.69488779258546
scale_0.25,1.0,-0.2313916852932179,7.025825825825827,0.25,350,spline_s2,1.0,56,12,7.94954954954955,0.2933347529243974,26.956396631393716
scale_0.25,1.0,-0.2313916852932179,7.025825825825827,0.25,350,spline_s2,1.0,57,7,7.025825825825827,0.8448710214203798,95.31601943004642
scale_0.25,1.0,-0.2313916852932179,7.025825825825827,0.25,350,spline_s2,1.0,57,12,8.026526526526528,0.27240260927742693,19.101889579968656
scale_0.25,1.0,-0.2313916852932179,7.025825825825827,0.25,350,spline_s2,1.0,58,7,6.871871871871873,0.8357059187445375,98.30735947993554
scale_0.25,1.0,-0.2313916852932179,7.025825825825827,0.25,350,spline_s2,1.0,58,12,10.412812812812813,0.24799653887062423,12.021238349226564
scale_0.25,1.0,-0.2313916852932179,7.025825825825827,0.25,350,spline_s2,1.0,59,7,7.17977977977978,0.9264251795798191,119.84874673020184
scale_0.25,1.0,-0.2313916852932179,7.025825825825827,0.25,350,spline_s2,1.0,59,12,7.872572572572574,0.2660151175069517,16.587264103150375
scale_0.25,1.0,-0.2313916852932179,7.025825825825827,0.25,350,spline_s2,1.0,60,7,7.025825825825827,0.7901103991162737,85.64861732784192
scale_0.25,1.0,-0.2313916852932179,7.025825825825827,0.25,350,spline_s2,1.0,60,12,7.94954954954955,0.2520932200242395,19.750683794929557
scale_0.25,1.0,-0.2313916852932179,7.025825825825827,0.25,350,spline_s2,1.0,61,7,7.025825825825827,0.8729895297401238,103.57267025219113
scale_0.25,1.0,-0.2313916852932179,7.025825825825827,0.25,350,spline_s2,1.0,61,12,7.7955955955955964,0.2881213695306887,17.144084012460837
scale_0.25,1.0,-0.2313916852932179,7.025825825825827,0.25,350,spline_s2,1.0,62,7,7.256756756756758,0.9079796908504316,116.52727193725121
scale_0.25,1.0,-0.2313916852932179,7.025825825825827,0.25,350,spline_s2,1.0,62,12,7.94954954954955,0.30513195714722124,26.54495814663767
scale_0.25,1.0,-0.2313916852932179,7.025825825825827,0.25,350,spline_s2,1.0,63,7,7.102802802802804,0.9226860847804252,117.14111470818227
scale_0.25,1.0,-0.2313916852932179,7.025825825825827,0.25,350,spline_s2,1.0,63,12,7.94954954954955,0.2715136298271559,23.338382548019013
scale_0.25,1.0,-0.2313916852932179,7.025825825825827,0.25,350,spline_s2,1.0,64,7,7.102802802802804,0.9255053639018384,115.61355767214553
scale_0.25,1.0,-0.2313916852932179,7.025825825825827,0.25,350,spline_s2,1.0,64,12,7.94954954954955,0.25713864897756655,17.168321705335302
scale_0.25,1.0,-0.2313916852932179,7.025825825825827,0.25,350,spline_s2,1.0,65,7,7.025825825825827,0.9137386989205724,111.01558891931097
scale_0.25,1.0,-0.2313916852932179,7.025825825825827,0.25,350,spline_s2,1.0,65,12,10.874674674674676,0.1955739436293477,8.666780517447592
scale_0.25,1.0,-0.2313916852932179,7.025825825825827,0.25,350,spline_s2,1.0,66,7,7.025825825825827,0.914028395207802,114.05506722761578
scale_0.25,1.0,-0.2313916852932179,7.025825825825827,0.25,350,spline_s2,1.0,66,12,7.7955955955955964,0.2987001330662105,20.905156804768865
scale_0.25,1.0,-0.2313916852932179,7.025825825825827,0.25,350,spline_s2,1.0,67,7,7.17977977977978,0.8635245325897265,102.64364573923615
scale_0.25,1.0,-0.2313916852932179,7.025825825825827,0.25,350,spline_s2,1.0,67,12,7.94954954954955,0.27304499631532236,19.128687452820714
scale_0.25,1.0,-0.2313916852932179,7.025825825825827,0.25,350,spline_s2,1.0,68,7,7.102802802802804,0.7720474053041263,82.11148602837784
scale_0.25,1.0,-0.2313916852932179,7.025825825825827,0.25,350,spline_s2,1.0,68,12,7.7955955955955964,0.28985473781434773,19.930135571910455
scale_0.25,1.0,-0.2313916852932179,7.025825825825827,0.25,350,spline_s2,1.0,69,7,6.794894894894895,0.7598794001960694,84.11241229766779
scale_0.25,1.0,-0.2313916852932179,7.025825825825827,0.25,350,spline_s2,1.0,69,12,65.45135135135136,0.21578807856898055,12.693717163670385
scale_0.25,1.0,-0.2313916852932179,7.025825825825827,0.25,350,spline_s2,1.0,70,7,7.102802802802804,0.8813552718857028,104.04541488961695
scale_0.25,1.0,-0.2313916852932179,7.025825825825827,0.25,350,spline_s2,1.0,70,12,26.11611611611612,0.20976052205822743,14.482280368331772
scale_0.25,1.0,-0.2313916852932179,7.025825825825827,0.25,350,spline_s2,1.0,71,7,7.025825825825827,0.753825017549887,76.97790632121266
scale_0.25,1.0,-0.2313916852932179,7.025825825825827,0.25,350,spline_s2,1.0,71,12,7.94954954954955,0.2492551302299673,14.98550123242336
scale_0.25,1.0,-0.2313916852932179,7.025825825825827,0.25,350,spline_s2,1.0,72,7,7.102802802802804,0.8110227207656167,86.31008945877124
scale_0.25,1.0,-0.2313916852932179,7.025825825825827,0.25,350,spline_s2,1.0,72,12,18.11051051051051,0.16854420870377765,8.233582682394683
scale_0.25,1.0,-0.2313916852932179,7.025825825825827,0.25,350,spline_s2,1.0,73,7,7.025825825825827,0.9597346166982719,124.51152446814382
scale_0.25,1.0,-0.2313916852932179,7.025825825825827,0.25,350,spline_s2,1.0,73,12,7.872572572572574,0.2771136968254832,20.754799119545453
scale_0.25,1.0,-0.2313916852932179,7.025825825825827,0.25,350,spline_s2,1.0,74,7,7.025825825825827,0.7890194717596429,84.79221436824372
scale_0.25,1.0,-0.2313916852932179,7.025825825825827,0.25,350,spline_s2,1.0,74,12,7.872572572572574,0.24994935952206226,14.785068894112442
scale_0.25,1.0,-0.2313916852932179,7.025825825825827,0.25,350,spline_s2,1.0,75,7,7.17977977977978,0.7887144365439994,83.30931855484303
scale_0.25,1.0,-0.2313916852932179,7.025825825825827,0.25,350,spline_s2,1.0,75,12,27.42472472472473,0.15950229995971624,9.129720286069528
scale_0.25,1.0,-0.2313916852932179,7.025825825825827,0.25,350,spline_s2,1.0,76,7,7.025825825825827,0.8518640819042045,98.87202336431469
scale_0.25,1.0,-0.2313916852932179,7.025825825825827,0.25,350,spline_s2,1.0,76,12,7.872572572572574,0.2833272869924078,19.488619890313686
scale_0.25,1.0,-0.2313916852932179,7.025825825825827,0.25,350,spline_s2,1.0,77,7,7.102802802802804,0.9203714998739534,115.18589652149763
scale_0.25,1.0,-0.2313916852932179,7.025825825825827,0.25,350,spline_s2,1.0,77,12,7.872572572572574,0.2756108058515986,16.63113398654201
scale_0.25,1.0,-0.2313916852932179,7.025825825825827,0.25,350,spline_s2,1.0,78,7,7.256756756756758,0.8765207842963599,108.86833866242995
scale_0.25,1.0,-0.2313916852932179,7.025825825825827,0.25,350,spline_s2,1.0,78,12,8.180480480480481,0.1819139640616906,14.769451008461886
scale_0.25,1.0,-0.2313916852932179,7.025825825825827,0.25,350,spline_s2,1.0,79,7,7.17977977977978,0.8713315931240604,106.5738760896545
scale_0.25,1.0,-0.2313916852932179,7.025825825825827,0.25,350,spline_s2,1.0,79,12,62.06436436436437,0.1904297804484996,14.929190795156927
scale_0.25,1.0,-0.2313916852932179,7.025825825825827,0.25,350,spline_s2,1.0,80,7,7.102802802802804,0.7677507475017492,79.61689934189434
scale_0.25,1.0,-0.2313916852932179,7.025825825825827,0.25,350,spline_s2,1.0,80,12,7.7955955955955964,0.22004919928645272,10.05756394592754
scale_0.25,1.0,-0.2313916852932179,7.025825825825827,0.25,350,spline_s2,1.0,81,7,7.102802802802804,0.8442360388470426,96.15263900927826
scale_0.25,1.0,-0.2313916852932179,7.025825825825827,0.25,350,spline_s2,1.0,81,12,8.103503503503504,0.21755936947674667,14.525970294527667
scale_0.25,1.0,-0.2313916852932179,7.025825825825827,0.25,350,spline_s2,1.0,82,7,7.17977977977978,0.8145119972917514,92.01210994971888
scale_0.25,1.0,-0.2313916852932179,7.025825825825827,0.25,350,spline_s2,1.0,82,12,7.94954954954955,0.22211290463990002,11.694047624451628
scale_0.25,1.0,-0.2313916852932179,7.025825825825827,0.25,350,spline_s2,1.0,83,7,7.17977977977978,0.8020705245800558,90.42280740362469
scale_0.25,1.0,-0.2313916852932179,7.025825825825827,0.25,350,spline_s2,1.0,83,12,10.797697697697698,0.20998112072125213,14.739626216501563
scale_0.25,1.0,-0.2313916852932179,7.025825825825827,0.25,350,spline_s2,1.0,84,7,7.17977977977978,0.8725489022434705,104.32814003203006
scale_0.25,1.0,-0.2313916852932179,7.025825825825827,0.25,350,spline_s2,1.0,84,12,7.94954954954955,0.25835239260819765,17.165201232763252
scale_0.25,1.0,-0.2313916852932179,7.025825825825827,0.25,350,spline_s2,1.0,85,7,7.256756756756758,0.8463249906253321,102.43096285926413
scale_0.25,1.0,-0.2313916852932179,7.025825825825827,0.25,350,spline_s2,1.0,85,12,8.026526526526528,0.2792213688198738,24.519896815653738
scale_0.25,1.0,-0.2313916852932179,7.025825825825827,0.25,350,spline_s2,1.0,86,7,7.17977977977978,0.8094639235581848,92.6128868685048
scale_0.25,1.0,-0.2313916852932179,7.025825825825827,0.25,350,spline_s2,1.0,86,12,7.872572572572574,0.3004527702291256,22.2842702257596
scale_0.25,1.0,-0.2313916852932179,7.025825825825827,0.25,350,spline_s2,1.0,87,7,7.17977977977978,0.7333636349210144,72.6126054145713
scale_0.25,1.0,-0.2313916852932179,7.025825825825827,0.25,350,spline_s2,1.0,87,12,8.026526526526528,0.1830523860686015,9.428293367041675
scale_0.25,1.0,-0.2313916852932179,7.025825825825827,0.25,350,spline_s2,1.0,88,7,7.17977977977978,0.885399352377579,109.27469275726088
scale_0.25,1.0,-0.2313916852932179,7.025825825825827,0.25,350,spline_s2,1.0,88,12,7.872572572572574,0.2493166783724181,13.352984864242444
scale_0.25,1.0,-0.2313916852932179,7.025825825825827,0.25,350,spline_s2,1.0,89,7,7.102802802802804,0.9930415084563042,135.94189850082404
scale_0.25,1.0,-0.2313916852932179,7.025825825825827,0.25,350,spline_s2,1.0,89,12,7.872572572572574,0.3172312243215008,22.435937046281822
scale_0.25,1.0,-0.2313916852932179,7.025825825825827,0.25,350,spline_s2,1.0,90,7,7.102802802802804,0.9632162918497882,126.99687718496494
scale_0.25,1.0,-0.2313916852932179,7.025825825825827,0.25,350,spline_s2,1.0,90,12,7.94954954954955,0.3202458492063935,26.35957011898421
scale_0.25,1.0,-0.2313916852932179,7.025825825825827,0.25,350,spline_s2,1.0,91,7,7.102802802802804,0.9312602862728786,118.40726783828654
scale_0.25,1.0,-0.2313916852932179,7.025825825825827,0.25,350,spline_s2,1.0,91,12,10.720720720720722,0.33891596180095823,25.125005351626385
scale_0.25,1.0,-0.2313916852932179,7.025825825825827,0.25,350,spline_s2,1.0,92,7,7.17977977977978,0.8996951344403208,111.74070209323128
scale_0.25,1.0,-0.2313916852932179,7.025825825825827,0.25,350,spline_s2,1.0,92,12,7.872572572572574,0.19666098151405087,10.15250601815967
scale_0.25,1.0,-0.2313916852932179,7.025825825825827,0.25,350,spline_s2,1.0,93,7,7.17977977977978,0.8232681076193562,92.89700235393013
scale_0.25,1.0,-0.2313916852932179,7.025825825825827,0.25,350,spline_s2,1.0,93,12,8.026526526526528,0.22889619756059656,16.22370002320156
scale_0.25,1.0,-0.2313916852932179,7.025825825825827,0.25,350,spline_s2,1.0,94,7,7.102802802802804,0.8673114564973999,102.17062230688748
scale_0.25,1.0,-0.2313916852932179,7.025825825825827,0.25,350,spline_s2,1.0,94,12,7.7955955955955964,0.21098890521149863,9.981357894023887
scale_0.25,1.0,-0.2313916852932179,7.025825825825827,0.25,350,spline_s2,1.0,95,7,7.025825825825827,0.7767115655275016,83.77062119648491
scale_0.25,1.0,-0.2313916852932179,7.025825825825827,0.25,350,spline_s2,1.0,95,12,7.564664664664665,0.35432424475047614,22.827844103354664
scale_0.25,1.0,-0.2313916852932179,7.025825825825827,0.25,350,spline_s2,1.0,96,7,7.17977977977978,0.9151797746203775,113.35701493754624
scale_0.25,1.0,-0.2313916852932179,7.025825825825827,0.25,350,spline_s2,1.0,96,12,7.94954954954955,0.23531721685070736,13.666323911089535
scale_0.25,1.0,-0.2313916852932179,7.025825825825827,0.25,350,spline_s2,1.0,97,7,7.025825825825827,0.8019779064055659,89.01168939265625
scale_0.25,1.0,-0.2313916852932179,7.025825825825827,0.25,350,spline_s2,1.0,97,12,7.641641641641643,0.3074318958971663,17.42124437213323
scale_0.25,1.0,-0.2313916852932179,7.025825825825827,0.25,350,spline_s2,1.0,98,7,7.17977977977978,0.851263436752868,99.70239121288876
scale_0.25,1.0,-0.2313916852932179,7.025825825825827,0.25,350,spline_s2,1.0,98,12,7.94954954954955,0.2618021647547816,17.651193822416246
scale_0.25,1.0,-0.2313916852932179,7.025825825825827,0.25,350,spline_s2,1.0,99,7,7.17977977977978,0.7579071834688492,80.81764163374373
scale_0.25,1.0,-0.2313916852932179,7.025825825825827,0.25,350,spline_s2,1.0,99,12,7.872572572572574,0.2922519442493018,19.512102787028027
scale_4.0,1.0,-0.2313916852932179,7.025825825825827,4.0,350,spline_s2,0,0,7,6.640940940940942,0.2436643709839392,10.103074209414217
scale_4.0,1.0,-0.2313916852932179,7.025825825825827,4.0,350,spline_s2,0,0,12,48.208508508508515,0.09009923096239617,8.170790840083555
scale_4.0,1.0,-0.2313916852932179,7.025825825825827,4.0,350,spline_s2,0,1,7,26.962862862862867,0.1347179806912554,6.776603227031217
scale_4.0,1.0,-0.2313916852932179,7.025825825825827,4.0,350,spline_s2,0,1,12,54.520620620620626,0.03475470346636109,6.5475904622406915
scale_4.0,1.0,-0.2313916852932179,7.025825825825827,4.0,350,spline_s2,0,2,7,30.73473473473474,0.05758400803932345,6.947524713627132
scale_4.0,1.0,-0.2313916852932179,7.025825825825827,4.0,350,spline_s2,0,2,12,30.657757757757764,0.051799441289213675,6.806054634596876
scale_4.0,1.0,-0.2313916852932179,7.025825825825827,4.0,350,spline_s2,0,3,7,10.951651651651654,0.1571741738955547,12.628125159309889
scale_4.0,1.0,-0.2313916852932179,7.025825825825827,4.0,350,spline_s2,0,3,12,31.27357357357358,0.08345901632182393,8.336211753362136
scale_4.0,1.0,-0.2313916852932179,7.025825825825827,4.0,350,spline_s2,0,4,7,48.74734734734736,0.05180775547269509,7.64986106732178
scale_4.0,1.0,-0.2313916852932179,7.025825825825827,4.0,350,spline_s2,0,4,12,48.82432432432433,0.05031683558523968,8.0469762055059
scale_4.0,1.0,-0.2313916852932179,7.025825825825827,4.0,350,spline_s2,0,5,7,56.214114114114125,0.11382386787900566,10.23657041577303
scale_4.0,1.0,-0.2313916852932179,7.025825825825827,4.0,350,spline_s2,0,5,12,56.2910910910911,0.04411914384372849,10.505129213076259
scale_4.0,1.0,-0.2313916852932179,7.025825825825827,4.0,350,spline_s2,0,6,7,14.492592592592594,0.09052834161853342,14.281829562213318
scale_4.0,1.0,-0.2313916852932179,7.025825825825827,4.0,350,spline_s2,0,6,12,14.569569569569571,0.06338949907757493,12.680391642288441
scale_4.0,1.0,-0.2313916852932179,7.025825825825827,4.0,350,spline_s2,0,7,7,19.111211211211216,0.11770622263455205,7.464237401843093
scale_4.0,1.0,-0.2313916852932179,7.025825825825827,4.0,350,spline_s2,0,7,12,18.95725725725726,0.0026865211845450874,6.641603490368311
scale_4.0,1.0,-0.2313916852932179,7.025825825825827,4.0,350,spline_s2,0,8,7,12.645145145145147,0.08235232036096872,9.374541146022409
scale_4.0,1.0,-0.2313916852932179,7.025825825825827,4.0,350,spline_s2,0,8,12,50.51781781781783,0.03133357558386628,8.490068636874867
scale_4.0,1.0,-0.2313916852932179,7.025825825825827,4.0,350,spline_s2,0,9,7,40.587787787787796,0.1414551245635742,12.996777408165002
scale_4.0,1.0,-0.2313916852932179,7.025825825825827,4.0,350,spline_s2,0,9,12,40.587787787787796,0.05945382518818506,12.001271132604813
scale_4.0,1.0,-0.2313916852932179,7.025825825825827,4.0,350,spline_s2,0,10,7,77.3058058058058,0.036973915344113664,8.407575243755218
scale_4.0,1.0,-0.2313916852932179,7.025825825825827,4.0,350,spline_s2,0,10,12,77.3058058058058,0.07060046357508391,8.619278866078389
scale_4.0,1.0,-0.2313916852932179,7.025825825825827,4.0,350,spline_s2,0,11,7,66.68298298298299,0.07937175695966832,5.359508815375818
scale_4.0,1.0,-0.2313916852932179,7.025825825825827,4.0,350,spline_s2,0,11,12,32.120320320320324,0.012293051656495024,5.376668249995475
scale_4.0,1.0,-0.2313916852932179,7.025825825825827,4.0,350,spline_s2,0,12,7,42.43523523523524,0.12692622034719825,10.694128076357686
scale_4.0,1.0,-0.2313916852932179,7.025825825825827,4.0,350,spline_s2,0,12,12,42.43523523523524,0.08933633183847725,10.83416847572812
scale_4.0,1.0,-0.2313916852932179,7.025825825825827,4.0,350,spline_s2,0,13,7,34.42962962962963,0.04183304957195923,9.724457587435495
scale_4.0,1.0,-0.2313916852932179,7.025825825825827,4.0,350,spline_s2,0,13,12,34.50660660660661,0.07467411611803502,8.944931743180348
scale_4.0,1.0,-0.2313916852932179,7.025825825825827,4.0,350,spline_s2,0,14,7,60.60180180180181,0.06759967190830281,9.29751822764706
scale_4.0,1.0,-0.2313916852932179,7.025825825825827,4.0,350,spline_s2,0,14,12,38.586386386386394,0.04193203086501302,9.29251321794095
scale_4.0,1.0,-0.2313916852932179,7.025825825825827,4.0,350,spline_s2,0,15,7,36.43103103103104,0.15025881402394956,8.764853950368547
scale_4.0,1.0,-0.2313916852932179,7.025825825825827,4.0,350,spline_s2,0,15,12,36.43103103103104,0.016950160116811563,7.232966540753637
scale_4.0,1.0,-0.2313916852932179,7.025825825825827,4.0,350,spline_s2,0,16,7,60.37087087087088,0.09809022812156332,6.699943806981196
scale_4.0,1.0,-0.2313916852932179,7.025825825825827,4.0,350,spline_s2,0,16,12,60.37087087087088,0.05066950852772662,6.719322608198212
scale_4.0,1.0,-0.2313916852932179,7.025825825825827,4.0,350,spline_s2,0,17,7,68.68438438438439,0.10352874850607031,9.563392173504383
scale_4.0,1.0,-0.2313916852932179,7.025825825825827,4.0,350,spline_s2,0,17,12,68.68438438438439,0.06420966674200262,9.402326889747314
scale_4.0,1.0,-0.2313916852932179,7.025825825825827,4.0,350,spline_s2,0,18,7,79.23023023023023,0.06601043414552572,16.029983663241296
scale_4.0,1.0,-0.2313916852932179,7.025825825825827,4.0,350,spline_s2,0,18,12,79.23023023023023,0.043020999524446456,15.829764124997837
scale_4.0,1.0,-0.2313916852932179,7.025825825825827,4.0,350,spline_s2,0,19,7,35.66126126126127,0.04579958913912111,10.642305247356916
scale_4.0,1.0,-0.2313916852932179,7.025825825825827,4.0,350,spline_s2,0,19,12,35.738238238238246,0.05526807879806514,11.38054613010928
scale_4.0,1.0,-0.2313916852932179,7.025825825825827,4.0,350,spline_s2,0,20,7,38.20150150150151,0.024348499655047495,11.901111362424388
scale_4.0,1.0,-0.2313916852932179,7.025825825825827,4.0,350,spline_s2,0,20,12,38.20150150150151,0.01612214190671214,12.001831101245273
scale_4.0,1.0,-0.2313916852932179,7.025825825825827,4.0,350,spline_s2,0,21,7,74.91951951951953,0.06909644982884927,9.47722804497397
scale_4.0,1.0,-0.2313916852932179,7.025825825825827,4.0,350,spline_s2,0,21,12,74.91951951951953,0.03408170455978405,9.378983183243662
scale_4.0,1.0,-0.2313916852932179,7.025825825825827,4.0,350,spline_s2,0,22,7,75.76626626626627,0.2114000390937417,6.499097617394057
scale_4.0,1.0,-0.2313916852932179,7.025825825825827,4.0,350,spline_s2,0,22,12,29.887987987987994,0.05128726642035789,7.117336028521038
scale_4.0,1.0,-0.2313916852932179,7.025825825825827,4.0,350,spline_s2,0,23,7,63.29599599599601,0.023974285113868062,9.341603825451188
scale_4.0,1.0,-0.2313916852932179,7.025825825825827,4.0,350,spline_s2,0,23,12,63.29599599599601,0.022698046752195753,9.517407962759677
scale_4.0,1.0,-0.2313916852932179,7.025825825825827,4.0,350,spline_s2,0,24,7,7.333733733733734,0.2146026663343867,7.244008285960973
scale_4.0,1.0,-0.2313916852932179,7.025825825825827,4.0,350,spline_s2,0,24,12,20.034934934934938,0.09288586855477793,6.812803495791059
scale_4.0,1.0,-0.2313916852932179,7.025825825825827,4.0,350,spline_s2,0,25,7,75.38138138138139,0.10653094443587453,17.504913378008553
scale_4.0,1.0,-0.2313916852932179,7.025825825825827,4.0,350,spline_s2,0,25,12,75.45835835835837,0.10316026078608838,18.476968896370636
scale_4.0,1.0,-0.2313916852932179,7.025825825825827,4.0,350,spline_s2,0,26,7,55.906206206206214,0.20228991624054737,9.062942869154085
scale_4.0,1.0,-0.2313916852932179,7.025825825825827,4.0,350,spline_s2,0,26,12,55.906206206206214,0.07451277253277688,9.133346486891185
scale_4.0,1.0,-0.2313916852932179,7.025825825825827,4.0,350,spline_s2,0,27,7,65.83623623623625,0.05162800431839894,12.478884406448003
scale_4.0,1.0,-0.2313916852932179,7.025825825825827,4.0,350,spline_s2,0,27,12,65.75925925925927,0.042179177868894996,12.135245390608162
scale_4.0,1.0,-0.2313916852932179,7.025825825825827,4.0,350,spline_s2,0,28,7,33.736836836836844,0.03251709590190894,8.200011358058873
scale_4.0,1.0,-0.2313916852932179,7.025825825825827,4.0,350,spline_s2,0,28,12,33.659859859859864,0.048889607204254316,8.899217511803727
scale_4.0,1.0,-0.2313916852932179,7.025825825825827,4.0,350,spline_s2,0,29,7,61.52552552552554,0.06601254993624155,6.931865187104506
scale_4.0,1.0,-0.2313916852932179,7.025825825825827,4.0,350,spline_s2,0,29,12,61.52552552552554,0.03555104750071269,6.305939781615393
scale_4.0,1.0,-0.2313916852932179,7.025825825825827,4.0,350,spline_s2,0,30,7,10.566766766766769,0.14256171296360384,9.527808892403584
scale_4.0,1.0,-0.2313916852932179,7.025825825825827,4.0,350,spline_s2,0,30,12,10.489789789789791,0.08361965263168837,10.95015659581361
scale_4.0,1.0,-0.2313916852932179,7.025825825825827,4.0,350,spline_s2,0,31,7,53.058058058058066,0.09848833732299432,8.570037324672569
scale_4.0,1.0,-0.2313916852932179,7.025825825825827,4.0,350,spline_s2,0,31,12,53.058058058058066,0.051121226897399376,8.432946816664668
scale_4.0,1.0,-0.2313916852932179,7.025825825825827,4.0,350,spline_s2,0,32,7,61.83343343343344,0.1540857504567696,7.32391079485609
scale_4.0,1.0,-0.2313916852932179,7.025825825825827,4.0,350,spline_s2,0,32,12,61.91041041041042,0.06562022807904028,7.943590622057286
scale_4.0,1.0,-0.2313916852932179,7.025825825825827,4.0,350,spline_s2,0,33,7,50.36386386386387,0.0432486956652398,17.785708095764733
scale_4.0,1.0,-0.2313916852932179,7.025825825825827,4.0,350,spline_s2,0,33,12,50.36386386386387,0.06289899286330061,17.84533964131373
scale_4.0,1.0,-0.2313916852932179,7.025825825825827,4.0,350,spline_s2,0,34,7,69.91601601601602,0.15310425390707,11.372172703594515
scale_4.0,1.0,-0.2313916852932179,7.025825825825827,4.0,350,spline_s2,0,34,12,69.992992992993,0.026536691932446482,10.16195719107759
scale_4.0,1.0,-0.2313916852932179,7.025825825825827,4.0,350,spline_s2,0,35,7,14.492592592592594,0.1746987069366736,11.314113743811333
scale_4.0,1.0,-0.2313916852932179,7.025825825825827,4.0,350,spline_s2,0,35,12,56.445045045045056,0.12041882148674135,11.76103077334136
scale_4.0,1.0,-0.2313916852932179,7.025825825825827,4.0,350,spline_s2,0,36,7,42.43523523523524,0.006957997109585902,7.306635062626981
scale_4.0,1.0,-0.2313916852932179,7.025825825825827,4.0,350,spline_s2,0,36,12,42.35825825825827,0.04463716968462154,7.428732945277773
scale_4.0,1.0,-0.2313916852932179,7.025825825825827,4.0,350,spline_s2,0,37,7,21.80540540540541,0.030242575617785226,7.668762188681967
scale_4.0,1.0,-0.2313916852932179,7.025825825825827,4.0,350,spline_s2,0,37,12,22.267267267267272,0.03894817749667382,6.6490060736602175
scale_4.0,1.0,-0.2313916852932179,7.025825825825827,4.0,350,spline_s2,0,38,7,26.11611611611612,0.1872585363905573,8.85842754447998
scale_4.0,1.0,-0.2313916852932179,7.025825825825827,4.0,350,spline_s2,0,38,12,35.507307307307315,0.1252149092445822,8.053368932675255
scale_4.0,1.0,-0.2313916852932179,7.025825825825827,4.0,350,spline_s2,0,39,7,21.189589589589595,0.08333070503116159,12.527738345466332
scale_4.0,1.0,-0.2313916852932179,7.025825825825827,4.0,350,spline_s2,0,39,12,36.27707707707708,0.09338392952843916,12.67662565539274
scale_4.0,1.0,-0.2313916852932179,7.025825825825827,4.0,350,spline_s2,0,40,7,59.83203203203204,0.12154436845316315,9.749487764867297
scale_4.0,1.0,-0.2313916852932179,7.025825825825827,4.0,350,spline_s2,0,40,12,59.75505505505507,0.07138454544513229,8.607233382383015
scale_4.0,1.0,-0.2313916852932179,7.025825825825827,4.0,350,spline_s2,0,41,7,80.0,0.03631664611439172,8.48903131347464
scale_4.0,1.0,-0.2313916852932179,7.025825825825827,4.0,350,spline_s2,0,41,12,80.0,0.04193616389360463,8.128679176418302
scale_4.0,1.0,-0.2313916852932179,7.025825825825827,4.0,350,spline_s2,0,42,7,69.76206206206207,0.10445965318617836,7.396704386870738
scale_4.0,1.0,-0.2313916852932179,7.025825825825827,4.0,350,spline_s2,0,42,12,64.14274274274275,0.02769915713815744,7.061569067010538
scale_4.0,1.0,-0.2313916852932179,7.025825825825827,4.0,350,spline_s2,0,43,7,32.50520520520521,0.07882414085026729,8.719852879885877
scale_4.0,1.0,-0.2313916852932179,7.025825825825827,4.0,350,spline_s2,0,43,12,71.14764764764764,0.06530344498261786,7.555754030133755
scale_4.0,1.0,-0.2313916852932179,7.025825825825827,4.0,350,spline_s2,0,44,7,34.58358358358359,0.048215555681896304,8.677821742389995
scale_4.0,1.0,-0.2313916852932179,7.025825825825827,4.0,350,spline_s2,0,44,12,34.58358358358359,0.08340289076726194,8.203578225343222
scale_4.0,1.0,-0.2313916852932179,7.025825825825827,4.0,350,spline_s2,0,45,7,56.59899899899901,0.13505953399250362,12.625471003069322
scale_4.0,1.0,-0.2313916852932179,7.025825825825827,4.0,350,spline_s2,0,45,12,56.59899899899901,0.024562223080305378,12.345931822848712
scale_4.0,1.0,-0.2313916852932179,7.025825825825827,4.0,350,spline_s2,0,46,7,13.722822822822824,0.10727167465871291,11.444774655352205
scale_4.0,1.0,-0.2313916852932179,7.025825825825827,4.0,350,spline_s2,0,46,12,13.799799799799802,0.04771058449176418,11.142571650781292
scale_4.0,1.0,-0.2313916852932179,7.025825825825827,4.0,350,spline_s2,0,47,7,49.748048048048055,0.16311872961965765,7.828303526869092
scale_4.0,1.0,-0.2313916852932179,7.025825825825827,4.0,350,spline_s2,0,47,12,49.671071071071076,0.040905994223317116,8.69631493418018
scale_4.0,1.0,-0.2313916852932179,7.025825825825827,4.0,350,spline_s2,0,48,7,66.9908908908909,0.05421323368178313,12.384660123367155
scale_4.0,1.0,-0.2313916852932179,7.025825825825827,4.0,350,spline_s2,0,48,12,66.9908908908909,0.0803601023540745,11.845191402247963
scale_4.0,1.0,-0.2313916852932179,7.025825825825827,4.0,350,spline_s2,0,49,7,60.60180180180181,0.07494300296667972,10.217149441201627
scale_4.0,1.0,-0.2313916852932179,7.025825825825827,4.0,350,spline_s2,0,49,12,60.60180180180181,0.022627688768892602,9.648291946084612
scale_4.0,1.0,-0.2313916852932179,7.025825825825827,4.0,350,spline_s2,0,50,7,36.738938938938944,0.09698185623765382,10.694993432325703
scale_4.0,1.0,-0.2313916852932179,7.025825825825827,4.0,350,spline_s2,0,50,12,36.738938938938944,0.043557523165941484,11.308684823048566
scale_4.0,1.0,-0.2313916852932179,7.025825825825827,4.0,350,spline_s2,0,51,7,35.738238238238246,0.12724706755918483,8.683870280417239
scale_4.0,1.0,-0.2313916852932179,7.025825825825827,4.0,350,spline_s2,0,51,12,44.20570570570571,0.028221091150789235,8.042704592490168
scale_4.0,1.0,-0.2313916852932179,7.025825825825827,4.0,350,spline_s2,0,52,7,76.92092092092092,0.012528420735309591,9.867608833061865
scale_4.0,1.0,-0.2313916852932179,7.025825825825827,4.0,350,spline_s2,0,52,12,76.92092092092092,0.04328366046661305,9.539953392672373
scale_4.0,1.0,-0.2313916852932179,7.025825825825827,4.0,350,spline_s2,0,53,7,70.22392392392393,0.1141423950247093,12.661755156564027
scale_4.0,1.0,-0.2313916852932179,7.025825825825827,4.0,350,spline_s2,0,53,12,70.3009009009009,0.06418157001581677,14.123877660658252
scale_4.0,1.0,-0.2313916852932179,7.025825825825827,4.0,350,spline_s2,0,54,7,72.53323323323323,0.03699042792360558,9.151716352223644
scale_4.0,1.0,-0.2313916852932179,7.025825825825827,4.0,350,spline_s2,0,54,12,47.05385385385386,0.03669786322597222,8.66061357172481
scale_4.0,1.0,-0.2313916852932179,7.025825825825827,4.0,350,spline_s2,0,55,7,49.748048048048055,0.0951488900873985,9.26382628176242
scale_4.0,1.0,-0.2313916852932179,7.025825825825827,4.0,350,spline_s2,0,55,12,49.748048048048055,0.07096792510760512,9.255033471684158
scale_4.0,1.0,-0.2313916852932179,7.025825825825827,4.0,350,spline_s2,0,56,7,31.119619619619623,0.012395984954758426,10.663688303029005
scale_4.0,1.0,-0.2313916852932179,7.025825825825827,4.0,350,spline_s2,0,56,12,31.119619619619623,0.06297222120797527,10.410892905745527
scale_4.0,1.0,-0.2313916852932179,7.025825825825827,4.0,350,spline_s2,0,57,7,70.6857857857858,0.16672194493172243,14.418121842056166
scale_4.0,1.0,-0.2313916852932179,7.025825825825827,4.0,350,spline_s2,0,57,12,70.60880880880882,0.06661879188686433,13.659996687627654
scale_4.0,1.0,-0.2313916852932179,7.025825825825827,4.0,350,spline_s2,0,58,7,27.732632632632637,0.02754534529714742,12.037011510592379
scale_4.0,1.0,-0.2313916852932179,7.025825825825827,4.0,350,spline_s2,0,58,12,27.809609609609616,0.0719798957259325,11.92560602766153
scale_4.0,1.0,-0.2313916852932179,7.025825825825827,4.0,350,spline_s2,0,59,7,80.0,0.04765296238140742,9.654588542112322
scale_4.0,1.0,-0.2313916852932179,7.025825825825827,4.0,350,spline_s2,0,59,12,80.0,0.023784672563339916,9.71969824251795
scale_4.0,1.0,-0.2313916852932179,7.025825825825827,4.0,350,spline_s2,0,60,7,76.07417417417417,0.22689908033989523,12.237092186969221
scale_4.0,1.0,-0.2313916852932179,7.025825825825827,4.0,350,spline_s2,0,60,12,76.15115115115115,0.027604069207847776,11.865064176615988
scale_4.0,1.0,-0.2313916852932179,7.025825825825827,4.0,350,spline_s2,0,61,7,79.53813813813814,0.0669386745511924,9.490130446039245
scale_4.0,1.0,-0.2313916852932179,7.025825825825827,4.0,350,spline_s2,0,61,12,47.82362362362363,0.07796809569799927,9.384178683912467
scale_4.0,1.0,-0.2313916852932179,7.025825825825827,4.0,350,spline_s2,0,62,7,63.21901901901903,0.043582510905198775,7.65217553675177
scale_4.0,1.0,-0.2313916852932179,7.025825825825827,4.0,350,spline_s2,0,62,12,63.21901901901903,0.057871164934136944,7.849791538961085
scale_4.0,1.0,-0.2313916852932179,7.025825825825827,4.0,350,spline_s2,0,63,7,76.9978978978979,0.17294372066761415,10.13491542879703
scale_4.0,1.0,-0.2313916852932179,7.025825825825827,4.0,350,spline_s2,0,63,12,77.15185185185186,0.06190794316008634,9.531530302509935
scale_4.0,1.0,-0.2313916852932179,7.025825825825827,4.0,350,spline_s2,0,64,7,78.22952952952953,0.03923929716081296,11.402576323246478
scale_4.0,1.0,-0.2313916852932179,7.025825825825827,4.0,350,spline_s2,0,64,12,78.15255255255256,0.046056416251265046,11.26836535687113
scale_4.0,1.0,-0.2313916852932179,7.025825825825827,4.0,350,spline_s2,0,65,7,22.57517517517518,0.05108702919866606,8.390618260426322
scale_4.0,1.0,-0.2313916852932179,7.025825825825827,4.0,350,spline_s2,0,65,12,22.344244244244248,0.032411942180488464,5.8652844750767485
scale_4.0,1.0,-0.2313916852932179,7.025825825825827,4.0,350,spline_s2,0,66,7,52.44224224224225,0.019749197546247318,9.663466501616938
scale_4.0,1.0,-0.2313916852932179,7.025825825825827,4.0,350,spline_s2,0,66,12,52.44224224224225,0.036082052194118426,9.59647763893679
scale_4.0,1.0,-0.2313916852932179,7.025825825825827,4.0,350,spline_s2,0,67,7,59.83203203203204,0.060879716293996584,9.065482747927206
scale_4.0,1.0,-0.2313916852932179,7.025825825825827,4.0,350,spline_s2,0,67,12,59.985985985986,0.0023802838229646877,9.545639027425665
scale_4.0,1.0,-0.2313916852932179,7.025825825825827,4.0,350,spline_s2,0,68,7,23.57587587587588,0.16639843535933466,11.086609992791296
scale_4.0,1.0,-0.2313916852932179,7.025825825825827,4.0,350,spline_s2,0,68,12,23.652852852852856,0.014609569315538796,9.763359841653596
scale_4.0,1.0,-0.2313916852932179,7.025825825825827,4.0,350,spline_s2,0,69,7,54.21271271271272,0.06222964851874295,9.77757124883368
scale_4.0,1.0,-0.2313916852932179,7.025825825825827,4.0,350,spline_s2,0,69,12,54.21271271271272,0.03366049462884871,9.683317313296811
scale_4.0,1.0,-0.2313916852932179,7.025825825825827,4.0,350,spline_s2,0,70,7,22.190290290290296,0.10941828160009523,10.785486210389479
scale_4.0,1.0,-0.2313916852932179,7.025825825825827,4.0,350,spline_s2,0,70,12,50.51781781781783,0.04856921125365951,9.39682093314417
scale_4.0,1.0,-0.2313916852932179,7.025825825825827,4.0,350,spline_s2,0,71,7,68.14554554554554,0.19858751394148225,9.542397689655559
scale_4.0,1.0,-0.2313916852932179,7.025825825825827,4.0,350,spline_s2,0,71,12,68.14554554554554,0.15831677325751292,9.30932222527872
scale_4.0,1.0,-0.2313916852932179,7.025825825825827,4.0,350,spline_s2,0,72,7,24.730530530530537,0.06639960719294692,9.514080928752776
scale_4.0,1.0,-0.2313916852932179,7.025825825825827,4.0,350,spline_s2,0,72,12,24.653553553553557,0.009705458444362332,9.181352041716139
scale_4.0,1.0,-0.2313916852932179,7.025825825825827,4.0,350,spline_s2,0,73,7,13.722822822822824,0.11334448431073194,10.686260828135687
scale_4.0,1.0,-0.2313916852932179,7.025825825825827,4.0,350,spline_s2,0,73,12,13.876776776776778,0.044103454656252504,7.080585020799191
scale_4.0,1.0,-0.2313916852932179,7.025825825825827,4.0,350,spline_s2,0,74,7,47.66966966966968,0.07954555615386238,6.815261803079181
scale_4.0,1.0,-0.2313916852932179,7.025825825825827,4.0,350,spline_s2,0,74,12,47.66966966966968,0.05383203500384729,7.282790986784278
scale_4.0,1.0,-0.2313916852932179,7.025825825825827,4.0,350,spline_s2,0,75,7,35.04544544544545,0.09643103169257561,15.23181805138239
scale_4.0,1.0,-0.2313916852932179,7.025825825825827,4.0,350,spline_s2,0,75,12,35.04544544544545,0.010848923287188608,14.022184693719169
scale_4.0,1.0,-0.2313916852932179,7.025825825825827,4.0,350,spline_s2,0,76,7,26.577977977977984,0.10773706300848004,6.825587097715044
scale_4.0,1.0,-0.2313916852932179,7.025825825825827,4.0,350,spline_s2,0,76,12,11.25955955955956,0.03425317995560782,6.8436419667576445
scale_4.0,1.0,-0.2313916852932179,7.025825825825827,4.0,350,spline_s2,0,77,7,24.422622622622626,0.039218946942434094,9.719828833113809
scale_4.0,1.0,-0.2313916852932179,7.025825825825827,4.0,350,spline_s2,0,77,12,36.58498498498499,0.01882602897391719,9.192161228076344
scale_4.0,1.0,-0.2313916852932179,7.025825825825827,4.0,350,spline_s2,0,78,7,31.812412412412417,0.1535566066312039,9.933191683862276
scale_4.0,1.0,-0.2313916852932179,7.025825825825827,4.0,350,spline_s2,0,78,12,31.73543543543544,0.07971587485126498,9.73846807966703
scale_4.0,1.0,-0.2313916852932179,7.025825825825827,4.0,350,spline_s2,0,79,7,45.89919919919921,0.03928134198846253,8.898339202747707
scale_4.0,1.0,-0.2313916852932179,7.025825825825827,4.0,350,spline_s2,0,79,12,45.89919919919921,0.06762842160876709,9.194920991880224
scale_4.0,1.0,-0.2313916852932179,7.025825825825827,4.0,350,spline_s2,0,80,7,29.811011011011015,0.07241559397144225,12.509299482417418
scale_4.0,1.0,-0.2313916852932179,7.025825825825827,4.0,350,spline_s2,0,80,12,29.887987987987994,0.03509099086297883,11.933360573070502
scale_4.0,1.0,-0.2313916852932179,7.025825825825827,4.0,350,spline_s2,0,81,7,71.76346346346347,0.05919913450575369,10.323835150205468
scale_4.0,1.0,-0.2313916852932179,7.025825825825827,4.0,350,spline_s2,0,81,12,71.76346346346347,0.031174395800417778,9.600395727656434
scale_4.0,1.0,-0.2313916852932179,7.025825825825827,4.0,350,spline_s2,0,82,7,28.887287287287293,0.027642808640555485,12.134028939220684
scale_4.0,1.0,-0.2313916852932179,7.025825825825827,4.0,350,spline_s2,0,82,12,28.96426426426427,0.07853955302318943,11.023836681001285
scale_4.0,1.0,-0.2313916852932179,7.025825825825827,4.0,350,spline_s2,0,83,7,76.15115115115115,0.13509057937760097,5.6274099678785205
scale_4.0,1.0,-0.2313916852932179,7.025825825825827,4.0,350,spline_s2,0,83,12,66.22112112112113,0.04346758687726295,5.699468315343751
scale_4.0,1.0,-0.2313916852932179,7.025825825825827,4.0,350,spline_s2,0,84,7,77.22882882882884,0.08906130707123108,7.086714593067825
scale_4.0,1.0,-0.2313916852932179,7.025825825825827,4.0,350,spline_s2,0,84,12,77.3058058058058,0.04881991940011466,7.335820231022694
scale_4.0,1.0,-0.2313916852932179,7.025825825825827,4.0,350,spline_s2,0,85,7,16.724924924924927,0.043513766275892735,9.002172119607764
scale_4.0,1.0,-0.2313916852932179,7.025825825825827,4.0,350,spline_s2,0,85,12,26.42402402402403,0.042154722449205866,5.261194361015299
scale_4.0,1.0,-0.2313916852932179,7.025825825825827,4.0,350,spline_s2,0,86,7,74.45765765765766,0.15413861484737204,8.444618670211412
scale_4.0,1.0,-0.2313916852932179,7.025825825825827,4.0,350,spline_s2,0,86,12,74.53463463463464,0.061416362947748326,8.61752560842234
scale_4.0,1.0,-0.2313916852932179,7.025825825825827,4.0,350,spline_s2,0,87,7,8.180480480480481,0.10403317500696448,7.406249349775578
scale_4.0,1.0,-0.2313916852932179,7.025825825825827,4.0,350,spline_s2,0,87,12,79.38418418418419,0.0834538574485962,5.842031904207431
scale_4.0,1.0,-0.2313916852932179,7.025825825825827,4.0,350,spline_s2,0,88,7,37.277777777777786,0.1153523784521893,14.172228142366748
scale_4.0,1.0,-0.2313916852932179,7.025825825825827,4.0,350,spline_s2,0,88,12,37.277777777777786,0.03188945821862178,14.303052463712788
scale_4.0,1.0,-0.2313916852932179,7.025825825825827,4.0,350,spline_s2,0,89,7,45.05245245245246,0.002884250855799962,16.34593468850025
scale_4.0,1.0,-0.2313916852932179,7.025825825825827,4.0,350,spline_s2,0,89,12,45.05245245245246,0.007245730075455487,15.688922118192863
scale_4.0,1.0,-0.2313916852932179,7.025825825825827,4.0,350,spline_s2,0,90,7,70.53183183183184,0.10967871470901211,10.028960140287381
scale_4.0,1.0,-0.2313916852932179,7.025825825825827,4.0,350,spline_s2,0,90,12,70.53183183183184,0.01899938814987125,10.484458279257524
scale_4.0,1.0,-0.2313916852932179,7.025825825825827,4.0,350,spline_s2,0,91,7,31.73543543543544,0.06396887098973295,11.050549369295823
scale_4.0,1.0,-0.2313916852932179,7.025825825825827,4.0,350,spline_s2,0,91,12,31.658458458458465,0.06276558120078843,10.788694578571608
scale_4.0,1.0,-0.2313916852932179,7.025825825825827,4.0,350,spline_s2,0,92,7,29.349149149149156,0.11256116526618253,6.927615229436242
scale_4.0,1.0,-0.2313916852932179,7.025825825825827,4.0,350,spline_s2,0,92,12,29.1951951951952,0.05365444089484207,6.589667117659303
scale_4.0,1.0,-0.2313916852932179,7.025825825825827,4.0,350,spline_s2,0,93,7,19.880980980980986,0.03467217793494498,11.396012275299682
scale_4.0,1.0,-0.2313916852932179,7.025825825825827,4.0,350,spline_s2,0,93,12,19.804004004004007,0.017545848830947494,9.041941365589906
scale_4.0,1.0,-0.2313916852932179,7.025825825825827,4.0,350,spline_s2,0,94,7,72.91811811811812,0.0925326453436025,5.618264545923978
scale_4.0,1.0,-0.2313916852932179,7.025825825825827,4.0,350,spline_s2,0,94,12,72.84114114114115,0.02596934721783273,5.829422161343814
scale_4.0,1.0,-0.2313916852932179,7.025825825825827,4.0,350,spline_s2,0,95,7,64.2966966966967,0.06539684160576437,6.189682466342617
scale_4.0,1.0,-0.2313916852932179,7.025825825825827,4.0,350,spline_s2,0,95,12,64.37367367367368,0.03836619946395248,6.526893988909194
scale_4.0,1.0,-0.2313916852932179,7.025825825825827,4.0,350,spline_s2,0,96,7,67.76066066066066,0.06204953933046872,8.67454472902682
scale_4.0,1.0,-0.2313916852932179,7.025825825825827,4.0,350,spline_s2,0,96,12,26.65495495495496,0.06089892627163471,8.468869987024163
scale_4.0,1.0,-0.2313916852932179,7.025825825825827,4.0,350,spline_s2,0,97,7,13.107007007007008,0.08781669940875739,12.554256681653385
scale_4.0,1.0,-0.2313916852932179,7.025825825825827,4.0,350,spline_s2,0,97,12,12.953053053053054,0.0902688772290179,10.370871538291794
scale_4.0,1.0,-0.2313916852932179,7.025825825825827,4.0,350,spline_s2,0,98,7,61.9873873873874,0.08021751727180579,12.32372995661433
scale_4.0,1.0,-0.2313916852932179,7.025825825825827,4.0,350,spline_s2,0,98,12,37.8935935935936,0.025916683172859924,12.312626734241519
scale_4.0,1.0,-0.2313916852932179,7.025825825825827,4.0,350,spline_s2,0,99,7,59.985985985986,0.1862447302426857,9.929995320079456
scale_4.0,1.0,-0.2313916852932179,7.025825825825827,4.0,350,spline_s2,0,99,12,65.37437437437438,0.047875699508210356,10.57985926026197
scale_4.0,1.0,-0.2313916852932179,7.025825825825827,4.0,350,spline_s2,1.0,0,7,6.948848848848849,0.8873089429095337,105.58118504298528
scale_4.0,1.0,-0.2313916852932179,7.025825825825827,4.0,350,spline_s2,1.0,0,12,7.872572572572574,0.20781641156901257,10.250762865866704
scale_4.0,1.0,-0.2313916852932179,7.025825825825827,4.0,350,spline_s2,1.0,1,7,7.025825825825827,0.9363341025425391,120.13969089967145
scale_4.0,1.0,-0.2313916852932179,7.025825825825827,4.0,350,spline_s2,1.0,1,12,8.026526526526528,0.3129717876324375,27.399904930244134
scale_4.0,1.0,-0.2313916852932179,7.025825825825827,4.0,350,spline_s2,1.0,2,7,7.025825825825827,0.899929351742482,108.00951757303062
scale_4.0,1.0,-0.2313916852932179,7.025825825825827,4.0,350,spline_s2,1.0,2,12,8.103503503503504,0.21834944453235133,14.925843180365746
scale_4.0,1.0,-0.2313916852932179,7.025825825825827,4.0,350,spline_s2,1.0,3,7,7.256756756756758,0.7840652481877227,86.67386538711594
scale_4.0,1.0,-0.2313916852932179,7.025825825825827,4.0,350,spline_s2,1.0,3,12,8.103503503503504,0.2615086764904163,22.0730637978034
scale_4.0,1.0,-0.2313916852932179,7.025825825825827,4.0,350,spline_s2,1.0,4,7,7.025825825825827,0.8640283178620998,100.61251186374409
scale_4.0,1.0,-0.2313916852932179,7.025825825825827,4.0,350,spline_s2,1.0,4,12,58.21551551551553,0.12666478550763022,9.440479346050267
scale_4.0,1.0,-0.2313916852932179,7.025825825825827,4.0,350,spline_s2,1.0,5,7,7.102802802802804,0.9146503743017074,115.3346176489083
scale_4.0,1.0,-0.2313916852932179,7.025825825825827,4.0,350,spline_s2,1.0,5,12,8.026526526526528,0.21367937679109358,14.248896155485227
scale_4.0,1.0,-0.2313916852932179,7.025825825825827,4.0,350,spline_s2,1.0,6,7,7.17977977977978,0.8810090254272407,107.2124857355895
scale_4.0,1.0,-0.2313916852932179,7.025825825825827,4.0,350,spline_s2,1.0,6,12,8.026526526526528,0.2492010824123051,18.733653670146794
scale_4.0,1.0,-0.2313916852932179,7.025825825825827,4.0,350,spline_s2,1.0,7,7,7.025825825825827,0.7775512865577701,80.63432837202737
scale_4.0,1.0,-0.2313916852932179,7.025825825825827,4.0,350,spline_s2,1.0,7,12,47.82362362362363,0.1608635337812693,9.486303364048212
scale_4.0,1.0,-0.2313916852932179,7.025825825825827,4.0,350,spline_s2,1.0,8,7,7.17977977977978,0.926335378722937,119.6906476201529
scale_4.0,1.0,-0.2313916852932179,7.025825825825827,4.0,350,spline_s2,1.0,8,12,8.103503503503504,0.27390974233330123,23.86768928983065
scale_4.0,1.0,-0.2313916852932179,7.025825825825827,4.0,350,spline_s2,1.0,9,7,7.256756756756758,0.7807404498389626,87.95477559155142
scale_4.0,1.0,-0.2313916852932179,7.025825825825827,4.0,350,spline_s2,1.0,9,12,8.180480480480481,0.2944895945170289,29.549501955839503
scale_4.0,1.0,-0.2313916852932179,7.025825825825827,4.0,350,spline_s2,1.0,10,7,7.17977977977978,0.8346965472029888,97.33282958165461
scale_4.0,1.0,-0.2313916852932179,7.025825825825827,4.0,350,spline_s2,1.0,10,12,7.94954954954955,0.26105749747682944,17.8253690672816
scale_4.0,1.0,-0.2313916852932179,7.025825825825827,4.0,350,spline_s2,1.0,11,7,7.102802802802804,0.8946052190770177,106.35581447489511
scale_4.0,1.0,-0.2313916852932179,7.025825825825827,4.0,350,spline_s2,1.0,11,12,23.883783783783787,0.19949529624184467,14.11349992879434
scale_4.0,1.0,-0.2313916852932179,7.025825825825827,4.0,350,spline_s2,1.0,12,7,7.256756756756758,0.8962716373730264,112.24521210118485
scale_4.0,1.0,-0.2313916852932179,7.025825825825827,4.0,350,spline_s2,1.0,12,12,10.797697697697698,0.2237373854709001,16.750435162438066
scale_4.0,1.0,-0.2313916852932179,7.025825825825827,4.0,350,spline_s2,1.0,13,7,7.025825825825827,0.895221354287175,106.06101083945197
scale_4.0,1.0,-0.2313916852932179,7.025825825825827,4.0,350,spline_s2,1.0,13,12,15.10840840840841,0.1568715144811168,10.183395839860452
scale_4.0,1.0,-0.2313916852932179,7.025825825825827,4.0,350,spline_s2,1.0,14,7,7.025825825825827,0.8811066202352965,104.52082809273116
scale_4.0,1.0,-0.2313916852932179,7.025825825825827,4.0,350,spline_s2,1.0,14,12,8.103503503503504,0.21484018593902962,14.607659982328073
scale_4.0,1.0,-0.2313916852932179,7.025825825825827,4.0,350,spline_s2,1.0,15,7,7.17977977977978,0.8329793741896743,95.48067592804904
scale_4.0,1.0,-0.2313916852932179,7.025825825825827,4.0,350,spline_s2,1.0,15,12,10.874674674674676,0.24594886139286753,18.429261532542853
scale_4.0,1.0,-0.2313916852932179,7.025825825825827,4.0,350,spline_s2,1.0,16,7,7.17977977977978,0.8701654161317999,103.83789634904156
scale_4.0,1.0,-0.2313916852932179,7.025825825825827,4.0,350,spline_s2,1.0,16,12,8.180480480480481,0.2517946368243042,19.86665114874853
scale_4.0,1.0,-0.2313916852932179,7.025825825825827,4.0,350,spline_s2,1.0,17,7,7.025825825825827,0.9786872032742475,128.486945787619
scale_4.0,1.0,-0.2313916852932179,7.025825825825827,4.0,350,spline_s2,1.0,17,12,7.94954954954955,0.2366647908804092,13.945361248068139
scale_4.0,1.0,-0.2313916852932179,7.025825825825827,4.0,350,spline_s2,1.0,18,7,7.102802802802804,0.7534352667350036,76.19143204719092
scale_4.0,1.0,-0.2313916852932179,7.025825825825827,4.0,350,spline_s2,1.0,18,12,8.180480480480481,0.180447803593008,11.923110458475833
scale_4.0,1.0,-0.2313916852932179,7.025825825825827,4.0,350,spline_s2,1.0,19,7,7.102802802802804,0.792824714007919,84.89695239256258
scale_4.0,1.0,-0.2313916852932179,7.025825825825827,4.0,350,spline_s2,1.0,19,12,8.026526526526528,0.22057928593414763,12.48550063491922
scale_4.0,1.0,-0.2313916852932179,7.025825825825827,4.0,350,spline_s2,1.0,20,7,7.102802802802804,0.9305989209555788,116.72416424865634
scale_4.0,1.0,-0.2313916852932179,7.025825825825827,4.0,350,spline_s2,1.0,20,12,8.103503503503504,0.2452916130178737,17.19638749036511
scale_4.0,1.0,-0.2313916852932179,7.025825825825827,4.0,350,spline_s2,1.0,21,7,7.17977977977978,0.8472090159426148,101.16383021358763
scale_4.0,1.0,-0.2313916852932179,7.025825825825827,4.0,350,spline_s2,1.0,21,12,8.103503503503504,0.25442527407495896,19.984849214119947
scale_4.0,1.0,-0.2313916852932179,7.025825825825827,4.0,350,spline_s2,1.0,22,7,7.256756756756758,0.6705283386182808,64.8459805513811
scale_4.0,1.0,-0.2313916852932179,7.025825825825827,4.0,350,spline_s2,1.0,22,12,8.103503503503504,0.17826965530447855,10.344377489551448
scale_4.0,1.0,-0.2313916852932179,7.025825825825827,4.0,350,spline_s2,1.0,23,7,7.17977977977978,0.8875147961689934,109.58456121408375
scale_4.0,1.0,-0.2313916852932179,7.025825825825827,4.0,350,spline_s2,1.0,23,12,8.026526526526528,0.2713499996305014,23.812059566029347
scale_4.0,1.0,-0.2313916852932179,7.025825825825827,4.0,350,spline_s2,1.0,24,7,6.948848848848849,0.9089708934543008,111.26848184652596
scale_4.0,1.0,-0.2313916852932179,7.025825825825827,4.0,350,spline_s2,1.0,24,12,8.103503503503504,0.23578254292581816,16.62564142745157
scale_4.0,1.0,-0.2313916852932179,7.025825825825827,4.0,350,spline_s2,1.0,25,7,7.102802802802804,0.9357196571718412,120.81944120449418
scale_4.0,1.0,-0.2313916852932179,7.025825825825827,4.0,350,spline_s2,1.0,25,12,7.94954954954955,0.2758739879362911,19.465976598613054
scale_4.0,1.0,-0.2313916852932179,7.025825825825827,4.0,350,spline_s2,1.0,26,7,6.948848848848849,0.9883564394171446,133.701257980263
scale_4.0,1.0,-0.2313916852932179,7.025825825825827,4.0,350,spline_s2,1.0,26,12,8.026526526526528,0.3028774735542877,25.319165750879222
scale_4.0,1.0,-0.2313916852932179,7.025825825825827,4.0,350,spline_s2,1.0,27,7,7.17977977977978,1.0161853679027182,142.03451778466757
scale_4.0,1.0,-0.2313916852932179,7.025825825825827,4.0,350,spline_s2,1.0,27,12,8.103503503503504,0.30417736895876635,33.0754617885907
scale_4.0,1.0,-0.2313916852932179,7.025825825825827,4.0,350,spline_s2,1.0,28,7,7.025825825825827,0.9229962586038293,113.2318980907196
scale_4.0,1.0,-0.2313916852932179,7.025825825825827,4.0,350,spline_s2,1.0,28,12,8.180480480480481,0.22616359102092776,20.360285719608328
scale_4.0,1.0,-0.2313916852932179,7.025825825825827,4.0,350,spline_s2,1.0,29,7,7.102802802802804,0.8362856100687229,97.16544260505867
scale_4.0,1.0,-0.2313916852932179,7.025825825825827,4.0,350,spline_s2,1.0,29,12,8.026526526526528,0.2727846594310047,22.232289427171622
scale_4.0,1.0,-0.2313916852932179,7.025825825825827,4.0,350,spline_s2,1.0,30,7,7.025825825825827,0.9117332563340772,113.32492304437551
scale_4.0,1.0,-0.2313916852932179,7.025825825825827,4.0,350,spline_s2,1.0,30,12,8.103503503503504,0.28582161687969115,24.861983869280152
scale_4.0,1.0,-0.2313916852932179,7.025825825825827,4.0,350,spline_s2,1.0,31,7,7.025825825825827,0.7950809820802486,84.43522763061839
scale_4.0,1.0,-0.2313916852932179,7.025825825825827,4.0,350,spline_s2,1.0,31,12,19.573073073073076,0.1416424052750686,9.719506932680616
scale_4.0,1.0,-0.2313916852932179,7.025825825825827,4.0,350,spline_s2,1.0,32,7,7.102802802802804,0.9631665426694632,126.79834059108578
scale_4.0,1.0,-0.2313916852932179,7.025825825825827,4.0,350,spline_s2,1.0,32,12,8.103503503503504,0.24341359341168234,20.82870993472352
scale_4.0,1.0,-0.2313916852932179,7.025825825825827,4.0,350,spline_s2,1.0,33,7,7.102802802802804,0.8592068171533103,99.9295562799457
scale_4.0,1.0,-0.2313916852932179,7.025825825825827,4.0,350,spline_s2,1.0,33,12,10.874674674674676,0.2367794559091364,24.44041299163922
scale_4.0,1.0,-0.2313916852932179,7.025825825825827,4.0,350,spline_s2,1.0,34,7,7.17977977977978,0.879713636220189,107.16977395432161
scale_4.0,1.0,-0.2313916852932179,7.025825825825827,4.0,350,spline_s2,1.0,34,12,8.026526526526528,0.2636321392521095,19.580182288418655
scale_4.0,1.0,-0.2313916852932179,7.025825825825827,4.0,350,spline_s2,1.0,35,7,7.025825825825827,0.8488951605872527,95.6986143726727
scale_4.0,1.0,-0.2313916852932179,7.025825825825827,4.0,350,spline_s2,1.0,35,12,8.103503503503504,0.19988189615201898,12.329757149950694
scale_4.0,1.0,-0.2313916852932179,7.025825825825827,4.0,350,spline_s2,1.0,36,7,7.025825825825827,0.8507750054600792,100.37425271789232
scale_4.0,1.0,-0.2313916852932179,7.025825825825827,4.0,350,spline_s2,1.0,36,12,7.94954954954955,0.3102036954487091,26.898665022509135
scale_4.0,1.0,-0.2313916852932179,7.025825825825827,4.0,350,spline_s2,1.0,37,7,7.025825825825827,0.7766318787965701,80.26589220996891
scale_4.0,1.0,-0.2313916852932179,7.025825825825827,4.0,350,spline_s2,1.0,37,12,58.83133133133134,0.1416304571161287,9.636638883335763
scale_4.0,1.0,-0.2313916852932179,7.025825825825827,4.0,350,spline_s2,1.0,38,7,7.17977977977978,0.8774241953589069,105.77329617935482
scale_4.0,1.0,-0.2313916852932179,7.025825825825827,4.0,350,spline_s2,1.0,38,12,8.103503503503504,0.24140853670423748,18.545298734732512
scale_4.0,1.0,-0.2313916852932179,7.025825825825827,4.0,350,spline_s2,1.0,39,7,7.025825825825827,0.9229118036761824,116.29662272302005
scale_4.0,1.0,-0.2313916852932179,7.025825825825827,4.0,350,spline_s2,1.0,39,12,8.026526526526528,0.2903842953579732,24.44393986004326
scale_4.0,1.0,-0.2313916852932179,7.025825825825827,4.0,350,spline_s2,1.0,40,7,7.102802802802804,0.8453578876290742,95.25823967221027
scale_4.0,1.0,-0.2313916852932179,7.025825825825827,4.0,350,spline_s2,1.0,40,12,8.257457457457459,0.208026948235035,14.81407697802291
scale_4.0,1.0,-0.2313916852932179,7.025825825825827,4.0,350,spline_s2,1.0,41,7,7.102802802802804,0.8635833167368907,101.03905228104816
scale_4.0,1.0,-0.2313916852932179,7.025825825825827,4.0,350,spline_s2,1.0,41,12,8.103503503503504,0.1937565118728718,11.268999578651062
scale_4.0,1.0,-0.2313916852932179,7.025825825825827,4.0,350,spline_s2,1.0,42,7,7.025825825825827,0.7741826456240808,80.66335256898486
scale_4.0,1.0,-0.2313916852932179,7.025825825825827,4.0,350,spline_s2,1.0,42,12,38.663363363363366,0.1885259407864075,18.226548225022214
scale_4.0,1.0,-0.2313916852932179,7.025825825825827,4.0,350,spline_s2,1.0,43,7,7.102802802802804,0.8134768661590999,89.71914282423569
scale_4.0,1.0,-0.2313916852932179,7.025825825825827,4.0,350,spline_s2,1.0,43,12,10.720720720720722,0.22650202932021937,16.29373639337308
scale_4.0,1.0,-0.2313916852932179,7.025825825825827,4.0,350,spline_s2,1.0,44,7,7.025825825825827,0.9254328065918475,115.6655085555484
scale_4.0,1.0,-0.2313916852932179,7.025825825825827,4.0,350,spline_s2,1.0,44,12,8.103503503503504,0.2816471353555723,30.967405423893354
scale_4.0,1.0,-0.2313916852932179,7.025825825825827,4.0,350,spline_s2,1.0,45,7,7.102802802802804,0.9985500717414143,134.60637492904084
scale_4.0,1.0,-0.2313916852932179,7.025825825825827,4.0,350,spline_s2,1.0,45,12,10.643743743743745,0.24188724171431952,21.724846594512258
scale_4.0,1.0,-0.2313916852932179,7.025825825825827,4.0,350,spline_s2,1.0,46,7,7.102802802802804,0.8331878026020233,94.18887551261707
scale_4.0,1.0,-0.2313916852932179,7.025825825825827,4.0,350,spline_s2,1.0,46,12,8.026526526526528,0.20454797377648318,15.141584834430375
scale_4.0,1.0,-0.2313916852932179,7.025825825825827,4.0,350,spline_s2,1.0,47,7,7.025825825825827,0.7900656569574012,85.01512380966824
scale_4.0,1.0,-0.2313916852932179,7.025825825825827,4.0,350,spline_s2,1.0,47,12,7.94954954954955,0.24597891160458207,16.200297651570054
scale_4.0,1.0,-0.2313916852932179,7.025825825825827,4.0,350,spline_s2,1.0,48,7,7.025825825825827,0.8183866448754449,91.62681130400335
scale_4.0,1.0,-0.2313916852932179,7.025825825825827,4.0,350,spline_s2,1.0,48,12,8.026526526526528,0.25478005028762746,17.807371270091778
scale_4.0,1.0,-0.2313916852932179,7.025825825825827,4.0,350,spline_s2,1.0,49,7,7.17977977977978,0.7366847261982389,74.9481156097682
scale_4.0,1.0,-0.2313916852932179,7.025825825825827,4.0,350,spline_s2,1.0,49,12,8.180480480480481,0.2035131364721175,13.773249716916894
scale_4.0,1.0,-0.2313916852932179,7.025825825825827,4.0,350,spline_s2,1.0,50,7,7.102802802802804,0.9570221594482897,125.42248602218393
scale_4.0,1.0,-0.2313916852932179,7.025825825825827,4.0,350,spline_s2,1.0,50,12,8.103503503503504,0.257369461544992,21.599185455841734
scale_4.0,1.0,-0.2313916852932179,7.025825825825827,4.0,350,spline_s2,1.0,51,7,6.948848848848849,0.8625560287417384,105.25849665593154
scale_4.0,1.0,-0.2313916852932179,7.025825825825827,4.0,350,spline_s2,1.0,51,12,7.94954954954955,0.2284502317654163,15.076755596085775
scale_4.0,1.0,-0.2313916852932179,7.025825825825827,4.0,350,spline_s2,1.0,52,7,7.025825825825827,0.9246864240028732,115.13698894959253
scale_4.0,1.0,-0.2313916852932179,7.025825825825827,4.0,350,spline_s2,1.0,52,12,7.94954954954955,0.2105549077199563,11.48877558884277
scale_4.0,1.0,-0.2313916852932179,7.025825825825827,4.0,350,spline_s2,1.0,53,7,7.102802802802804,0.804866069678076,87.08845903156987
scale_4.0,1.0,-0.2313916852932179,7.025825825825827,4.0,350,spline_s2,1.0,53,12,13.56886886886887,0.14665844046591722,8.920479055340422
scale_4.0,1.0,-0.2313916852932179,7.025825825825827,4.0,350,spline_s2,1.0,54,7,7.102802802802804,0.8178663952468896,88.99489851270806
scale_4.0,1.0,-0.2313916852932179,7.025825825825827,4.0,350,spline_s2,1.0,54,12,25.500300300300307,0.1876241590797648,15.543260855064375
scale_4.0,1.0,-0.2313916852932179,7.025825825825827,4.0,350,spline_s2,1.0,55,7,7.025825825825827,0.7684952320236634,79.63392133152763
scale_4.0,1.0,-0.2313916852932179,7.025825825825827,4.0,350,spline_s2,1.0,55,12,7.94954954954955,0.2528980017173692,18.18915708326665
scale_4.0,1.0,-0.2313916852932179,7.025825825825827,4.0,350,spline_s2,1.0,56,7,7.17977977977978,0.7584534053793479,79.21850762544574
scale_4.0,1.0,-0.2313916852932179,7.025825825825827,4.0,350,spline_s2,1.0,56,12,8.103503503503504,0.2934977010591141,27.45674279306607
scale_4.0,1.0,-0.2313916852932179,7.025825825825827,4.0,350,spline_s2,1.0,57,7,7.102802802802804,0.8930780792866033,110.77170907608507
scale_4.0,1.0,-0.2313916852932179,7.025825825825827,4.0,350,spline_s2,1.0,57,12,8.103503503503504,0.32717023305453197,34.53034683988443
scale_4.0,1.0,-0.2313916852932179,7.025825825825827,4.0,350,spline_s2,1.0,58,7,7.102802802802804,0.9385525482891725,119.56680321608985
scale_4.0,1.0,-0.2313916852932179,7.025825825825827,4.0,350,spline_s2,1.0,58,12,7.94954954954955,0.2508526238360877,17.755774615864652
scale_4.0,1.0,-0.2313916852932179,7.025825825825827,4.0,350,spline_s2,1.0,59,7,7.17977977977978,0.864302439601223,104.84585758178474
scale_4.0,1.0,-0.2313916852932179,7.025825825825827,4.0,350,spline_s2,1.0,59,12,8.103503503503504,0.23361095303109913,17.726376673988284
scale_4.0,1.0,-0.2313916852932179,7.025825825825827,4.0,350,spline_s2,1.0,60,7,7.025825825825827,0.9822710016279508,129.66556886092894
scale_4.0,1.0,-0.2313916852932179,7.025825825825827,4.0,350,spline_s2,1.0,60,12,8.026526526526528,0.20666850185655353,11.973688075022665
scale_4.0,1.0,-0.2313916852932179,7.025825825825827,4.0,350,spline_s2,1.0,61,7,7.102802802802804,0.8585463005646118,102.88610633440658
scale_4.0,1.0,-0.2313916852932179,7.025825825825827,4.0,350,spline_s2,1.0,61,12,8.026526526526528,0.23965828144542606,16.481877295365166
scale_4.0,1.0,-0.2313916852932179,7.025825825825827,4.0,350,spline_s2,1.0,62,7,7.102802802802804,0.8416185735422907,95.35999675671457
scale_4.0,1.0,-0.2313916852932179,7.025825825825827,4.0,350,spline_s2,1.0,62,12,7.94954954954955,0.2239439195600797,14.538208256676228
scale_4.0,1.0,-0.2313916852932179,7.025825825825827,4.0,350,spline_s2,1.0,63,7,7.102802802802804,0.8453946850030315,95.37060070022062
scale_4.0,1.0,-0.2313916852932179,7.025825825825827,4.0,350,spline_s2,1.0,63,12,8.334434434434435,0.21496990503567526,16.673251672065533
scale_4.0,1.0,-0.2313916852932179,7.025825825825827,4.0,350,spline_s2,1.0,64,7,7.102802802802804,0.7973754887009695,88.12489476478237
scale_4.0,1.0,-0.2313916852932179,7.025825825825827,4.0,350,spline_s2,1.0,64,12,8.180480480480481,0.16127283938306786,10.696793323554374
scale_4.0,1.0,-0.2313916852932179,7.025825825825827,4.0,350,spline_s2,1.0,65,7,6.948848848848849,0.8993122265177469,111.4983550462349
scale_4.0,1.0,-0.2313916852932179,7.025825825825827,4.0,350,spline_s2,1.0,65,12,7.94954954954955,0.3158258198689254,26.991769945616397
scale_4.0,1.0,-0.2313916852932179,7.025825825825827,4.0,350,spline_s2,1.0,66,7,7.102802802802804,0.9031384581774415,109.27044519208124
scale_4.0,1.0,-0.2313916852932179,7.025825825825827,4.0,350,spline_s2,1.0,66,12,8.103503503503504,0.18660894554793364,9.686343483353028
scale_4.0,1.0,-0.2313916852932179,7.025825825825827,4.0,350,spline_s2,1.0,67,7,7.17977977977978,0.9424231460739226,124.41056882993405
scale_4.0,1.0,-0.2313916852932179,7.025825825825827,4.0,350,spline_s2,1.0,67,12,8.180480480480481,0.20476541697388845,15.505055298507159
scale_4.0,1.0,-0.2313916852932179,7.025825825825827,4.0,350,spline_s2,1.0,68,7,7.102802802802804,0.9246818277092326,115.08908006273697
scale_4.0,1.0,-0.2313916852932179,7.025825825825827,4.0,350,spline_s2,1.0,68,12,7.872572572572574,0.30249362060080476,20.69761766112407
scale_4.0,1.0,-0.2313916852932179,7.025825825825827,4.0,350,spline_s2,1.0,69,7,7.256756756756758,0.8194755891303572,94.94788443650464
scale_4.0,1.0,-0.2313916852932179,7.025825825825827,4.0,350,spline_s2,1.0,69,12,8.257457457457459,0.19825530991573512,16.413818091035466
scale_4.0,1.0,-0.2313916852932179,7.025825825825827,4.0,350,spline_s2,1.0,70,7,7.025825825825827,0.906418260270575,110.32939084129521
scale_4.0,1.0,-0.2313916852932179,7.025825825825827,4.0,350,spline_s2,1.0,70,12,8.411411411411413,0.15564934537372022,9.140320593029003
scale_4.0,1.0,-0.2313916852932179,7.025825825825827,4.0,350,spline_s2,1.0,71,7,7.025825825825827,0.8722937307046376,101.25638219467373
scale_4.0,1.0,-0.2313916852932179,7.025825825825827,4.0,350,spline_s2,1.0,71,12,8.180480480480481,0.21097772822707378,14.804419588051758
scale_4.0,1.0,-0.2313916852932179,7.025825825825827,4.0,350,spline_s2,1.0,72,7,7.025825825825827,0.8211182855227629,90.50297257153323
scale_4.0,1.0,-0.2313916852932179,7.025825825825827,4.0,350,spline_s2,1.0,72,12,8.103503503503504,0.23848217572220382,17.45379346596053
scale_4.0,1.0,-0.2313916852932179,7.025825825825827,4.0,350,spline_s2,1.0,73,7,7.17977977977978,0.7836848755474787,86.00167319728797
scale_4.0,1.0,-0.2313916852932179,7.025825825825827,4.0,350,spline_s2,1.0,73,12,10.643743743743745,0.18520934190203114,11.211071155899049
scale_4.0,1.0,-0.2313916852932179,7.025825825825827,4.0,350,spline_s2,1.0,74,7,7.025825825825827,0.9595890484487398,126.22747674391366
scale_4.0,1.0,-0.2313916852932179,7.025825825825827,4.0,350,spline_s2,1.0,74,12,8.026526526526528,0.2991607181327969,28.115437732549594
scale_4.0,1.0,-0.2313916852932179,7.025825825825827,4.0,350,spline_s2,1.0,75,7,7.17977977977978,0.842454596709756,96.8566490204758
scale_4.0,1.0,-0.2313916852932179,7.025825825825827,4.0,350,spline_s2,1.0,75,12,8.103503503503504,0.18945507210576282,10.924393241488701
scale_4.0,1.0,-0.2313916852932179,7.025825825825827,4.0,350,spline_s2,1.0,76,7,7.102802802802804,0.7550757907677516,78.21372824626428
scale_4.0,1.0,-0.2313916852932179,7.025825825825827,4.0,350,spline_s2,1.0,76,12,8.103503503503504,0.23086786292185804,18.979419628472442
scale_4.0,1.0,-0.2313916852932179,7.025825825825827,4.0,350,spline_s2,1.0,77,7,7.025825825825827,0.850608107570303,96.26226192955335
scale_4.0,1.0,-0.2313916852932179,7.025825825825827,4.0,350,spline_s2,1.0,77,12,7.94954954954955,0.1970890383838981,11.230473353837056
scale_4.0,1.0,-0.2313916852932179,7.025825825825827,4.0,350,spline_s2,1.0,78,7,7.102802802802804,0.8518390468838716,99.85042925058468
scale_4.0,1.0,-0.2313916852932179,7.025825825825827,4.0,350,spline_s2,1.0,78,12,8.026526526526528,0.27611388638906914,21.629684778221815
scale_4.0,1.0,-0.2313916852932179,7.025825825825827,4.0,350,spline_s2,1.0,79,7,7.102802802802804,0.9731427106964861,126.58781713341551
scale_4.0,1.0,-0.2313916852932179,7.025825825825827,4.0,350,spline_s2,1.0,79,12,8.103503503503504,0.2436735037325663,19.45150963308822
scale_4.0,1.0,-0.2313916852932179,7.025825825825827,4.0,350,spline_s2,1.0,80,7,7.102802802802804,0.8695962126629471,102.30975896986666
scale_4.0,1.0,-0.2313916852932179,7.025825825825827,4.0,350,spline_s2,1.0,80,12,7.94954954954955,0.2330762030752047,14.245385765482524
scale_4.0,1.0,-0.2313916852932179,7.025825825825827,4.0,350,spline_s2,1.0,81,7,7.102802802802804,0.8431843189261935,96.05759570416154
scale_4.0,1.0,-0.2313916852932179,7.025825825825827,4.0,350,spline_s2,1.0,81,12,8.103503503503504,0.21922116889101712,16.785918693701547
scale_4.0,1.0,-0.2313916852932179,7.025825825825827,4.0,350,spline_s2,1.0,82,7,7.17977977977978,0.843834881519575,98.08808801062554
scale_4.0,1.0,-0.2313916852932179,7.025825825825827,4.0,350,spline_s2,1.0,82,12,8.180480480480481,0.2527826717057986,24.038126013853002
scale_4.0,1.0,-0.2313916852932179,7.025825825825827,4.0,350,spline_s2,1.0,83,7,6.948848848848849,0.8743617781210089,103.2363987971234
scale_4.0,1.0,-0.2313916852932179,7.025825825825827,4.0,350,spline_s2,1.0,83,12,78.84534534534535,0.233159864424719,16.659423355886247
scale_4.0,1.0,-0.2313916852932179,7.025825825825827,4.0,350,spline_s2,1.0,84,7,7.17977977977978,0.8165983066685991,93.63508938307598
scale_4.0,1.0,-0.2313916852932179,7.025825825825827,4.0,350,spline_s2,1.0,84,12,7.94954954954955,0.24911898720229225,15.980213893395103
scale_4.0,1.0,-0.2313916852932179,7.025825825825827,4.0,350,spline_s2,1.0,85,7,7.102802802802804,0.8731900213274136,103.77173176916205
scale_4.0,1.0,-0.2313916852932179,7.025825825825827,4.0,350,spline_s2,1.0,85,12,8.103503503503504,0.2602117858653827,23.426812737386285
scale_4.0,1.0,-0.2313916852932179,7.025825825825827,4.0,350,spline_s2,1.0,86,7,7.17977977977978,0.9734623053652286,132.47134869416232
scale_4.0,1.0,-0.2313916852932179,7.025825825825827,4.0,350,spline_s2,1.0,86,12,7.94954954954955,0.27303239774141763,20.165754820865573
scale_4.0,1.0,-0.2313916852932179,7.025825825825827,4.0,350,spline_s2,1.0,87,7,7.102802802802804,0.8846244340907778,104.26339018147559
scale_4.0,1.0,-0.2313916852932179,7.025825825825827,4.0,350,spline_s2,1.0,87,12,8.026526526526528,0.18947927170587656,10.030311697026832
scale_4.0,1.0,-0.2313916852932179,7.025825825825827,4.0,350,spline_s2,1.0,88,7,7.102802802802804,0.7498636053223421,76.35113236937246
scale_4.0,1.0,-0.2313916852932179,7.025825825825827,4.0,350,spline_s2,1.0,88,12,25.34634634634635,0.18426578096265606,14.336209904228383
scale_4.0,1.0,-0.2313916852932179,7.025825825825827,4.0,350,spline_s2,1.0,89,7,6.871871871871873,0.9243607481565534,118.76009980635888
scale_4.0,1.0,-0.2313916852932179,7.025825825825827,4.0,350,spline_s2,1.0,89,12,54.21271271271272,0.2211492865058637,16.220160676095304
scale_4.0,1.0,-0.2313916852932179,7.025825825825827,4.0,350,spline_s2,1.0,90,7,7.102802802802804,0.9551267212389161,122.77025447054632
scale_4.0,1.0,-0.2313916852932179,7.025825825825827,4.0,350,spline_s2,1.0,90,12,8.103503503503504,0.27962884151091405,21.295403665379865
scale_4.0,1.0,-0.2313916852932179,7.025825825825827,4.0,350,spline_s2,1.0,91,7,7.102802802802804,0.8382266668591052,94.76983814872915
scale_4.0,1.0,-0.2313916852932179,7.025825825825827,4.0,350,spline_s2,1.0,91,12,67.2987987987988,0.16346057644427917,14.29202206460559
scale_4.0,1.0,-0.2313916852932179,7.025825825825827,4.0,350,spline_s2,1.0,92,7,6.948848848848849,0.8675644104004456,102.3159292861356
scale_4.0,1.0,-0.2313916852932179,7.025825825825827,4.0,350,spline_s2,1.0,92,12,68.37647647647648,0.19492888896004107,17.291444911594283
scale_4.0,1.0,-0.2313916852932179,7.025825825825827,4.0,350,spline_s2,1.0,93,7,7.025825825825827,0.8369741113704683,93.8952826126166
scale_4.0,1.0,-0.2313916852932179,7.025825825825827,4.0,350,spline_s2,1.0,93,12,7.7955955955955964,0.23451292265150095,12.219099457801406
scale_4.0,1.0,-0.2313916852932179,7.025825825825827,4.0,350,spline_s2,1.0,94,7,7.025825825825827,0.9162353189747012,114.5783398005224
scale_4.0,1.0,-0.2313916852932179,7.025825825825827,4.0,350,spline_s2,1.0,94,12,7.872572572572574,0.25238165786444244,16.031901192371777
scale_4.0,1.0,-0.2313916852932179,7.025825825825827,4.0,350,spline_s2,1.0,95,7,7.025825825825827,0.9977019852831828,136.73879468705604
scale_4.0,1.0,-0.2313916852932179,7.025825825825827,4.0,350,spline_s2,1.0,95,12,7.94954954954955,0.3057460689886869,24.833044461182737
scale_4.0,1.0,-0.2313916852932179,7.025825825825827,4.0,350,spline_s2,1.0,96,7,7.256756756756758,0.8707612627913669,108.6850620589089
scale_4.0,1.0,-0.2313916852932179,7.025825825825827,4.0,350,spline_s2,1.0,96,12,8.026526526526528,0.26729652266547904,21.33281715901353
scale_4.0,1.0,-0.2313916852932179,7.025825825825827,4.0,350,spline_s2,1.0,97,7,7.102802802802804,0.8505622603407615,98.59281836260351
scale_4.0,1.0,-0.2313916852932179,7.025825825825827,4.0,350,spline_s2,1.0,97,12,10.335835835835837,0.23948204291988964,13.320630918229028
scale_4.0,1.0,-0.2313916852932179,7.025825825825827,4.0,350,spline_s2,1.0,98,7,7.102802802802804,0.9863571894919042,133.9490217024944
scale_4.0,1.0,-0.2313916852932179,7.025825825825827,4.0,350,spline_s2,1.0,98,12,10.720720720720722,0.20160322285784277,14.114232961176299
scale_4.0,1.0,-0.2313916852932179,7.025825825825827,4.0,350,spline_s2,1.0,99,7,7.025825825825827,0.7722339425451895,80.1871137002812
scale_4.0,1.0,-0.2313916852932179,7.025825825825827,4.0,350,spline_s2,1.0,99,12,8.026526526526528,0.20065800133217465,11.447395368204809
bins_175,1.0,-0.2313916852932179,7.025825825825827,1.0,175,spline_s2,0,0,7,54.366666666666674,0.11676313799961248,7.0406944475546
bins_175,1.0,-0.2313916852932179,7.025825825825827,1.0,175,spline_s2,0,0,12,56.52202202202203,0.04458965554811267,6.950304685588264
bins_175,1.0,-0.2313916852932179,7.025825825825827,1.0,175,spline_s2,0,1,7,71.84044044044045,0.09522723059052911,8.47934273573874
bins_175,1.0,-0.2313916852932179,7.025825825825827,1.0,175,spline_s2,0,1,12,71.76346346346347,0.047340853318587,8.988720103253158
bins_175,1.0,-0.2313916852932179,7.025825825825827,1.0,175,spline_s2,0,2,7,68.83833833833835,0.08028156856840868,10.822991519426282
bins_175,1.0,-0.2313916852932179,7.025825825825827,1.0,175,spline_s2,0,2,12,68.83833833833835,0.0300172384627211,11.167915228352456
bins_175,1.0,-0.2313916852932179,7.025825825825827,1.0,175,spline_s2,0,3,7,73.45695695695696,0.14338790066186785,10.073937892174627
bins_175,1.0,-0.2313916852932179,7.025825825825827,1.0,175,spline_s2,0,3,12,73.37997997997998,0.13201454117427144,10.420816923861963
bins_175,1.0,-0.2313916852932179,7.025825825825827,1.0,175,spline_s2,0,4,7,59.985985985986,0.0507077917273467,11.66237263536425
bins_175,1.0,-0.2313916852932179,7.025825825825827,1.0,175,spline_s2,0,4,12,59.985985985986,0.054412770339353676,11.333757081176174
bins_175,1.0,-0.2313916852932179,7.025825825825827,1.0,175,spline_s2,0,5,7,36.8928928928929,0.05246091516129443,9.270812537095708
bins_175,1.0,-0.2313916852932179,7.025825825825827,1.0,175,spline_s2,0,5,12,36.8928928928929,0.03974302212076895,9.687297173513272
bins_175,1.0,-0.2313916852932179,7.025825825825827,1.0,175,spline_s2,0,6,7,41.43453453453454,0.09017011955500101,5.73333805081127
bins_175,1.0,-0.2313916852932179,7.025825825825827,1.0,175,spline_s2,0,6,12,41.43453453453454,0.09015539916578565,6.599556319129817
bins_175,1.0,-0.2313916852932179,7.025825825825827,1.0,175,spline_s2,0,7,7,40.048948948948954,0.04011722124987953,7.324484071834604
bins_175,1.0,-0.2313916852932179,7.025825825825827,1.0,175,spline_s2,0,7,12,40.048948948948954,0.08961929393659242,7.54123836607765
bins_175,1.0,-0.2313916852932179,7.025825825825827,1.0,175,spline_s2,0,8,7,32.58218218218219,0.07792400333865626,10.09784794917158
bins_175,1.0,-0.2313916852932179,7.025825825825827,1.0,175,spline_s2,0,8,12,32.58218218218219,0.06892193657918391,9.653873412864499
bins_175,1.0,-0.2313916852932179,7.025825825825827,1.0,175,spline_s2,0,9,7,60.52482482482483,0.13279000413252331,13.142914428163579
bins_175,1.0,-0.2313916852932179,7.025825825825827,1.0,175,spline_s2,0,9,12,60.60180180180181,0.09938618822762542,12.599698068350008
bins_175,1.0,-0.2313916852932179,7.025825825825827,1.0,175,spline_s2,0,10,7,67.45275275275276,0.08419373921508834,9.940090660717374
bins_175,1.0,-0.2313916852932179,7.025825825825827,1.0,175,spline_s2,0,10,12,67.45275275275276,0.06340553912190179,9.233233420267112
bins_175,1.0,-0.2313916852932179,7.025825825825827,1.0,175,spline_s2,0,11,7,55.36736736736738,0.11320429092305803,16.743395737070756
bins_175,1.0,-0.2313916852932179,7.025825825825827,1.0,175,spline_s2,0,11,12,55.36736736736738,0.09850325109145326,16.782929443174368
bins_175,1.0,-0.2313916852932179,7.025825825825827,1.0,175,spline_s2,0,12,7,32.351251251251256,0.33939625277800867,9.217846915384541
bins_175,1.0,-0.2313916852932179,7.025825825825827,1.0,175,spline_s2,0,12,12,32.351251251251256,0.1650354139196122,8.752243884577638
bins_175,1.0,-0.2313916852932179,7.025825825825827,1.0,175,spline_s2,0,13,7,73.07207207207207,0.1546161662720533,16.788449497744793
bins_175,1.0,-0.2313916852932179,7.025825825825827,1.0,175,spline_s2,0,13,12,73.07207207207207,0.10875177515761074,15.724607171536377
bins_175,1.0,-0.2313916852932179,7.025825825825827,1.0,175,spline_s2,0,14,7,11.02862862862863,0.15349685875232832,11.529434680740906
bins_175,1.0,-0.2313916852932179,7.025825825825827,1.0,175,spline_s2,0,14,12,11.182582582582583,0.06198515551673129,7.9549278497759985
bins_175,1.0,-0.2313916852932179,7.025825825825827,1.0,175,spline_s2,0,15,7,70.91671671671672,0.18134406704880146,12.454697928280893
bins_175,1.0,-0.2313916852932179,7.025825825825827,1.0,175,spline_s2,0,15,12,74.14974974974976,0.08192620643631596,12.758864514997427
bins_175,1.0,-0.2313916852932179,7.025825825825827,1.0,175,spline_s2,0,16,7,45.206406406406415,0.17167753027890464,10.2970941363116
bins_175,1.0,-0.2313916852932179,7.025825825825827,1.0,175,spline_s2,0,16,12,45.129429429429436,0.13263301011807044,10.299299383188384
bins_175,1.0,-0.2313916852932179,7.025825825825827,1.0,175,spline_s2,0,17,7,58.21551551551553,0.26008882967837776,13.534868175662552
bins_175,1.0,-0.2313916852932179,7.025825825825827,1.0,175,spline_s2,0,17,12,58.06156156156157,0.08050233357912691,13.007836701882127
bins_175,1.0,-0.2313916852932179,7.025825825825827,1.0,175,spline_s2,0,18,7,19.72702702702703,0.18656783201207605,11.784773903757127
bins_175,1.0,-0.2313916852932179,7.025825825825827,1.0,175,spline_s2,0,18,12,27.886586586586592,0.1531968364421125,11.307404871409915
bins_175,1.0,-0.2313916852932179,7.025825825825827,1.0,175,spline_s2,0,19,7,43.51291291291292,0.09927308714247232,7.204826726455252
bins_175,1.0,-0.2313916852932179,7.025825825825827,1.0,175,spline_s2,0,19,12,10.720720720720722,0.10730351383667736,7.014523273804599
bins_175,1.0,-0.2313916852932179,7.025825825825827,1.0,175,spline_s2,0,20,7,65.14344344344345,0.12948906604336158,8.326125546653074
bins_175,1.0,-0.2313916852932179,7.025825825825827,1.0,175,spline_s2,0,20,12,65.14344344344345,0.11336119281424017,7.320813636293138
bins_175,1.0,-0.2313916852932179,7.025825825825827,1.0,175,spline_s2,0,21,7,36.27707707707708,0.12765305093384338,12.22872671850358
bins_175,1.0,-0.2313916852932179,7.025825825825827,1.0,175,spline_s2,0,21,12,36.27707707707708,0.06383507359359758,11.653987867978202
bins_175,1.0,-0.2313916852932179,7.025825825825827,1.0,175,spline_s2,0,22,7,74.14974974974976,0.040504952579576856,9.456286604731332
bins_175,1.0,-0.2313916852932179,7.025825825825827,1.0,175,spline_s2,0,22,12,74.22672672672672,0.02834124904736352,9.7327793774069
bins_175,1.0,-0.2313916852932179,7.025825825825827,1.0,175,spline_s2,0,23,7,50.90270270270271,0.08002186140943343,12.373374250589023
bins_175,1.0,-0.2313916852932179,7.025825825825827,1.0,175,spline_s2,0,23,12,50.90270270270271,0.04667067085250331,12.293985675017069
bins_175,1.0,-0.2313916852932179,7.025825825825827,1.0,175,spline_s2,0,24,7,66.91391391391392,0.07269692962794305,12.531911643699331
bins_175,1.0,-0.2313916852932179,7.025825825825827,1.0,175,spline_s2,0,24,12,66.83693693693695,0.09289732401616668,11.900082324551434
bins_175,1.0,-0.2313916852932179,7.025825825825827,1.0,175,spline_s2,0,25,7,29.503103103103108,0.08690773199874596,10.757018143746379
bins_175,1.0,-0.2313916852932179,7.025825825825827,1.0,175,spline_s2,0,25,12,29.503103103103108,0.057771294120019516,9.988525357763706
bins_175,1.0,-0.2313916852932179,7.025825825825827,1.0,175,spline_s2,0,26,7,67.14484484484485,0.05346001094897762,8.580746813596349
bins_175,1.0,-0.2313916852932179,7.025825825825827,1.0,175,spline_s2,0,26,12,67.14484484484485,0.08609036033824925,8.654205814832864
bins_175,1.0,-0.2313916852932179,7.025825825825827,1.0,175,spline_s2,0,27,7,8.950250250250251,0.10515910471613657,8.366777752667375
bins_175,1.0,-0.2313916852932179,7.025825825825827,1.0,175,spline_s2,0,27,12,51.210610610610615,0.0949024532282309,6.306969160561422
bins_175,1.0,-0.2313916852932179,7.025825825825827,1.0,175,spline_s2,0,28,7,50.2868868868869,0.080560598130134,9.255995919985423
bins_175,1.0,-0.2313916852932179,7.025825825825827,1.0,175,spline_s2,0,28,12,50.2868868868869,0.0406858229803991,9.609274379424477
bins_175,1.0,-0.2313916852932179,7.025825825825827,1.0,175,spline_s2,0,29,7,31.50450450450451,0.17694653137382976,7.9363875429785224
bins_175,1.0,-0.2313916852932179,7.025825825825827,1.0,175,spline_s2,0,29,12,31.50450450450451,0.053052573209834024,8.117019430049055
bins_175,1.0,-0.2313916852932179,7.025825825825827,1.0,175,spline_s2,0,30,7,50.20990990990992,0.14548913015057455,8.083055464493441
bins_175,1.0,-0.2313916852932179,7.025825825825827,1.0,175,spline_s2,0,30,12,50.13293293293294,0.03570217541145667,8.46851482154635
bins_175,1.0,-0.2313916852932179,7.025825825825827,1.0,175,spline_s2,0,31,7,13.030030030030032,0.15620522242183135,7.131769648476535
bins_175,1.0,-0.2313916852932179,7.025825825825827,1.0,175,spline_s2,0,31,12,56.2910910910911,0.08953524467797148,6.779041766425877
bins_175,1.0,-0.2313916852932179,7.025825825825827,1.0,175,spline_s2,0,32,7,77.38278278278278,0.28304931071290784,9.763181957824088
bins_175,1.0,-0.2313916852932179,7.025825825825827,1.0,175,spline_s2,0,32,12,77.38278278278278,0.14356999084891736,9.828749937586394
bins_175,1.0,-0.2313916852932179,7.025825825825827,1.0,175,spline_s2,0,33,7,63.06506506506508,0.11867206359581392,8.126879545996104
bins_175,1.0,-0.2313916852932179,7.025825825825827,1.0,175,spline_s2,0,33,12,62.9880880880881,0.12659627995551995,7.996146494721302
bins_175,1.0,-0.2313916852932179,7.025825825825827,1.0,175,spline_s2,0,34,7,27.193793793793798,0.20453961807482854,7.650322629460504
bins_175,1.0,-0.2313916852932179,7.025825825825827,1.0,175,spline_s2,0,34,12,27.193793793793798,0.08684692267741684,7.690777754269661
bins_175,1.0,-0.2313916852932179,7.025825825825827,1.0,175,spline_s2,0,35,7,19.034234234234237,0.15675886565275376,8.009265593925875
bins_175,1.0,-0.2313916852932179,7.025825825825827,1.0,175,spline_s2,0,35,12,19.26516516516517,0.11537266896997268,7.041076781667726
bins_175,1.0,-0.2313916852932179,7.025825825825827,1.0,175,spline_s2,0,36,7,49.978978978978986,0.1958995601780529,13.06405895594554
bins_175,1.0,-0.2313916852932179,7.025825825825827,1.0,175,spline_s2,0,36,12,49.90200200200201,0.021573147135199783,12.446789172721637
bins_175,1.0,-0.2313916852932179,7.025825825825827,1.0,175,spline_s2,0,37,7,28.117517517517523,0.24965132517477956,9.072642869249137
bins_175,1.0,-0.2313916852932179,7.025825825825827,1.0,175,spline_s2,0,37,12,25.34634634634635,0.09929015295960607,8.634625703559095
bins_175,1.0,-0.2313916852932179,7.025825825825827,1.0,175,spline_s2,0,38,7,50.90270270270271,0.11664046344154667,7.722168777726793
bins_175,1.0,-0.2313916852932179,7.025825825825827,1.0,175,spline_s2,0,38,12,29.96496496496497,0.044828781932559514,9.27134685197008
bins_175,1.0,-0.2313916852932179,7.025825825825827,1.0,175,spline_s2,0,39,7,16.263063063063065,0.02158081537073927,6.592653858539364
bins_175,1.0,-0.2313916852932179,7.025825825825827,1.0,175,spline_s2,0,39,12,31.427527527527534,0.04273466113920113,7.114940961617847
bins_175,1.0,-0.2313916852932179,7.025825825825827,1.0,175,spline_s2,0,40,7,65.60530530530531,0.21559659409155432,11.99823809461185
bins_175,1.0,-0.2313916852932179,7.025825825825827,1.0,175,spline_s2,0,40,12,65.60530530530531,0.18117066197328435,11.79345568500969
bins_175,1.0,-0.2313916852932179,7.025825825825827,1.0,175,spline_s2,0,41,7,15.724224224224226,0.053970363022903325,10.478214088560946
bins_175,1.0,-0.2313916852932179,7.025825825825827,1.0,175,spline_s2,0,41,12,18.11051051051051,0.06938797753469449,10.167402084810988
bins_175,1.0,-0.2313916852932179,7.025825825825827,1.0,175,spline_s2,0,42,7,44.898498498498505,0.18649704220192348,13.248114588544183
bins_175,1.0,-0.2313916852932179,7.025825825825827,1.0,175,spline_s2,0,42,12,44.975475475475484,0.039905667157491144,12.05466703733299
bins_175,1.0,-0.2313916852932179,7.025825825825827,1.0,175,spline_s2,0,43,7,64.06576576576578,0.0903275811002798,11.200000524234127
bins_175,1.0,-0.2313916852932179,7.025825825825827,1.0,175,spline_s2,0,43,12,64.06576576576578,0.0397040986949871,11.053373221739832
bins_175,1.0,-0.2313916852932179,7.025825825825827,1.0,175,spline_s2,0,44,7,76.53603603603604,0.0783030227046418,8.685793927140622
bins_175,1.0,-0.2313916852932179,7.025825825825827,1.0,175,spline_s2,0,44,12,76.45905905905906,0.15042405828782465,8.578151873356944
bins_175,1.0,-0.2313916852932179,7.025825825825827,1.0,175,spline_s2,0,45,7,73.45695695695696,0.1716679800409425,10.049188954308164
bins_175,1.0,-0.2313916852932179,7.025825825825827,1.0,175,spline_s2,0,45,12,73.53393393393394,0.0840527009358549,9.93308035325984
bins_175,1.0,-0.2313916852932179,7.025825825825827,1.0,175,spline_s2,0,46,7,49.13223223223224,0.14476098090534975,7.74122092896225
bins_175,1.0,-0.2313916852932179,7.025825825825827,1.0,175,spline_s2,0,46,12,49.20920920920922,0.061012093905666004,7.7482775980599
bins_175,1.0,-0.2313916852932179,7.025825825825827,1.0,175,spline_s2,0,47,7,32.89009009009009,0.16667362782656345,11.05910873965533
bins_175,1.0,-0.2313916852932179,7.025825825825827,1.0,175,spline_s2,0,47,12,62.91111111111112,0.09087484904547845,9.65406664850022
bins_175,1.0,-0.2313916852932179,7.025825825825827,1.0,175,spline_s2,0,48,7,9.873973973973975,0.1272499450043367,12.218981209512492
bins_175,1.0,-0.2313916852932179,7.025825825825827,1.0,175,spline_s2,0,48,12,66.06716716716717,0.0383159693124562,10.550775537725315
bins_175,1.0,-0.2313916852932179,7.025825825825827,1.0,175,spline_s2,0,49,7,50.2868868868869,0.20094587783155116,10.59432638849529
bins_175,1.0,-0.2313916852932179,7.025825825825827,1.0,175,spline_s2,0,49,12,57.21481481481482,0.06931906550587293,10.519814275349376
bins_175,1.0,-0.2313916852932179,7.025825825825827,1.0,175,spline_s2,0,50,7,71.07067067067068,0.1276501879267628,8.743049239693178
bins_175,1.0,-0.2313916852932179,7.025825825825827,1.0,175,spline_s2,0,50,12,71.22462462462462,0.08088854206322124,8.414959148365256
bins_175,1.0,-0.2313916852932179,7.025825825825827,1.0,175,spline_s2,0,51,7,56.98388388388389,0.04617303953483729,9.74742930585198
bins_175,1.0,-0.2313916852932179,7.025825825825827,1.0,175,spline_s2,0,51,12,56.90690690690692,0.006470404692037895,9.717883603579423
bins_175,1.0,-0.2313916852932179,7.025825825825827,1.0,175,spline_s2,0,52,7,53.59689689689691,0.1319999158272914,6.751875942161021
bins_175,1.0,-0.2313916852932179,7.025825825825827,1.0,175,spline_s2,0,52,12,53.67387387387388,0.09195726329963184,6.8041680045416655
bins_175,1.0,-0.2313916852932179,7.025825825825827,1.0,175,spline_s2,0,53,7,35.35335335335336,0.11390173616776035,6.967918849140133
bins_175,1.0,-0.2313916852932179,7.025825825825827,1.0,175,spline_s2,0,53,12,28.656356356356362,0.06901162159104222,7.199512085092408
bins_175,1.0,-0.2313916852932179,7.025825825825827,1.0,175,spline_s2,0,54,7,61.52552552552554,0.047974009284220395,14.108137994138659
bins_175,1.0,-0.2313916852932179,7.025825825825827,1.0,175,spline_s2,0,54,12,61.52552552552554,0.040853488189090556,13.74356886597026
bins_175,1.0,-0.2313916852932179,7.025825825825827,1.0,175,spline_s2,0,55,7,75.92022022022023,0.25904120097343664,11.56205307759086
bins_175,1.0,-0.2313916852932179,7.025825825825827,1.0,175,spline_s2,0,55,12,75.84324324324325,0.15907453232919982,12.546021140440772
bins_175,1.0,-0.2313916852932179,7.025825825825827,1.0,175,spline_s2,0,56,7,65.75925925925927,0.0751085711954336,11.300153891615224
bins_175,1.0,-0.2313916852932179,7.025825825825827,1.0,175,spline_s2,0,56,12,65.60530530530531,0.09602200352825274,11.975892711284587
bins_175,1.0,-0.2313916852932179,7.025825825825827,1.0,175,spline_s2,0,57,7,64.2966966966967,0.17048955149311748,6.228297516484346
bins_175,1.0,-0.2313916852932179,7.025825825825827,1.0,175,spline_s2,0,57,12,64.21971971971972,0.11208810746524987,6.206950097107921
bins_175,1.0,-0.2313916852932179,7.025825825825827,1.0,175,spline_s2,0,58,7,63.75785785785787,0.1276195615615281,13.483317298781273
bins_175,1.0,-0.2313916852932179,7.025825825825827,1.0,175,spline_s2,0,58,12,63.834834834834844,0.0367184423539296,13.680187070217812
bins_175,1.0,-0.2313916852932179,7.025825825825827,1.0,175,spline_s2,0,59,7,70.22392392392393,0.055745440101703965,10.86054107445132
bins_175,1.0,-0.2313916852932179,7.025825825825827,1.0,175,spline_s2,0,59,12,70.3009009009009,0.08923399572154805,10.182991402564355
bins_175,1.0,-0.2313916852932179,7.025825825825827,1.0,175,spline_s2,0,60,7,59.985985985986,0.20949877329433336,9.57569959447656
bins_175,1.0,-0.2313916852932179,7.025825825825827,1.0,175,spline_s2,0,60,12,59.90900900900902,0.08573304162669991,10.13323283362162
bins_175,1.0,-0.2313916852932179,7.025825825825827,1.0,175,spline_s2,0,61,7,17.571671671671673,0.061619977002358536,8.354636671461805
bins_175,1.0,-0.2313916852932179,7.025825825825827,1.0,175,spline_s2,0,61,12,17.41771771771772,0.022558398595940016,8.84618118321086
bins_175,1.0,-0.2313916852932179,7.025825825825827,1.0,175,spline_s2,0,62,7,33.582882882882885,0.17132989625242662,9.897647997529361
bins_175,1.0,-0.2313916852932179,7.025825825825827,1.0,175,spline_s2,0,62,12,33.582882882882885,0.010005414593795486,9.725802998289339
bins_175,1.0,-0.2313916852932179,7.025825825825827,1.0,175,spline_s2,0,63,7,31.350550550550555,0.08774907887968067,9.539024601304732
bins_175,1.0,-0.2313916852932179,7.025825825825827,1.0,175,spline_s2,0,63,12,69.30020020020021,0.0387116252780132,9.680958942353513
bins_175,1.0,-0.2313916852932179,7.025825825825827,1.0,175,spline_s2,0,64,7,35.58428428428429,0.03849378134292025,7.224207189490201
bins_175,1.0,-0.2313916852932179,7.025825825825827,1.0,175,spline_s2,0,64,12,35.66126126126127,0.03233187016209411,8.015904699359695
bins_175,1.0,-0.2313916852932179,7.025825825825827,1.0,175,spline_s2,0,65,7,49.517117117117124,0.32084858271236294,8.995066786733645
bins_175,1.0,-0.2313916852932179,7.025825825825827,1.0,175,spline_s2,0,65,12,49.517117117117124,0.18605616392625757,8.235788550298707
bins_175,1.0,-0.2313916852932179,7.025825825825827,1.0,175,spline_s2,0,66,7,48.131531531531536,0.13446987382182407,18.23772738298109
bins_175,1.0,-0.2313916852932179,7.025825825825827,1.0,175,spline_s2,0,66,12,48.054554554554564,0.04889175973302286,15.694734052060625
bins_175,1.0,-0.2313916852932179,7.025825825825827,1.0,175,spline_s2,0,67,7,21.420520520520526,0.013197729886518416,8.17715129713281
bins_175,1.0,-0.2313916852932179,7.025825825825827,1.0,175,spline_s2,0,67,12,74.61161161161162,0.019618309658173762,7.753814694263383
bins_175,1.0,-0.2313916852932179,7.025825825825827,1.0,175,spline_s2,0,68,7,49.13223223223224,0.07582204882957405,9.402459403136575
bins_175,1.0,-0.2313916852932179,7.025825825825827,1.0,175,spline_s2,0,68,12,49.05525525525526,0.01810201104937344,8.799130761160399
bins_175,1.0,-0.2313916852932179,7.025825825825827,1.0,175,spline_s2,0,69,7,49.748048048048055,0.22180300767925726,9.731724976123985
bins_175,1.0,-0.2313916852932179,7.025825825825827,1.0,175,spline_s2,0,69,12,49.748048048048055,0.09926603332616758,8.83288506793457
bins_175,1.0,-0.2313916852932179,7.025825825825827,1.0,175,spline_s2,0,70,7,48.5933933933934,0.18326575796252037,6.541147724405022
bins_175,1.0,-0.2313916852932179,7.025825825825827,1.0,175,spline_s2,0,70,12,48.516416416416426,0.14768160081994458,6.456765506662734
bins_175,1.0,-0.2313916852932179,7.025825825825827,1.0,175,spline_s2,0,71,7,42.51221221221222,0.3090543561543992,11.451680872815416
bins_175,1.0,-0.2313916852932179,7.025825825825827,1.0,175,spline_s2,0,71,12,42.5891891891892,0.16354941783401386,11.734926853718434
bins_175,1.0,-0.2313916852932179,7.025825825825827,1.0,175,spline_s2,0,72,7,71.76346346346347,0.14078147529969495,11.746066153373988
bins_175,1.0,-0.2313916852932179,7.025825825825827,1.0,175,spline_s2,0,72,12,71.76346346346347,0.07708062358145197,11.416352970718833
bins_175,1.0,-0.2313916852932179,7.025825825825827,1.0,175,spline_s2,0,73,7,10.335835835835837,0.026679648806909404,10.827596831926513
bins_175,1.0,-0.2313916852932179,7.025825825825827,1.0,175,spline_s2,0,73,12,10.412812812812813,0.09244089127033625,9.510600835130944
bins_175,1.0,-0.2313916852932179,7.025825825825827,1.0,175,spline_s2,0,74,7,26.731931931931936,0.14384032965125487,9.040920368196637
bins_175,1.0,-0.2313916852932179,7.025825825825827,1.0,175,spline_s2,0,74,12,78.46046046046047,0.03720671870392811,8.35198045458553
bins_175,1.0,-0.2313916852932179,7.025825825825827,1.0,175,spline_s2,0,75,7,43.589889889889896,0.11720666243563123,10.949691230431469
bins_175,1.0,-0.2313916852932179,7.025825825825827,1.0,175,spline_s2,0,75,12,43.589889889889896,0.08684388488385285,11.715671822735573
bins_175,1.0,-0.2313916852932179,7.025825825825827,1.0,175,spline_s2,0,76,7,66.22112112112113,0.14628868702260814,9.908657689195422
bins_175,1.0,-0.2313916852932179,7.025825825825827,1.0,175,spline_s2,0,76,12,66.22112112112113,0.10944046162671771,9.474723408849812
bins_175,1.0,-0.2313916852932179,7.025825825825827,1.0,175,spline_s2,0,77,7,50.2868868868869,0.10255952339503392,8.257831871422766
bins_175,1.0,-0.2313916852932179,7.025825825825827,1.0,175,spline_s2,0,77,12,50.36386386386387,0.09075834142755336,8.951284768837226
bins_175,1.0,-0.2313916852932179,7.025825825825827,1.0,175,spline_s2,0,78,7,42.43523523523524,0.11169302696330911,11.396391639152611
bins_175,1.0,-0.2313916852932179,7.025825825825827,1.0,175,spline_s2,0,78,12,42.43523523523524,0.06400469817332012,11.062878095422477
bins_175,1.0,-0.2313916852932179,7.025825825825827,1.0,175,spline_s2,0,79,7,45.206406406406415,0.17169231968680443,7.650900435874533
bins_175,1.0,-0.2313916852932179,7.025825825825827,1.0,175,spline_s2,0,79,12,45.206406406406415,0.14161374683557812,7.537908178491918
bins_175,1.0,-0.2313916852932179,7.025825825825827,1.0,175,spline_s2,0,80,7,63.29599599599601,0.06956593935394867,8.49606771636661
bins_175,1.0,-0.2313916852932179,7.025825825825827,1.0,175,spline_s2,0,80,12,63.37297297297298,0.04243172492578391,8.166524179202312
bins_175,1.0,-0.2313916852932179,7.025825825825827,1.0,175,spline_s2,0,81,7,70.3009009009009,0.2509407213791999,8.055854179877599
bins_175,1.0,-0.2313916852932179,7.025825825825827,1.0,175,spline_s2,0,81,12,70.37787787787788,0.12280639773294211,8.257417042645159
bins_175,1.0,-0.2313916852932179,7.025825825825827,1.0,175,spline_s2,0,82,7,38.97127127127128,0.2089762554122785,8.680603760970754
bins_175,1.0,-0.2313916852932179,7.025825825825827,1.0,175,spline_s2,0,82,12,38.663363363363366,0.0054884874408145275,8.032718264116681
bins_175,1.0,-0.2313916852932179,7.025825825825827,1.0,175,spline_s2,0,83,7,39.04824824824826,0.022319821019323213,9.214329795469496
bins_175,1.0,-0.2313916852932179,7.025825825825827,1.0,175,spline_s2,0,83,12,62.526226226226235,0.021554750530437657,8.788824474547255
bins_175,1.0,-0.2313916852932179,7.025825825825827,1.0,175,spline_s2,0,84,7,30.96566566566567,0.061340854641776736,7.701834731001966
bins_175,1.0,-0.2313916852932179,7.025825825825827,1.0,175,spline_s2,0,84,12,30.888688688688696,0.03689751198634497,7.885493245979987
bins_175,1.0,-0.2313916852932179,7.025825825825827,1.0,175,spline_s2,0,85,7,73.6878878878879,0.07444202423681982,15.202240314954992
bins_175,1.0,-0.2313916852932179,7.025825825825827,1.0,175,spline_s2,0,85,12,73.6878878878879,0.052941272320182337,15.495383439239532
bins_175,1.0,-0.2313916852932179,7.025825825825827,1.0,175,spline_s2,0,86,7,61.83343343343344,0.07000621587424144,9.666062896658403
bins_175,1.0,-0.2313916852932179,7.025825825825827,1.0,175,spline_s2,0,86,12,61.91041041041042,0.08009713641217561,10.06096364026915
bins_175,1.0,-0.2313916852932179,7.025825825825827,1.0,175,spline_s2,0,87,7,19.957957957957962,0.1876761147533026,11.679226760297368
bins_175,1.0,-0.2313916852932179,7.025825825825827,1.0,175,spline_s2,0,87,12,19.957957957957962,0.09482359039310045,11.372232595511804
bins_175,1.0,-0.2313916852932179,7.025825825825827,1.0,175,spline_s2,0,88,7,68.45345345345346,0.04650075698868054,6.366035962728489
bins_175,1.0,-0.2313916852932179,7.025825825825827,1.0,175,spline_s2,0,88,12,18.18748748748749,0.02605507683632477,6.168482060508623
bins_175,1.0,-0.2313916852932179,7.025825825825827,1.0,175,spline_s2,0,89,7,11.25955955955956,0.14643492075415698,8.986386141872742
bins_175,1.0,-0.2313916852932179,7.025825825825827,1.0,175,spline_s2,0,89,12,11.336536536536537,0.03517005234956862,8.496334414484181
bins_175,1.0,-0.2313916852932179,7.025825825825827,1.0,175,spline_s2,0,90,7,66.91391391391392,0.18486669852017093,11.655659108195067
bins_175,1.0,-0.2313916852932179,7.025825825825827,1.0,175,spline_s2,0,90,12,66.91391391391392,0.0888416336359645,11.278644181357492
bins_175,1.0,-0.2313916852932179,7.025825825825827,1.0,175,spline_s2,0,91,7,37.35475475475476,0.03453768590561499,13.26197314298156
bins_175,1.0,-0.2313916852932179,7.025825825825827,1.0,175,spline_s2,0,91,12,37.43173173173174,0.03326123356352011,11.756150462707836
bins_175,1.0,-0.2313916852932179,7.025825825825827,1.0,175,spline_s2,0,92,7,8.411411411411413,0.020716682120437403,6.450447745371235
bins_175,1.0,-0.2313916852932179,7.025825825825827,1.0,175,spline_s2,0,92,12,80.0,0.1101706293730336,5.127655550816542
bins_175,1.0,-0.2313916852932179,7.025825825825827,1.0,175,spline_s2,0,93,7,14.107707707707709,0.16341641651174277,15.937811557402327
bins_175,1.0,-0.2313916852932179,7.025825825825827,1.0,175,spline_s2,0,93,12,14.184684684684687,0.11985556037368246,13.796787810683583
bins_175,1.0,-0.2313916852932179,7.025825825825827,1.0,175,spline_s2,0,94,7,38.586386386386394,0.17403361486964936,10.376760854835453
bins_175,1.0,-0.2313916852932179,7.025825825825827,1.0,175,spline_s2,0,94,12,38.509409409409415,0.122840338030921,9.507774315213425
bins_175,1.0,-0.2313916852932179,7.025825825825827,1.0,175,spline_s2,0,95,7,26.501001001001004,0.05035212849795646,11.348391004718309
bins_175,1.0,-0.2313916852932179,7.025825825825827,1.0,175,spline_s2,0,95,12,26.42402402402403,0.06642915845629131,11.527153994623546
bins_175,1.0,-0.2313916852932179,7.025825825825827,1.0,175,spline_s2,0,96,7,72.76416416416417,0.1628855699078756,13.870029474892902
bins_175,1.0,-0.2313916852932179,7.025825825825827,1.0,175,spline_s2,0,96,12,72.76416416416417,0.15005400463628898,13.551183579206452
bins_175,1.0,-0.2313916852932179,7.025825825825827,1.0,175,spline_s2,0,97,7,65.60530530530531,0.1122266368520735,4.6466030464156205
bins_175,1.0,-0.2313916852932179,7.025825825825827,1.0,175,spline_s2,0,97,12,65.60530530530531,0.10572444269164384,4.524602857473113
bins_175,1.0,-0.2313916852932179,7.025825825825827,1.0,175,spline_s2,0,98,7,21.651451451451454,0.13600547253791861,7.8364062929280465
bins_175,1.0,-0.2313916852932179,7.025825825825827,1.0,175,spline_s2,0,98,12,69.53113113113113,0.11427577960701425,7.845360415697172
bins_175,1.0,-0.2313916852932179,7.025825825825827,1.0,175,spline_s2,0,99,7,31.50450450450451,0.08102652635838506,9.777047055790547
bins_175,1.0,-0.2313916852932179,7.025825825825827,1.0,175,spline_s2,0,99,12,31.50450450450451,0.05560637828980512,9.741436148682979
bins_175,1.0,-0.2313916852932179,7.025825825825827,1.0,175,spline_s2,1.0,0,7,7.17977977977978,0.5635340280816434,22.620392897804777
bins_175,1.0,-0.2313916852932179,7.025825825825827,1.0,175,spline_s2,1.0,0,12,79.53813813813814,0.14375020777876707,8.85823850032861
bins_175,1.0,-0.2313916852932179,7.025825825825827,1.0,175,spline_s2,1.0,1,7,6.948848848848849,0.8368030333268349,49.062047652366914
bins_175,1.0,-0.2313916852932179,7.025825825825827,1.0,175,spline_s2,1.0,1,12,51.364564564564574,0.22232381866370657,10.87817552931429
bins_175,1.0,-0.2313916852932179,7.025825825825827,1.0,175,spline_s2,1.0,2,7,7.025825825825827,1.0030382137814517,69.27075153633507
bins_175,1.0,-0.2313916852932179,7.025825825825827,1.0,175,spline_s2,1.0,2,12,8.026526526526528,0.3501427052048722,17.738097465630403
bins_175,1.0,-0.2313916852932179,7.025825825825827,1.0,175,spline_s2,1.0,3,7,7.17977977977978,0.768747310776318,41.97698406908995
bins_175,1.0,-0.2313916852932179,7.025825825825827,1.0,175,spline_s2,1.0,3,12,8.103503503503504,0.326798728517233,17.49054299071753
bins_175,1.0,-0.2313916852932179,7.025825825825827,1.0,175,spline_s2,1.0,4,7,7.025825825825827,0.9893272946234271,66.81504940372244
bins_175,1.0,-0.2313916852932179,7.025825825825827,1.0,175,spline_s2,1.0,4,12,8.103503503503504,0.29017125326705195,13.00216933325305
bins_175,1.0,-0.2313916852932179,7.025825825825827,1.0,175,spline_s2,1.0,5,7,7.17977977977978,0.7678550638258989,40.965494553585515
bins_175,1.0,-0.2313916852932179,7.025825825825827,1.0,175,spline_s2,1.0,5,12,80.0,0.17734292538426064,8.54247226525041
bins_175,1.0,-0.2313916852932179,7.025825825825827,1.0,175,spline_s2,1.0,6,7,7.102802802802804,0.9833586893500423,65.84924126485888
bins_175,1.0,-0.2313916852932179,7.025825825825827,1.0,175,spline_s2,1.0,6,12,10.566766766766769,0.27632099217598366,20.22076362809274
bins_175,1.0,-0.2313916852932179,7.025825825825827,1.0,175,spline_s2,1.0,7,7,7.17977977977978,0.9429678922211967,64.00539267520318
bins_175,1.0,-0.2313916852932179,7.025825825825827,1.0,175,spline_s2,1.0,7,12,8.180480480480481,0.3280238368202493,21.315756239035863
bins_175,1.0,-0.2313916852932179,7.025825825825827,1.0,175,spline_s2,1.0,8,7,7.17977977977978,0.8244755458884289,47.22941661305941
bins_175,1.0,-0.2313916852932179,7.025825825825827,1.0,175,spline_s2,1.0,8,12,7.872572572572574,0.2635292754059847,8.471124650532147
bins_175,1.0,-0.2313916852932179,7.025825825825827,1.0,175,spline_s2,1.0,9,7,6.948848848848849,0.8542824503913221,51.58424172609983
bins_175,1.0,-0.2313916852932179,7.025825825825827,1.0,175,spline_s2,1.0,9,12,7.94954954954955,0.3007679700887078,13.2713858659055
bins_175,1.0,-0.2313916852932179,7.025825825825827,1.0,175,spline_s2,1.0,10,7,7.025825825825827,0.8517625352230348,49.178180083066366
bins_175,1.0,-0.2313916852932179,7.025825825825827,1.0,175,spline_s2,1.0,10,12,31.581481481481486,0.19419626964875655,9.855404630811677
bins_175,1.0,-0.2313916852932179,7.025825825825827,1.0,175,spline_s2,1.0,11,7,6.948848848848849,0.6527806486298161,28.639107831097306
bins_175,1.0,-0.2313916852932179,7.025825825825827,1.0,175,spline_s2,1.0,11,12,26.270070070070076,0.08647812871967682,5.856838569923141
bins_175,1.0,-0.2313916852932179,7.025825825825827,1.0,175,spline_s2,1.0,12,7,7.102802802802804,1.0447176771606228,74.20751138550433
bins_175,1.0,-0.2313916852932179,7.025825825825827,1.0,175,spline_s2,1.0,12,12,46.05315315315316,0.18433979175855605,8.72835365821102
bins_175,1.0,-0.2313916852932179,7.025825825825827,1.0,175,spline_s2,1.0,13,7,7.102802802802804,0.7482965436070079,37.96002469512351
bins_175,1.0,-0.2313916852932179,7.025825825825827,1.0,175,spline_s2,1.0,13,12,53.98178178178179,0.1688411110861277,11.33554959698941
bins_175,1.0,-0.2313916852932179,7.025825825825827,1.0,175,spline_s2,1.0,14,7,7.17977977977978,0.8957959562779502,54.97282787452485
bins_175,1.0,-0.2313916852932179,7.025825825825827,1.0,175,spline_s2,1.0,14,12,10.797697697697698,0.2412779687494823,12.910738023607195
bins_175,1.0,-0.2313916852932179,7.025825825825827,1.0,175,spline_s2,1.0,15,7,7.17977977977978,1.025988733398594,74.03296851664425
bins_175,1.0,-0.2313916852932179,7.025825825825827,1.0,175,spline_s2,1.0,15,12,8.180480480480481,0.27569890922285406,14.913697695369848
bins_175,1.0,-0.2313916852932179,7.025825825825827,1.0,175,spline_s2,1.0,16,7,7.102802802802804,0.8588504159050715,51.6955802239752
bins_175,1.0,-0.2313916852932179,7.025825825825827,1.0,175,spline_s2,1.0,16,12,7.872572572572574,0.2936315035871368,10.537189232165261
bins_175,1.0,-0.2313916852932179,7.025825825825827,1.0,175,spline_s2,1.0,17,7,7.102802802802804,0.8107191540163998,45.380467311926466
bins_175,1.0,-0.2313916852932179,7.025825825825827,1.0,175,spline_s2,1.0,17,12,46.515015015015024,0.16998867150779637,16.881047056681624
bins_175,1.0,-0.2313916852932179,7.025825825825827,1.0,175,spline_s2,1.0,18,7,7.025825825825827,0.7987797043865109,45.532401828391016
bins_175,1.0,-0.2313916852932179,7.025825825825827,1.0,175,spline_s2,1.0,18,12,30.1958958958959,0.23488042679938104,8.920660072688008
bins_175,1.0,-0.2313916852932179,7.025825825825827,1.0,175,spline_s2,1.0,19,7,7.025825825825827,0.8972140640601219,54.658318406786094
bins_175,1.0,-0.2313916852932179,7.025825825825827,1.0,175,spline_s2,1.0,19,12,42.5891891891892,0.16156711974158616,12.8876395534636
bins_175,1.0,-0.2313916852932179,7.025825825825827,1.0,175,spline_s2,1.0,20,7,6.948848848848849,0.9938879088852236,69.60975803275832
bins_175,1.0,-0.2313916852932179,7.025825825825827,1.0,175,spline_s2,1.0,20,12,8.026526526526528,0.31953442357236866,15.744172349228876
bins_175,1.0,-0.2313916852932179,7.025825825825827,1.0,175,spline_s2,1.0,21,7,7.17977977977978,0.9683869151250015,65.98145298886377
bins_175,1.0,-0.2313916852932179,7.025825825825827,1.0,175,spline_s2,1.0,21,12,10.643743743743745,0.2711783525063424,15.83565806457213
bins_175,1.0,-0.2313916852932179,7.025825825825827,1.0,175,spline_s2,1.0,22,7,7.17977977977978,0.8543527321288827,50.52546262362867
bins_175,1.0,-0.2313916852932179,7.025825825825827,1.0,175,spline_s2,1.0,22,12,12.7990990990991,0.31534003523160176,16.91110878531589
bins_175,1.0,-0.2313916852932179,7.025825825825827,1.0,175,spline_s2,1.0,23,7,7.17977977977978,0.6954006195969591,34.29702938940258
bins_175,1.0,-0.2313916852932179,7.025825825825827,1.0,175,spline_s2,1.0,23,12,16.493993993993996,0.2310278246445998,10.765975597273524
bins_175,1.0,-0.2313916852932179,7.025825825825827,1.0,175,spline_s2,1.0,24,7,7.025825825825827,0.8265393412087547,47.44861909286777
bins_175,1.0,-0.2313916852932179,7.025825825825827,1.0,175,spline_s2,1.0,24,12,70.37787787787788,0.22773362009022824,10.108016913311133
bins_175,1.0,-0.2313916852932179,7.025825825825827,1.0,175,spline_s2,1.0,25,7,7.102802802802804,0.8607548454515601,51.72100827336118
bins_175,1.0,-0.2313916852932179,7.025825825825827,1.0,175,spline_s2,1.0,25,12,25.65425425425426,0.23530296498099237,8.51917344731757
bins_175,1.0,-0.2313916852932179,7.025825825825827,1.0,175,spline_s2,1.0,26,7,7.256756756756758,0.7937428581768612,46.46495356977002
bins_175,1.0,-0.2313916852932179,7.025825825825827,1.0,175,spline_s2,1.0,26,12,8.026526526526528,0.315069527162377,13.825519225622628
bins_175,1.0,-0.2313916852932179,7.025825825825827,1.0,175,spline_s2,1.0,27,7,7.256756756756758,0.6380724535716327,29.935723751386774
bins_175,1.0,-0.2313916852932179,7.025825825825827,1.0,175,spline_s2,1.0,27,12,61.60250250250251,0.17936330502279813,11.003837914253438
bins_175,1.0,-0.2313916852932179,7.025825825825827,1.0,175,spline_s2,1.0,28,7,7.025825825825827,0.8124610052082571,46.12878404952596
bins_175,1.0,-0.2313916852932179,7.025825825825827,1.0,175,spline_s2,1.0,28,12,7.94954954954955,0.26064666714176943,10.047785676493973
bins_175,1.0,-0.2313916852932179,7.025825825825827,1.0,175,spline_s2,1.0,29,7,7.025825825825827,0.9468726532853551,63.21971740792654
bins_175,1.0,-0.2313916852932179,7.025825825825827,1.0,175,spline_s2,1.0,29,12,8.026526526526528,0.23402523643968606,9.55722999310693
bins_175,1.0,-0.2313916852932179,7.025825825825827,1.0,175,spline_s2,1.0,30,7,7.102802802802804,0.8755749680126804,52.53314471627925
bins_175,1.0,-0.2313916852932179,7.025825825825827,1.0,175,spline_s2,1.0,30,12,30.50380380380381,0.25083642349372204,12.068461024157898
bins_175,1.0,-0.2313916852932179,7.025825825825827,1.0,175,spline_s2,1.0,31,7,6.948848848848849,1.0949490522622756,84.52989393278949
bins_175,1.0,-0.2313916852932179,7.025825825825827,1.0,175,spline_s2,1.0,31,12,7.94954954954955,0.2782631518478864,11.696159355605772
bins_175,1.0,-0.2313916852932179,7.025825825825827,1.0,175,spline_s2,1.0,32,7,7.333733733733734,0.9822427250546528,72.87764504309726
bins_175,1.0,-0.2313916852932179,7.025825825825827,1.0,175,spline_s2,1.0,32,12,8.334434434434435,0.2308705658380932,12.252586457840508
bins_175,1.0,-0.2313916852932179,7.025825825825827,1.0,175,spline_s2,1.0,33,7,7.102802802802804,0.8762521266067023,52.33301685125042
bins_175,1.0,-0.2313916852932179,7.025825825825827,1.0,175,spline_s2,1.0,33,12,8.103503503503504,0.3044191054517399,15.48582527942321
bins_175,1.0,-0.2313916852932179,7.025825825825827,1.0,175,spline_s2,1.0,34,7,6.948848848848849,0.7487398645315279,39.77863529127717
bins_175,1.0,-0.2313916852932179,7.025825825825827,1.0,175,spline_s2,1.0,34,12,64.60460460460462,0.19975766542313317,14.969507955796018
bins_175,1.0,-0.2313916852932179,7.025825825825827,1.0,175,spline_s2,1.0,35,7,7.102802802802804,1.02446984895896,72.42956404575753
bins_175,1.0,-0.2313916852932179,7.025825825825827,1.0,175,spline_s2,1.0,35,12,8.026526526526528,0.2779664449171148,9.936270976000941
bins_175,1.0,-0.2313916852932179,7.025825825825827,1.0,175,spline_s2,1.0,36,7,7.102802802802804,0.7379422861528958,37.99804418062914
bins_175,1.0,-0.2313916852932179,7.025825825825827,1.0,175,spline_s2,1.0,36,12,58.44644644644646,0.2492022391025013,10.549102192687485
bins_175,1.0,-0.2313916852932179,7.025825825825827,1.0,175,spline_s2,1.0,37,7,7.025825825825827,0.7916154706935192,44.41378027137654
bins_175,1.0,-0.2313916852932179,7.025825825825827,1.0,175,spline_s2,1.0,37,12,64.06576576576578,0.2432570947756264,13.118728033510934
bins_175,1.0,-0.2313916852932179,7.025825825825827,1.0,175,spline_s2,1.0,38,7,7.17977977977978,0.9764800358098449,68.27853791136445
bins_175,1.0,-0.2313916852932179,7.025825825825827,1.0,175,spline_s2,1.0,38,12,73.45695695695696,0.2614659197000926,11.39845033746613
bins_175,1.0,-0.2313916852932179,7.025825825825827,1.0,175,spline_s2,1.0,39,7,7.025825825825827,0.8165170459994434,46.15073167351511
bins_175,1.0,-0.2313916852932179,7.025825825825827,1.0,175,spline_s2,1.0,39,12,17.802602602602605,0.17685376604371353,8.236172581859051
bins_175,1.0,-0.2313916852932179,7.025825825825827,1.0,175,spline_s2,1.0,40,7,7.17977977977978,0.9664775466685932,67.09277104424652
bins_175,1.0,-0.2313916852932179,7.025825825825827,1.0,175,spline_s2,1.0,40,12,8.026526526526528,0.37340400084548,20.93502140776411
bins_175,1.0,-0.2313916852932179,7.025825825825827,1.0,175,spline_s2,1.0,41,7,6.948848848848849,0.6991357900172191,34.11659405731217
bins_175,1.0,-0.2313916852932179,7.025825825825827,1.0,175,spline_s2,1.0,41,12,22.344244244244248,0.17427197991927723,13.048775087630275
bins_175,1.0,-0.2313916852932179,7.025825825825827,1.0,175,spline_s2,1.0,42,7,7.025825825825827,0.8369749086431538,48.429105123390315
bins_175,1.0,-0.2313916852932179,7.025825825825827,1.0,175,spline_s2,1.0,42,12,8.180480480480481,0.24174864854133116,10.72834021289043
bins_175,1.0,-0.2313916852932179,7.025825825825827,1.0,175,spline_s2,1.0,43,7,7.102802802802804,0.7321830584566151,36.43272093543287
bins_175,1.0,-0.2313916852932179,7.025825825825827,1.0,175,spline_s2,1.0,43,12,39.20220220220221,0.23934208092209802,8.576262448418206
bins_175,1.0,-0.2313916852932179,7.025825825825827,1.0,175,spline_s2,1.0,44,7,7.256756756756758,0.812347221621781,47.12473031102235
bins_175,1.0,-0.2313916852932179,7.025825825825827,1.0,175,spline_s2,1.0,44,12,28.040540540540544,0.28791323398522184,11.389491780348663
bins_175,1.0,-0.2313916852932179,7.025825825825827,1.0,175,spline_s2,1.0,45,7,6.871871871871873,0.8893256922835486,57.46278917814804
bins_175,1.0,-0.2313916852932179,7.025825825825827,1.0,175,spline_s2,1.0,45,12,7.872572572572574,0.32103521884700764,13.332417366405437
bins_175,1.0,-0.2313916852932179,7.025825825825827,1.0,175,spline_s2,1.0,46,7,7.025825825825827,0.787594410778618,42.730714008166615
bins_175,1.0,-0.2313916852932179,7.025825825825827,1.0,175,spline_s2,1.0,46,12,12.183283283283284,0.19855719876874695,9.542714008383626
bins_175,1.0,-0.2313916852932179,7.025825825825827,1.0,175,spline_s2,1.0,47,7,7.025825825825827,0.6838079285452523,32.43444094211533
bins_175,1.0,-0.2313916852932179,7.025825825825827,1.0,175,spline_s2,1.0,47,12,52.51921921921923,0.21127823644980454,8.874144765947378
bins_175,1.0,-0.2313916852932179,7.025825825825827,1.0,175,spline_s2,1.0,48,7,7.102802802802804,0.9248564609240462,60.276282054068105
bins_175,1.0,-0.2313916852932179,7.025825825825827,1.0,175,spline_s2,1.0,48,12,8.103503503503504,0.36887379284933985,22.806753044020496
bins_175,1.0,-0.2313916852932179,7.025825825825827,1.0,175,spline_s2,1.0,49,7,7.333733733733734,0.766920968564084,45.61935611187124
bins_175,1.0,-0.2313916852932179,7.025825825825827,1.0,175,spline_s2,1.0,49,12,8.257457457457459,0.2427478796449501,10.1576705061386
bins_175,1.0,-0.2313916852932179,7.025825825825827,1.0,175,spline_s2,1.0,50,7,7.17977977977978,0.7941470943926393,45.00713337901908
bins_175,1.0,-0.2313916852932179,7.025825825825827,1.0,175,spline_s2,1.0,50,12,7.872572572572574,0.2994783934118828,11.389990555657391
bins_175,1.0,-0.2313916852932179,7.025825825825827,1.0,175,spline_s2,1.0,51,7,7.102802802802804,0.8633675074514778,49.36475617670763
bins_175,1.0,-0.2313916852932179,7.025825825825827,1.0,175,spline_s2,1.0,51,12,72.91811811811812,0.13567333541219043,15.681020653292023
bins_175,1.0,-0.2313916852932179,7.025825825825827,1.0,175,spline_s2,1.0,52,7,7.102802802802804,0.9379690279167375,59.34946740671296
bins_175,1.0,-0.2313916852932179,7.025825825825827,1.0,175,spline_s2,1.0,52,12,66.52902902902903,0.2155557600513378,14.730421154936806
bins_175,1.0,-0.2313916852932179,7.025825825825827,1.0,175,spline_s2,1.0,53,7,7.102802802802804,0.6575545956522478,30.799530690129018
bins_175,1.0,-0.2313916852932179,7.025825825825827,1.0,175,spline_s2,1.0,53,12,47.36176176176177,0.17272899709857228,12.170425293149208
bins_175,1.0,-0.2313916852932179,7.025825825825827,1.0,175,spline_s2,1.0,54,7,6.948848848848849,1.2027143028155076,98.70500925999522
bins_175,1.0,-0.2313916852932179,7.025825825825827,1.0,175,spline_s2,1.0,54,12,10.643743743743745,0.28808473193287776,12.781722964178442
bins_175,1.0,-0.2313916852932179,7.025825825825827,1.0,175,spline_s2,1.0,55,7,7.102802802802804,0.8960680945340468,54.75560850273604
bins_175,1.0,-0.2313916852932179,7.025825825825827,1.0,175,spline_s2,1.0,55,12,72.30230230230231,0.11077516148697064,8.277730992735556
bins_175,1.0,-0.2313916852932179,7.025825825825827,1.0,175,spline_s2,1.0,56,7,7.102802802802804,1.0119998045363394,69.98923135852533
bins_175,1.0,-0.2313916852932179,7.025825825825827,1.0,175,spline_s2,1.0,56,12,52.21131131131132,0.20503431314898377,9.45824669961462
bins_175,1.0,-0.2313916852932179,7.025825825825827,1.0,175,spline_s2,1.0,57,7,7.17977977977978,0.9850934412472189,67.2483876897212
bins_175,1.0,-0.2313916852932179,7.025825825825827,1.0,175,spline_s2,1.0,57,12,51.364564564564574,0.2653286846833776,11.933621749923532
bins_175,1.0,-0.2313916852932179,7.025825825825827,1.0,175,spline_s2,1.0,58,7,6.948848848848849,0.7579881499759874,38.986961484233944
bins_175,1.0,-0.2313916852932179,7.025825825825827,1.0,175,spline_s2,1.0,58,12,67.06786786786788,0.15346486403561913,8.834593513136824
bins_175,1.0,-0.2313916852932179,7.025825825825827,1.0,175,spline_s2,1.0,59,7,7.102802802802804,0.842739426393002,48.40498361328264
bins_175,1.0,-0.2313916852932179,7.025825825825827,1.0,175,spline_s2,1.0,59,12,29.887987987987994,0.23139758845387373,11.311261719148831
bins_175,1.0,-0.2313916852932179,7.025825825825827,1.0,175,spline_s2,1.0,60,7,7.025825825825827,0.8403113409765867,48.40807334323878
bins_175,1.0,-0.2313916852932179,7.025825825825827,1.0,175,spline_s2,1.0,60,12,7.872572572572574,0.2631949946739407,8.470270403040587
bins_175,1.0,-0.2313916852932179,7.025825825825827,1.0,175,spline_s2,1.0,61,7,7.025825825825827,0.7612358945023685,40.18705580123377
bins_175,1.0,-0.2313916852932179,7.025825825825827,1.0,175,spline_s2,1.0,61,12,8.026526526526528,0.2804440176763822,14.173586890552684
bins_175,1.0,-0.2313916852932179,7.025825825825827,1.0,175,spline_s2,1.0,62,7,7.025825825825827,0.8680179156403129,51.664744513237395
bins_175,1.0,-0.2313916852932179,7.025825825825827,1.0,175,spline_s2,1.0,62,12,46.89989989989991,0.24113811145162156,13.97203775625536
bins_175,1.0,-0.2313916852932179,7.025825825825827,1.0,175,spline_s2,1.0,63,7,6.871871871871873,0.91786105568911,59.24686213728066
bins_175,1.0,-0.2313916852932179,7.025825825825827,1.0,175,spline_s2,1.0,63,12,8.180480480480481,0.27289618725978076,15.703193658864194
bins_175,1.0,-0.2313916852932179,7.025825825825827,1.0,175,spline_s2,1.0,64,7,7.102802802802804,0.974986347903791,65.91211069751317
bins_175,1.0,-0.2313916852932179,7.025825825825827,1.0,175,spline_s2,1.0,64,12,32.120320320320324,0.24829076348433976,9.853585669187652
bins_175,1.0,-0.2313916852932179,7.025825825825827,1.0,175,spline_s2,1.0,65,7,7.102802802802804,1.009638347849127,69.87464267997319
bins_175,1.0,-0.2313916852932179,7.025825825825827,1.0,175,spline_s2,1.0,65,12,8.026526526526528,0.2765311400368948,11.262052551853046
bins_175,1.0,-0.2313916852932179,7.025825825825827,1.0,175,spline_s2,1.0,66,7,7.256756756756758,0.9192371147690087,60.13856883642734
bins_175,1.0,-0.2313916852932179,7.025825825825827,1.0,175,spline_s2,1.0,66,12,30.426826826826833,0.2510192924568929,11.056669897565257
bins_175,1.0,-0.2313916852932179,7.025825825825827,1.0,175,spline_s2,1.0,67,7,7.17977977977978,0.7571890571625073,40.530611377490175
bins_175,1.0,-0.2313916852932179,7.025825825825827,1.0,175,spline_s2,1.0,67,12,39.20220220220221,0.22104161465816924,16.54684289423892
bins_175,1.0,-0.2313916852932179,7.025825825825827,1.0,175,spline_s2,1.0,68,7,7.333733733733734,0.6907053042645339,37.31815172510596
bins_175,1.0,-0.2313916852932179,7.025825825825827,1.0,175,spline_s2,1.0,68,12,72.30230230230231,0.15574733065158927,11.046631899194892
bins_175,1.0,-0.2313916852932179,7.025825825825827,1.0,175,spline_s2,1.0,69,7,7.025825825825827,0.8786942008814329,52.24018269960669
bins_175,1.0,-0.2313916852932179,7.025825825825827,1.0,175,spline_s2,1.0,69,12,10.566766766766769,0.24092627628804808,9.512354560295051
bins_175,1.0,-0.2313916852932179,7.025825825825827,1.0,175,spline_s2,1.0,70,7,6.948848848848849,0.7676176217260232,41.09808157400241
bins_175,1.0,-0.2313916852932179,7.025825825825827,1.0,175,spline_s2,1.0,70,12,52.981081081081086,0.17964317057829432,7.087399302219097
bins_175,1.0,-0.2313916852932179,7.025825825825827,1.0,175,spline_s2,1.0,71,7,7.102802802802804,0.905946446540131,57.1437576534062
bins_175,1.0,-0.2313916852932179,7.025825825825827,1.0,175,spline_s2,1.0,71,12,8.180480480480481,0.22490312015801056,12.938809879962747
bins_175,1.0,-0.2313916852932179,7.025825825825827,1.0,175,spline_s2,1.0,72,7,7.102802802802804,1.0660442520224458,77.2537713974746
bins_175,1.0,-0.2313916852932179,7.025825825825827,1.0,175,spline_s2,1.0,72,12,8.180480480480481,0.26663023345922415,11.356936571306534
bins_175,1.0,-0.2313916852932179,7.025825825825827,1.0,175,spline_s2,1.0,73,7,7.102802802802804,0.9118298836531443,58.51234573843905
bins_175,1.0,-0.2313916852932179,7.025825825825827,1.0,175,spline_s2,1.0,73,12,8.103503503503504,0.3516509427037274,20.369650497514357
bins_175,1.0,-0.2313916852932179,7.025825825825827,1.0,175,spline_s2,1.0,74,7,7.17977977977978,0.7845236244364481,42.68330877221274
bins_175,1.0,-0.2313916852932179,7.025825825825827,1.0,175,spline_s2,1.0,74,12,68.45345345345346,0.19175682518465076,7.895967988341113
bins_175,1.0,-0.2313916852932179,7.025825825825827,1.0,175,spline_s2,1.0,75,7,7.102802802802804,0.8292867138633374,47.18995079782937
bins_175,1.0,-0.2313916852932179,7.025825825825827,1.0,175,spline_s2,1.0,75,12,35.58428428428429,0.22424160773411425,11.236344633277355
bins_175,1.0,-0.2313916852932179,7.025825825825827,1.0,175,spline_s2,1.0,76,7,7.102802802802804,0.5841464622261725,23.55197189097842
bins_175,1.0,-0.2313916852932179,7.025825825825827,1.0,175,spline_s2,1.0,76,12,37.66266266266267,0.16132117980897132,10.991026004110978
bins_175,1.0,-0.2313916852932179,7.025825825825827,1.0,175,spline_s2,1.0,77,7,7.256756756756758,0.8196810466371779,50.03426153996526
bins_175,1.0,-0.2313916852932179,7.025825825825827,1.0,175,spline_s2,1.0,77,12,30.811711711711716,0.283792516224557,19.422462498938046
bins_175,1.0,-0.2313916852932179,7.025825825825827,1.0,175,spline_s2,1.0,78,7,6.948848848848849,0.79934731900894,44.49192032706472
bins_175,1.0,-0.2313916852932179,7.025825825825827,1.0,175,spline_s2,1.0,78,12,8.026526526526528,0.28725172555321,12.628768410092391
bins_175,1.0,-0.2313916852932179,7.025825825825827,1.0,175,spline_s2,1.0,79,7,7.025825825825827,0.8713790791486307,53.03559885682115
bins_175,1.0,-0.2313916852932179,7.025825825825827,1.0,175,spline_s2,1.0,79,12,7.94954954954955,0.27168718891674737,10.456077979340549
bins_175,1.0,-0.2313916852932179,7.025825825825827,1.0,175,spline_s2,1.0,80,7,7.17977977977978,0.734797445369934,37.331570047677275
bins_175,1.0,-0.2313916852932179,7.025825825825827,1.0,175,spline_s2,1.0,80,12,38.35545545545546,0.1937577357969479,12.185306869295744
bins_175,1.0,-0.2313916852932179,7.025825825825827,1.0,175,spline_s2,1.0,81,7,7.17977977977978,0.8971070463295027,56.25116587746305
bins_175,1.0,-0.2313916852932179,7.025825825825827,1.0,175,spline_s2,1.0,81,12,10.720720720720722,0.2367891556026587,9.27108299147747
bins_175,1.0,-0.2313916852932179,7.025825825825827,1.0,175,spline_s2,1.0,82,7,7.17977977977978,0.9812421021220652,66.71747826578286
bins_175,1.0,-0.2313916852932179,7.025825825825827,1.0,175,spline_s2,1.0,82,12,8.103503503503504,0.28741698659447457,13.359142442073079
bins_175,1.0,-0.2313916852932179,7.025825825825827,1.0,175,spline_s2,1.0,83,7,6.871871871871873,0.8817248063363899,57.305929370136084
bins_175,1.0,-0.2313916852932179,7.025825825825827,1.0,175,spline_s2,1.0,83,12,24.88448448448449,0.39955837885899764,17.605510594501766
bins_175,1.0,-0.2313916852932179,7.025825825825827,1.0,175,spline_s2,1.0,84,7,7.102802802802804,0.8881179929027122,53.64384929093714
bins_175,1.0,-0.2313916852932179,7.025825825825827,1.0,175,spline_s2,1.0,84,12,57.52272272272273,0.19744431463296078,8.601744748985993
bins_175,1.0,-0.2313916852932179,7.025825825825827,1.0,175,spline_s2,1.0,85,7,6.871871871871873,1.172557715550309,94.63320439651807
bins_175,1.0,-0.2313916852932179,7.025825825825827,1.0,175,spline_s2,1.0,85,12,33.813813813813816,0.2500630473645433,14.615147219496777
bins_175,1.0,-0.2313916852932179,7.025825825825827,1.0,175,spline_s2,1.0,86,7,7.256756756756758,0.6789869279421061,33.60419903004308
bins_175,1.0,-0.2313916852932179,7.025825825825827,1.0,175,spline_s2,1.0,86,12,48.516416416416426,0.17599926100849803,9.655180157225345
bins_175,1.0,-0.2313916852932179,7.025825825825827,1.0,175,spline_s2,1.0,87,7,7.102802802802804,0.8683692943465342,52.01365996092605
bins_175,1.0,-0.2313916852932179,7.025825825825827,1.0,175,spline_s2,1.0,87,12,27.886586586586592,0.215627674666389,13.615920613724029
bins_175,1.0,-0.2313916852932179,7.025825825825827,1.0,175,spline_s2,1.0,88,7,6.948848848848849,0.8729685199947994,53.014777456587126
bins_175,1.0,-0.2313916852932179,7.025825825825827,1.0,175,spline_s2,1.0,88,12,60.44784784784786,0.2125461284837626,8.358142633964036
bins_175,1.0,-0.2313916852932179,7.025825825825827,1.0,175,spline_s2,1.0,89,7,7.102802802802804,1.021954573111903,73.37626450631998
bins_175,1.0,-0.2313916852932179,7.025825825825827,1.0,175,spline_s2,1.0,89,12,8.026526526526528,0.3282006646118212,18.048116045338304
bins_175,1.0,-0.2313916852932179,7.025825825825827,1.0,175,spline_s2,1.0,90,7,7.102802802802804,0.9279693654461271,61.02958633082457
bins_175,1.0,-0.2313916852932179,7.025825825825827,1.0,175,spline_s2,1.0,90,12,37.66266266266267,0.24799531425692195,17.189501952517816
bins_175,1.0,-0.2313916852932179,7.025825825825827,1.0,175,spline_s2,1.0,91,7,7.17977977977978,0.9480728883279206,64.14957930387632
bins_175,1.0,-0.2313916852932179,7.025825825825827,1.0,175,spline_s2,1.0,91,12,43.435935935935944,0.2603969308685361,12.16579754451567
bins_175,1.0,-0.2313916852932179,7.025825825825827,1.0,175,spline_s2,1.0,92,7,7.102802802802804,0.922548703789698,59.660650329505756
bins_175,1.0,-0.2313916852932179,7.025825825825827,1.0,175,spline_s2,1.0,92,12,7.872572572572574,0.3064639935983347,11.70194313803907
bins_175,1.0,-0.2313916852932179,7.025825825825827,1.0,175,spline_s2,1.0,93,7,6.948848848848849,1.063721804556096,77.88176951004843
bins_175,1.0,-0.2313916852932179,7.025825825825827,1.0,175,spline_s2,1.0,93,12,13.56886886886887,0.25092523608981077,11.922708770771237
bins_175,1.0,-0.2313916852932179,7.025825825825827,1.0,175,spline_s2,1.0,94,7,7.102802802802804,0.935238580576236,58.79858141132888
bins_175,1.0,-0.2313916852932179,7.025825825825827,1.0,175,spline_s2,1.0,94,12,8.180480480480481,0.26858065487299887,12.532560825100092
bins_175,1.0,-0.2313916852932179,7.025825825825827,1.0,175,spline_s2,1.0,95,7,7.102802802802804,0.8693716191678831,52.246471114396726
bins_175,1.0,-0.2313916852932179,7.025825825825827,1.0,175,spline_s2,1.0,95,12,8.026526526526528,0.2795239128302338,12.815626722207867
bins_175,1.0,-0.2313916852932179,7.025825825825827,1.0,175,spline_s2,1.0,96,7,7.102802802802804,0.8943067297937046,55.09103571864624
bins_175,1.0,-0.2313916852932179,7.025825825825827,1.0,175,spline_s2,1.0,96,12,10.874674674674676,0.2374579666073186,16.677951769833797
bins_175,1.0,-0.2313916852932179,7.025825825825827,1.0,175,spline_s2,1.0,97,7,7.025825825825827,0.8858515473554729,53.48785187854497
bins_175,1.0,-0.2313916852932179,7.025825825825827,1.0,175,spline_s2,1.0,97,12,8.103503503503504,0.2697556077149808,11.595119404172266
bins_175,1.0,-0.2313916852932179,7.025825825825827,1.0,175,spline_s2,1.0,98,7,7.102802802802804,1.067160411967887,78.66696898630624
bins_175,1.0,-0.2313916852932179,7.025825825825827,1.0,175,spline_s2,1.0,98,12,10.874674674674676,0.3000181734925199,21.56830410390765
bins_175,1.0,-0.2313916852932179,7.025825825825827,1.0,175,spline_s2,1.0,99,7,6.948848848848849,0.6201269376246724,26.874034102967784
bins_175,1.0,-0.2313916852932179,7.025825825825827,1.0,175,spline_s2,1.0,99,12,71.76346346346347,0.19955164664848696,8.70847450415927
bins_700,1.0,-0.2313916852932179,7.025825825825827,1.0,700,spline_s2,0,0,7,27.039839839839846,0.0926662019143015,8.897826549031038
bins_700,1.0,-0.2313916852932179,7.025825825825827,1.0,700,spline_s2,0,0,12,26.962862862862867,0.07866095935263127,7.8484337768561545
bins_700,1.0,-0.2313916852932179,7.025825825825827,1.0,700,spline_s2,0,1,7,64.75855855855856,0.020695345003665537,7.8740384734509234
bins_700,1.0,-0.2313916852932179,7.025825825825827,1.0,700,spline_s2,0,1,12,64.75855855855856,0.04259095706203446,7.851022946768239
bins_700,1.0,-0.2313916852932179,7.025825825825827,1.0,700,spline_s2,0,2,7,55.36736736736738,0.08283557356044895,7.557028647780612
bins_700,1.0,-0.2313916852932179,7.025825825825827,1.0,700,spline_s2,0,2,12,55.44434434434435,0.004419120761136155,7.457378541299022
bins_700,1.0,-0.2313916852932179,7.025825825825827,1.0,700,spline_s2,0,3,7,65.99019019019019,0.052774307746348045,13.231230626169122
bins_700,1.0,-0.2313916852932179,7.025825825825827,1.0,700,spline_s2,0,3,12,66.06716716716717,0.039793427460627806,13.548071792122983
bins_700,1.0,-0.2313916852932179,7.025825825825827,1.0,700,spline_s2,0,4,7,38.509409409409415,0.053079583694428126,9.802917521725078
bins_700,1.0,-0.2313916852932179,7.025825825825827,1.0,700,spline_s2,0,4,12,38.586386386386394,0.038740098895670955,9.407657173566008
bins_700,1.0,-0.2313916852932179,7.025825825825827,1.0,700,spline_s2,0,5,7,58.44644644644646,0.09611688864761542,9.06599961312395
bins_700,1.0,-0.2313916852932179,7.025825825825827,1.0,700,spline_s2,0,5,12,58.52342342342343,0.08099241556262246,8.42677965546227
bins_700,1.0,-0.2313916852932179,7.025825825825827,1.0,700,spline_s2,0,6,7,30.73473473473474,0.05925468647214956,9.151940524912675
bins_700,1.0,-0.2313916852932179,7.025825825825827,1.0,700,spline_s2,0,6,12,30.811711711711716,0.055864338353821166,9.020390232470845
bins_700,1.0,-0.2313916852932179,7.025825825825827,1.0,700,spline_s2,0,7,7,24.653553553553557,0.06797655962901447,8.226985843387808
bins_700,1.0,-0.2313916852932179,7.025825825825827,1.0,700,spline_s2,0,7,12,24.57657657657658,0.03385190496496627,8.424957415079632
bins_700,1.0,-0.2313916852932179,7.025825825825827,1.0,700,spline_s2,0,8,7,19.957957957957962,0.03562192486092733,13.1832463926728
bins_700,1.0,-0.2313916852932179,7.025825825825827,1.0,700,spline_s2,0,8,12,20.188888888888894,0.016071132921893525,13.950990046095285
bins_700,1.0,-0.2313916852932179,7.025825825825827,1.0,700,spline_s2,0,9,7,35.66126126126127,0.06649027139972223,13.389970155737842
bins_700,1.0,-0.2313916852932179,7.025825825825827,1.0,700,spline_s2,0,9,12,40.8956956956957,0.031976976304378193,10.872978995267829
bins_700,1.0,-0.2313916852932179,7.025825825825827,1.0,700,spline_s2,0,10,7,45.43733733733735,0.13479015621356863,11.66441960546149
bins_700,1.0,-0.2313916852932179,7.025825825825827,1.0,700,spline_s2,0,10,12,45.43733733733735,0.04983577169638616,12.736208254890926
bins_700,1.0,-0.2313916852932179,7.025825825825827,1.0,700,spline_s2,0,11,7,63.75785785785787,0.13372227534759226,11.513086885227949
bins_700,1.0,-0.2313916852932179,7.025825825825827,1.0,700,spline_s2,0,11,12,63.68088088088089,0.12815742472370453,11.34817044860813
bins_700,1.0,-0.2313916852932179,7.025825825825827,1.0,700,spline_s2,0,12,7,73.30300300300301,0.04019182497744716,6.699705945682808
bins_700,1.0,-0.2313916852932179,7.025825825825827,1.0,700,spline_s2,0,12,12,73.30300300300301,0.017153603414805797,6.654297801418011
bins_700,1.0,-0.2313916852932179,7.025825825825827,1.0,700,spline_s2,0,13,7,18.11051051051051,0.05856076948452539,12.88514285436952
bins_700,1.0,-0.2313916852932179,7.025825825825827,1.0,700,spline_s2,0,13,12,59.37017017017018,0.04542532415003171,13.240071248682284
bins_700,1.0,-0.2313916852932179,7.025825825825827,1.0,700,spline_s2,0,14,7,28.656356356356362,0.08853744852276646,14.01772798359923
bins_700,1.0,-0.2313916852932179,7.025825825825827,1.0,700,spline_s2,0,14,12,28.733333333333338,0.02481440802836447,12.74557062503743
bins_700,1.0,-0.2313916852932179,7.025825825825827,1.0,700,spline_s2,0,15,7,38.27847847847848,0.05213161462919517,13.53733128789446
bins_700,1.0,-0.2313916852932179,7.025825825825827,1.0,700,spline_s2,0,15,12,38.27847847847848,0.015450686404165189,14.796907517008378
bins_700,1.0,-0.2313916852932179,7.025825825825827,1.0,700,spline_s2,0,16,7,53.59689689689691,0.045822861684474664,11.081585645945097
bins_700,1.0,-0.2313916852932179,7.025825825825827,1.0,700,spline_s2,0,16,12,53.51991991991993,0.05086113483056345,11.194888436178871
bins_700,1.0,-0.2313916852932179,7.025825825825827,1.0,700,spline_s2,0,17,7,43.05105105105106,0.053269120783622316,10.237663270557164
bins_700,1.0,-0.2313916852932179,7.025825825825827,1.0,700,spline_s2,0,17,12,42.97407407407408,0.05359203090813225,10.430880322040707
bins_700,1.0,-0.2313916852932179,7.025825825825827,1.0,700,spline_s2,0,18,7,47.05385385385386,0.08528352317059967,9.438467567074554
bins_700,1.0,-0.2313916852932179,7.025825825825827,1.0,700,spline_s2,0,18,12,47.05385385385386,0.03521422555282996,9.530511222739051
bins_700,1.0,-0.2313916852932179,7.025825825825827,1.0,700,spline_s2,0,19,7,7.487687687687689,0.15484111057562153,8.162184847924891
bins_700,1.0,-0.2313916852932179,7.025825825825827,1.0,700,spline_s2,0,19,12,55.21341341341342,0.09047081719941326,7.83667422800977
bins_700,1.0,-0.2313916852932179,7.025825825825827,1.0,700,spline_s2,0,20,7,70.76276276276276,0.06898022491389008,10.847357191858805
bins_700,1.0,-0.2313916852932179,7.025825825825827,1.0,700,spline_s2,0,20,12,70.76276276276276,0.057724673071219944,10.505121399013206
bins_700,1.0,-0.2313916852932179,7.025825825825827,1.0,700,spline_s2,0,21,7,58.21551551551553,0.019836245254057222,11.928425008131626
bins_700,1.0,-0.2313916852932179,7.025825825825827,1.0,700,spline_s2,0,21,12,58.21551551551553,0.007422752336474908,11.588861122098137
bins_700,1.0,-0.2313916852932179,7.025825825825827,1.0,700,spline_s2,0,22,7,31.27357357357358,0.04416604747163365,8.600142921610654
bins_700,1.0,-0.2313916852932179,7.025825825825827,1.0,700,spline_s2,0,22,12,70.60880880880882,0.001184433039881773,8.638661333134223
bins_700,1.0,-0.2313916852932179,7.025825825825827,1.0,700,spline_s2,0,23,7,53.82782782782784,0.013972932920229924,8.530303697957493
bins_700,1.0,-0.2313916852932179,7.025825825825827,1.0,700,spline_s2,0,23,12,53.82782782782784,0.03866381868288218,8.200490273901778
bins_700,1.0,-0.2313916852932179,7.025825825825827,1.0,700,spline_s2,0,24,7,40.81871871871873,0.10328829025462101,6.341211186616704
bins_700,1.0,-0.2313916852932179,7.025825825825827,1.0,700,spline_s2,0,24,12,65.83623623623625,0.029614167369270646,5.689903013591447
bins_700,1.0,-0.2313916852932179,7.025825825825827,1.0,700,spline_s2,0,25,7,10.874674674674676,0.04684654120769072,8.66480736887786
bins_700,1.0,-0.2313916852932179,7.025825825825827,1.0,700,spline_s2,0,25,12,50.055955955955966,0.05356614616114565,8.880848208109796
bins_700,1.0,-0.2313916852932179,7.025825825825827,1.0,700,spline_s2,0,26,7,49.90200200200201,0.12462915377947395,6.871654436993595
bins_700,1.0,-0.2313916852932179,7.025825825825827,1.0,700,spline_s2,0,26,12,15.801201201201202,0.04982804218239722,7.31385743995736
bins_700,1.0,-0.2313916852932179,7.025825825825827,1.0,700,spline_s2,0,27,7,49.28618618618619,0.08655666438770164,13.882748117184974
bins_700,1.0,-0.2313916852932179,7.025825825825827,1.0,700,spline_s2,0,27,12,49.28618618618619,0.01936014453366956,13.40655959806611
bins_700,1.0,-0.2313916852932179,7.025825825825827,1.0,700,spline_s2,0,28,7,24.34564564564565,0.06157209484760289,18.216978757102538
bins_700,1.0,-0.2313916852932179,7.025825825825827,1.0,700,spline_s2,0,28,12,24.422622622622626,0.04910709175998445,15.600707190424032
bins_700,1.0,-0.2313916852932179,7.025825825825827,1.0,700,spline_s2,0,29,7,35.738238238238246,0.03603064900381967,15.257366449080678
bins_700,1.0,-0.2313916852932179,7.025825825825827,1.0,700,spline_s2,0,29,12,35.81521521521522,0.035613508793013386,15.447588175435385
bins_700,1.0,-0.2313916852932179,7.025825825825827,1.0,700,spline_s2,0,30,7,8.796296296296298,0.02102226415296806,10.459408671586402
bins_700,1.0,-0.2313916852932179,7.025825825825827,1.0,700,spline_s2,0,30,12,28.348448448448455,0.037491456122172,7.8043084960517035
bins_700,1.0,-0.2313916852932179,7.025825825825827,1.0,700,spline_s2,0,31,7,45.82222222222223,0.08747807006014191,11.014588254825071
bins_700,1.0,-0.2313916852932179,7.025825825825827,1.0,700,spline_s2,0,31,12,45.82222222222223,0.014495558917949092,10.295504828865433
bins_700,1.0,-0.2313916852932179,7.025825825825827,1.0,700,spline_s2,0,32,7,54.443643643643654,0.029530565936760816,6.908830570209943
bins_700,1.0,-0.2313916852932179,7.025825825825827,1.0,700,spline_s2,0,32,12,54.443643643643654,0.024922806093067854,6.73084287154677
bins_700,1.0,-0.2313916852932179,7.025825825825827,1.0,700,spline_s2,0,33,7,28.656356356356362,0.06501156416484673,6.517177955626835
bins_700,1.0,-0.2313916852932179,7.025825825825827,1.0,700,spline_s2,0,33,12,26.039139139139145,0.0563325530027454,7.697039801132405
bins_700,1.0,-0.2313916852932179,7.025825825825827,1.0,700,spline_s2,0,34,7,15.724224224224226,0.04055762205452166,11.393812121129258
bins_700,1.0,-0.2313916852932179,7.025825825825827,1.0,700,spline_s2,0,34,12,62.68018018018019,0.016799955575119364,10.08930988554846
bins_700,1.0,-0.2313916852932179,7.025825825825827,1.0,700,spline_s2,0,35,7,27.193793793793798,0.07050097749101954,10.014095579793093
bins_700,1.0,-0.2313916852932179,7.025825825825827,1.0,700,spline_s2,0,35,12,27.116816816816822,0.027215956505168077,8.32409278098055
bins_700,1.0,-0.2313916852932179,7.025825825825827,1.0,700,spline_s2,0,36,7,17.10980980980981,0.0702359901340388,13.640044719148136
bins_700,1.0,-0.2313916852932179,7.025825825825827,1.0,700,spline_s2,0,36,12,17.18678678678679,0.04815745414130125,11.69926841678
bins_700,1.0,-0.2313916852932179,7.025825825825827,1.0,700,spline_s2,0,37,7,39.894994994995,0.07864711328142569,9.956681033423138
bins_700,1.0,-0.2313916852932179,7.025825825825827,1.0,700,spline_s2,0,37,12,39.97197197197198,0.0540026063321761,10.131594627238997
bins_700,1.0,-0.2313916852932179,7.025825825825827,1.0,700,spline_s2,0,38,7,23.652852852852856,0.06500808932275369,11.041925090618747
bins_700,1.0,-0.2313916852932179,7.025825825825827,1.0,700,spline_s2,0,38,12,71.53253253253254,0.002755039340901055,10.197948357079213
bins_700,1.0,-0.2313916852932179,7.025825825825827,1.0,700,spline_s2,0,39,7,30.272872872872878,0.0714189751964149,8.913561285274113
bins_700,1.0,-0.2313916852932179,7.025825825825827,1.0,700,spline_s2,0,39,12,30.1958958958959,0.06975322025724344,8.227623166717876
bins_700,1.0,-0.2313916852932179,7.025825825825827,1.0,700,spline_s2,0,40,7,42.8970970970971,0.08399302559893626,7.2437715157457205
bins_700,1.0,-0.2313916852932179,7.025825825825827,1.0,700,spline_s2,0,40,12,42.82012012012013,0.052431208314560475,6.535411603724356
bins_700,1.0,-0.2313916852932179,7.025825825825827,1.0,700,spline_s2,0,41,7,26.193093093093097,0.06873490789076213,10.845565989524061
bins_700,1.0,-0.2313916852932179,7.025825825825827,1.0,700,spline_s2,0,41,12,26.501001001001004,0.048897877570898265,10.60922149202645
bins_700,1.0,-0.2313916852932179,7.025825825825827,1.0,700,spline_s2,0,42,7,45.5912912912913,0.04039349536875718,9.178884550506496
bins_700,1.0,-0.2313916852932179,7.025825825825827,1.0,700,spline_s2,0,42,12,45.66826826826828,0.02048343570773547,9.166433106065824
bins_700,1.0,-0.2313916852932179,7.025825825825827,1.0,700,spline_s2,0,43,7,67.37577577577578,0.060875753967129916,10.25980874562515
bins_700,1.0,-0.2313916852932179,7.025825825825827,1.0,700,spline_s2,0,43,12,67.37577577577578,0.06791351719284365,10.225004481072688
bins_700,1.0,-0.2313916852932179,7.025825825825827,1.0,700,spline_s2,0,44,7,56.59899899899901,0.029791586439233755,10.791287536274467
bins_700,1.0,-0.2313916852932179,7.025825825825827,1.0,700,spline_s2,0,44,12,56.67597597597599,0.014295265454227369,10.175043537542479
bins_700,1.0,-0.2313916852932179,7.025825825825827,1.0,700,spline_s2,0,45,7,32.043343343343345,0.07223023359002323,10.699488523440152
bins_700,1.0,-0.2313916852932179,7.025825825825827,1.0,700,spline_s2,0,45,12,32.043343343343345,0.030651029239297106,10.7502807850708
bins_700,1.0,-0.2313916852932179,7.025825825825827,1.0,700,spline_s2,0,46,7,73.6878878878879,0.04159244112546924,8.320165828618656
bins_700,1.0,-0.2313916852932179,7.025825825825827,1.0,700,spline_s2,0,46,12,73.6878878878879,0.047324807940818434,8.783017522938735
bins_700,1.0,-0.2313916852932179,7.025825825825827,1.0,700,spline_s2,0,47,7,65.22042042042042,0.08124643924146271,12.997799525904554
bins_700,1.0,-0.2313916852932179,7.025825825825827,1.0,700,spline_s2,0,47,12,65.22042042042042,0.03690974822861412,12.342536519844202
bins_700,1.0,-0.2313916852932179,7.025825825825827,1.0,700,spline_s2,0,48,7,67.52972972972974,0.028716774759017315,8.109538425290452
bins_700,1.0,-0.2313916852932179,7.025825825825827,1.0,700,spline_s2,0,48,12,67.52972972972974,0.027757985808481576,7.945398118407127
bins_700,1.0,-0.2313916852932179,7.025825825825827,1.0,700,spline_s2,0,49,7,14.415615615615616,0.09860469420925873,14.559830112246573
bins_700,1.0,-0.2313916852932179,7.025825825825827,1.0,700,spline_s2,0,49,12,14.33863863863864,0.028612624472306402,11.60306511067131
bins_700,1.0,-0.2313916852932179,7.025825825825827,1.0,700,spline_s2,0,50,7,73.84184184184184,0.04379662330886159,10.551595748455384
bins_700,1.0,-0.2313916852932179,7.025825825825827,1.0,700,spline_s2,0,50,12,73.84184184184184,0.020835198072666632,10.687959898427607
bins_700,1.0,-0.2313916852932179,7.025825825825827,1.0,700,spline_s2,0,51,7,45.36036036036037,0.04406644268749167,6.65449778874364
bins_700,1.0,-0.2313916852932179,7.025825825825827,1.0,700,spline_s2,0,51,12,45.36036036036037,0.016779650593641136,6.717230090473606
bins_700,1.0,-0.2313916852932179,7.025825825825827,1.0,700,spline_s2,0,52,7,42.43523523523524,0.04191124329561481,10.542468403528005
bins_700,1.0,-0.2313916852932179,7.025825825825827,1.0,700,spline_s2,0,52,12,42.51221221221222,0.017815418065866093,10.709090928707838
bins_700,1.0,-0.2313916852932179,7.025825825825827,1.0,700,spline_s2,0,53,7,18.341441441441443,0.06063206165157508,9.488807943716097
bins_700,1.0,-0.2313916852932179,7.025825825825827,1.0,700,spline_s2,0,53,12,50.2868868868869,0.06295992328528055,7.394526433708734
bins_700,1.0,-0.2313916852932179,7.025825825825827,1.0,700,spline_s2,0,54,7,67.52972972972974,0.04406981057884519,10.440514377584691
bins_700,1.0,-0.2313916852932179,7.025825825825827,1.0,700,spline_s2,0,54,12,67.45275275275276,0.01428428470714991,10.28440843423482
bins_700,1.0,-0.2313916852932179,7.025825825825827,1.0,700,spline_s2,0,55,7,57.13783783783785,0.10864396748589314,9.609285416594957
bins_700,1.0,-0.2313916852932179,7.025825825825827,1.0,700,spline_s2,0,55,12,57.06086086086087,0.03570486489334371,9.084126431561117
bins_700,1.0,-0.2313916852932179,7.025825825825827,1.0,700,spline_s2,0,56,7,46.668968968968976,0.07330697043406283,6.925499281538919
bins_700,1.0,-0.2313916852932179,7.025825825825827,1.0,700,spline_s2,0,56,12,15.262362362362364,0.06287585915678157,6.338541585669645
bins_700,1.0,-0.2313916852932179,7.025825825825827,1.0,700,spline_s2,0,57,7,47.82362362362363,0.06524882827018981,17.57853316438957
bins_700,1.0,-0.2313916852932179,7.025825825825827,1.0,700,spline_s2,0,57,12,47.82362362362363,0.033691338074546676,16.509334907621792
bins_700,1.0,-0.2313916852932179,7.025825825825827,1.0,700,spline_s2,0,58,7,71.53253253253254,0.0560216613393061,11.616362635354562
bins_700,1.0,-0.2313916852932179,7.025825825825827,1.0,700,spline_s2,0,58,12,33.736836836836844,0.018985875014782445,11.70928954992894
bins_700,1.0,-0.2313916852932179,7.025825825825827,1.0,700,spline_s2,0,59,7,49.44014014014015,0.12847481386704485,8.630238797178208
bins_700,1.0,-0.2313916852932179,7.025825825825827,1.0,700,spline_s2,0,59,12,28.733333333333338,0.029707545928479368,8.346423869659134
bins_700,1.0,-0.2313916852932179,7.025825825825827,1.0,700,spline_s2,0,60,7,47.20780780780782,0.031479385989311076,16.641636573964206
bins_700,1.0,-0.2313916852932179,7.025825825825827,1.0,700,spline_s2,0,60,12,47.20780780780782,0.06055248951698783,16.88106658946299
bins_700,1.0,-0.2313916852932179,7.025825825825827,1.0,700,spline_s2,0,61,7,10.181881881881884,0.0961967416825818,7.843666561130931
bins_700,1.0,-0.2313916852932179,7.025825825825827,1.0,700,spline_s2,0,61,12,30.426826826826833,0.061305427757807965,7.561134735595374
bins_700,1.0,-0.2313916852932179,7.025825825825827,1.0,700,spline_s2,0,62,7,19.573073073073076,0.03509398619463103,9.183995935665052
bins_700,1.0,-0.2313916852932179,7.025825825825827,1.0,700,spline_s2,0,62,12,19.573073073073076,0.014009112455555368,8.898513268465877
bins_700,1.0,-0.2313916852932179,7.025825825825827,1.0,700,spline_s2,0,63,7,52.51921921921923,0.040347055374981546,9.862498429449147
bins_700,1.0,-0.2313916852932179,7.025825825825827,1.0,700,spline_s2,0,63,12,52.44224224224225,0.052644992711815636,9.886892236887206
bins_700,1.0,-0.2313916852932179,7.025825825825827,1.0,700,spline_s2,0,64,7,39.97197197197198,0.08100017927004682,9.509296549195938
bins_700,1.0,-0.2313916852932179,7.025825825825827,1.0,700,spline_s2,0,64,12,39.894994994995,0.032647340259631404,8.314943599355729
bins_700,1.0,-0.2313916852932179,7.025825825825827,1.0,700,spline_s2,0,65,7,39.04824824824826,0.11321511790905715,11.802178327827619
bins_700,1.0,-0.2313916852932179,7.025825825825827,1.0,700,spline_s2,0,65,12,39.04824824824826,0.043846831762303494,11.97474022055951
bins_700,1.0,-0.2313916852932179,7.025825825825827,1.0,700,spline_s2,0,66,7,18.418418418418423,0.07448330567215512,14.048981503116238
bins_700,1.0,-0.2313916852932179,7.025825825825827,1.0,700,spline_s2,0,66,12,18.341441441441443,0.010444342685219179,15.043417924334676
bins_700,1.0,-0.2313916852932179,7.025825825825827,1.0,700,spline_s2,0,67,7,35.12242242242243,0.014410730135950081,7.90809111502881
bins_700,1.0,-0.2313916852932179,7.025825825825827,1.0,700,spline_s2,0,67,12,46.515015015015024,0.028370842972975215,7.834291975485712
bins_700,1.0,-0.2313916852932179,7.025825825825827,1.0,700,spline_s2,0,68,7,47.74664664664665,0.0396330298377865,10.03316278927457
bins_700,1.0,-0.2313916852932179,7.025825825825827,1.0,700,spline_s2,0,68,12,47.66966966966968,0.016099855393820563,9.390086848432361
bins_700,1.0,-0.2313916852932179,7.025825825825827,1.0,700,spline_s2,0,69,7,28.117517517517523,0.06773857135056414,10.793116999287236
bins_700,1.0,-0.2313916852932179,7.025825825825827,1.0,700,spline_s2,0,69,12,28.117517517517523,0.023265216160203547,9.962801254391934
bins_700,1.0,-0.2313916852932179,7.025825825825827,1.0,700,spline_s2,0,70,7,54.905505505505516,0.09288236579156568,7.378264813200985
bins_700,1.0,-0.2313916852932179,7.025825825825827,1.0,700,spline_s2,0,70,12,54.82852852852854,0.04068701394827608,7.5866717546540485
bins_700,1.0,-0.2313916852932179,7.025825825825827,1.0,700,spline_s2,0,71,7,20.26586586586587,0.10668769883289107,9.577763670622971
bins_700,1.0,-0.2313916852932179,7.025825825825827,1.0,700,spline_s2,0,71,12,20.111911911911914,0.02500032867785629,12.154371575683513
bins_700,1.0,-0.2313916852932179,7.025825825825827,1.0,700,spline_s2,0,72,7,9.104204204204205,0.0621878619020054,9.8856082724227
bins_700,1.0,-0.2313916852932179,7.025825825825827,1.0,700,spline_s2,0,72,12,40.202902902902906,0.031379389777899995,8.571725143666754
bins_700,1.0,-0.2313916852932179,7.025825825825827,1.0,700,spline_s2,0,73,7,22.652152152152155,0.04938386655760017,8.031041872510741
bins_700,1.0,-0.2313916852932179,7.025825825825827,1.0,700,spline_s2,0,73,12,16.18608608608609,0.03789046452551177,6.86048726039553
bins_700,1.0,-0.2313916852932179,7.025825825825827,1.0,700,spline_s2,0,74,7,27.193793793793798,0.05148239426960602,10.407226982918019
bins_700,1.0,-0.2313916852932179,7.025825825825827,1.0,700,spline_s2,0,74,12,27.039839839839846,0.07183521044151572,11.91167387157202
bins_700,1.0,-0.2313916852932179,7.025825825825827,1.0,700,spline_s2,0,75,7,40.202902902902906,0.06684980004383055,12.012882972644547
bins_700,1.0,-0.2313916852932179,7.025825825825827,1.0,700,spline_s2,0,75,12,40.202902902902906,0.036746019135339085,10.930951541696004
bins_700,1.0,-0.2313916852932179,7.025825825825827,1.0,700,spline_s2,0,76,7,55.82922922922924,0.10550881037210456,9.544491346521
bins_700,1.0,-0.2313916852932179,7.025825825825827,1.0,700,spline_s2,0,76,12,55.82922922922924,0.03480354117393373,9.093456533217307
bins_700,1.0,-0.2313916852932179,7.025825825825827,1.0,700,spline_s2,0,77,7,8.796296296296298,0.04781584848756136,11.182217991483071
bins_700,1.0,-0.2313916852932179,7.025825825825827,1.0,700,spline_s2,0,77,12,19.188188188188192,0.05669723728805168,6.33656316548047
bins_700,1.0,-0.2313916852932179,7.025825825825827,1.0,700,spline_s2,0,78,7,31.581481481481486,0.019213758810873446,13.550336733712015
bins_700,1.0,-0.2313916852932179,7.025825825825827,1.0,700,spline_s2,0,78,12,31.581481481481486,0.029511600241395892,12.716639105871991
bins_700,1.0,-0.2313916852932179,7.025825825825827,1.0,700,spline_s2,0,79,7,39.04824824824826,0.08593495742871525,9.682604702379194
bins_700,1.0,-0.2313916852932179,7.025825825825827,1.0,700,spline_s2,0,79,12,39.04824824824826,0.02191530400015421,9.350374714365216
bins_700,1.0,-0.2313916852932179,7.025825825825827,1.0,700,spline_s2,0,80,7,75.61231231231231,0.11747745399618872,10.262575448686448
bins_700,1.0,-0.2313916852932179,7.025825825825827,1.0,700,spline_s2,0,80,12,75.68928928928929,0.04262008489546039,10.413221521039759
bins_700,1.0,-0.2313916852932179,7.025825825825827,1.0,700,spline_s2,0,81,7,64.68158158158158,0.01629888742518459,5.972057343896154
bins_700,1.0,-0.2313916852932179,7.025825825825827,1.0,700,spline_s2,0,81,12,64.68158158158158,0.025724010147526177,6.394577988072115
bins_700,1.0,-0.2313916852932179,7.025825825825827,1.0,700,spline_s2,0,82,7,7.256756756756758,0.18707355812008603,9.630074608243035
bins_700,1.0,-0.2313916852932179,7.025825825825827,1.0,700,spline_s2,0,82,12,24.34564564564565,0.02766125224958738,9.010701054571655
bins_700,1.0,-0.2313916852932179,7.025825825825827,1.0,700,spline_s2,0,83,7,21.420520520520526,0.10667600191782961,11.363432361040736
bins_700,1.0,-0.2313916852932179,7.025825825825827,1.0,700,spline_s2,0,83,12,21.420520520520526,0.08614424893131449,12.830664574042714
bins_700,1.0,-0.2313916852932179,7.025825825825827,1.0,700,spline_s2,0,84,7,39.20220220220221,0.08232901897019271,10.071749901234227
bins_700,1.0,-0.2313916852932179,7.025825825825827,1.0,700,spline_s2,0,84,12,39.20220220220221,0.028894313709370935,11.520302041435741
bins_700,1.0,-0.2313916852932179,7.025825825825827,1.0,700,spline_s2,0,85,7,79.30720720720721,0.09467206376943736,9.537755682249554
bins_700,1.0,-0.2313916852932179,7.025825825825827,1.0,700,spline_s2,0,85,12,79.38418418418419,0.09835561627145539,9.497829147664675
bins_700,1.0,-0.2313916852932179,7.025825825825827,1.0,700,spline_s2,0,86,7,65.2973973973974,0.03897394179402291,15.932942296360864
bins_700,1.0,-0.2313916852932179,7.025825825825827,1.0,700,spline_s2,0,86,12,65.2973973973974,0.04747353740772961,16.16531760984128
bins_700,1.0,-0.2313916852932179,7.025825825825827,1.0,700,spline_s2,0,87,7,10.181881881881884,0.07371082238531741,10.826618280674097
bins_700,1.0,-0.2313916852932179,7.025825825825827,1.0,700,spline_s2,0,87,12,43.89779779779781,0.06560164141577259,8.539677411608523
bins_700,1.0,-0.2313916852932179,7.025825825825827,1.0,700,spline_s2,0,88,7,32.428228228228235,0.04240767664338093,9.334754649603383
bins_700,1.0,-0.2313916852932179,7.025825825825827,1.0,700,spline_s2,0,88,12,34.58358358358359,0.041988626095274414,7.931458002598902
bins_700,1.0,-0.2313916852932179,7.025825825825827,1.0,700,spline_s2,0,89,7,29.503103103103108,0.14023608345268368,14.498385525709807
bins_700,1.0,-0.2313916852932179,7.025825825825827,1.0,700,spline_s2,0,89,12,29.503103103103108,0.08665528280182269,14.37460578745862
bins_700,1.0,-0.2313916852932179,7.025825825825827,1.0,700,spline_s2,0,90,7,11.490490490490492,0.05060173285984952,8.870045424876992
bins_700,1.0,-0.2313916852932179,7.025825825825827,1.0,700,spline_s2,0,90,12,19.26516516516517,0.03344716668471201,6.672889858219776
bins_700,1.0,-0.2313916852932179,7.025825825825827,1.0,700,spline_s2,0,91,7,10.643743743743745,0.02038034593215822,9.814238661522836
bins_700,1.0,-0.2313916852932179,7.025825825825827,1.0,700,spline_s2,0,91,12,42.74314314314315,0.06998772800937036,9.44857238513373
bins_700,1.0,-0.2313916852932179,7.025825825825827,1.0,700,spline_s2,0,92,7,30.426826826826833,0.00903069210787143,7.735005907360232
bins_700,1.0,-0.2313916852932179,7.025825825825827,1.0,700,spline_s2,0,92,12,10.720720720720722,0.06569230268303317,7.389561018597533
bins_700,1.0,-0.2313916852932179,7.025825825825827,1.0,700,spline_s2,0,93,7,47.05385385385386,0.005332976499022492,8.19026849279669
bins_700,1.0,-0.2313916852932179,7.025825825825827,1.0,700,spline_s2,0,93,12,47.05385385385386,0.025753299425468865,8.040877328347392
bins_700,1.0,-0.2313916852932179,7.025825825825827,1.0,700,spline_s2,0,94,7,58.83133133133134,0.16143966581298771,10.101110316357676
bins_700,1.0,-0.2313916852932179,7.025825825825827,1.0,700,spline_s2,0,94,12,58.67737737737739,0.04581920399347594,9.672366101927992
bins_700,1.0,-0.2313916852932179,7.025825825825827,1.0,700,spline_s2,0,95,7,73.76486486486488,0.08477570515973977,6.737036689418346
bins_700,1.0,-0.2313916852932179,7.025825825825827,1.0,700,spline_s2,0,95,12,73.84184184184184,0.012351248504173639,7.222612026235311
bins_700,1.0,-0.2313916852932179,7.025825825825827,1.0,700,spline_s2,0,96,7,15.87817817817818,0.050228478895613334,8.795230557568061
bins_700,1.0,-0.2313916852932179,7.025825825825827,1.0,700,spline_s2,0,96,12,15.955155155155156,0.03796527700749749,8.872455075248013
bins_700,1.0,-0.2313916852932179,7.025825825825827,1.0,700,spline_s2,0,97,7,46.05315315315316,0.03775191557991557,6.02275392317506
bins_700,1.0,-0.2313916852932179,7.025825825825827,1.0,700,spline_s2,0,97,12,46.13013013013014,0.04485776458615339,5.911097966368629
bins_700,1.0,-0.2313916852932179,7.025825825825827,1.0,700,spline_s2,0,98,7,56.2910910910911,0.003073056424577877,12.682945539384605
bins_700,1.0,-0.2313916852932179,7.025825825825827,1.0,700,spline_s2,0,98,12,56.2910910910911,0.029054675824592733,12.856987776054893
bins_700,1.0,-0.2313916852932179,7.025825825825827,1.0,700,spline_s2,0,99,7,42.74314314314315,0.04440836703000383,14.978975063142911
bins_700,1.0,-0.2313916852932179,7.025825825825827,1.0,700,spline_s2,0,99,12,42.66616616616617,0.034181754976882105,13.983923106825216
bins_700,1.0,-0.2313916852932179,7.025825825825827,1.0,700,spline_s2,1.0,0,7,7.17977977977978,0.7738225432018697,166.0062466737104
bins_700,1.0,-0.2313916852932179,7.025825825825827,1.0,700,spline_s2,1.0,0,12,7.94954954954955,0.21086288900518094,24.318939883631856
bins_700,1.0,-0.2313916852932179,7.025825825825827,1.0,700,spline_s2,1.0,1,7,7.102802802802804,0.919508299443519,228.40375931364827
bins_700,1.0,-0.2313916852932179,7.025825825825827,1.0,700,spline_s2,1.0,1,12,8.026526526526528,0.25090977945594356,34.993965830510206
bins_700,1.0,-0.2313916852932179,7.025825825825827,1.0,700,spline_s2,1.0,2,7,7.102802802802804,0.8771494588952164,211.70688080701558
bins_700,1.0,-0.2313916852932179,7.025825825825827,1.0,700,spline_s2,1.0,2,12,7.872572572572574,0.286426645505585,39.47968458852961
bins_700,1.0,-0.2313916852932179,7.025825825825827,1.0,700,spline_s2,1.0,3,7,7.102802802802804,0.8498579930253992,196.41059306855266
bins_700,1.0,-0.2313916852932179,7.025825825825827,1.0,700,spline_s2,1.0,3,12,7.94954954954955,0.27234540298980825,37.66024908444422
bins_700,1.0,-0.2313916852932179,7.025825825825827,1.0,700,spline_s2,1.0,4,7,7.025825825825827,0.8545092063195009,197.4173887478605
bins_700,1.0,-0.2313916852932179,7.025825825825827,1.0,700,spline_s2,1.0,4,12,7.7955955955955964,0.2076717618725136,19.605535839351433
bins_700,1.0,-0.2313916852932179,7.025825825825827,1.0,700,spline_s2,1.0,5,7,7.102802802802804,0.8579130195753969,199.48396680872645
bins_700,1.0,-0.2313916852932179,7.025825825825827,1.0,700,spline_s2,1.0,5,12,8.026526526526528,0.22643129078837484,30.442705962687228
bins_700,1.0,-0.2313916852932179,7.025825825825827,1.0,700,spline_s2,1.0,6,7,6.948848848848849,0.808817196824589,176.34573279029485
bins_700,1.0,-0.2313916852932179,7.025825825825827,1.0,700,spline_s2,1.0,6,12,7.7955955955955964,0.27189840231705126,32.57429175377342
bins_700,1.0,-0.2313916852932179,7.025825825825827,1.0,700,spline_s2,1.0,7,7,7.17977977977978,0.8915474723386096,222.10830301496617
bins_700,1.0,-0.2313916852932179,7.025825825825827,1.0,700,spline_s2,1.0,7,12,8.026526526526528,0.2487262100030137,34.08074039192206
bins_700,1.0,-0.2313916852932179,7.025825825825827,1.0,700,spline_s2,1.0,8,7,7.17977977977978,0.8061226527317781,181.7060254178151
bins_700,1.0,-0.2313916852932179,7.025825825825827,1.0,700,spline_s2,1.0,8,12,7.94954954954955,0.2657799050948127,36.565846506674575
bins_700,1.0,-0.2313916852932179,7.025825825825827,1.0,700,spline_s2,1.0,9,7,7.025825825825827,0.7860380441317208,169.16002087676725
bins_700,1.0,-0.2313916852932179,7.025825825825827,1.0,700,spline_s2,1.0,9,12,7.94954954954955,0.25466106144676987,32.98756094923556
bins_700,1.0,-0.2313916852932179,7.025825825825827,1.0,700,spline_s2,1.0,10,7,7.17977977977978,0.8302414331671245,189.9798239302537
bins_700,1.0,-0.2313916852932179,7.025825825825827,1.0,700,spline_s2,1.0,10,12,8.026526526526528,0.21988213368982265,31.06176730638947
bins_700,1.0,-0.2313916852932179,7.025825825825827,1.0,700,spline_s2,1.0,11,7,7.102802802802804,0.8911313514961758,214.04932410935214
bins_700,1.0,-0.2313916852932179,7.025825825825827,1.0,700,spline_s2,1.0,11,12,10.412812812812813,0.18010942710231184,16.3516306993522
bins_700,1.0,-0.2313916852932179,7.025825825825827,1.0,700,spline_s2,1.0,12,7,7.17977977977978,0.835246219915899,191.91420631779704
bins_700,1.0,-0.2313916852932179,7.025825825825827,1.0,700,spline_s2,1.0,12,12,8.026526526526528,0.1908544052243241,22.135120450411023
bins_700,1.0,-0.2313916852932179,7.025825825825827,1.0,700,spline_s2,1.0,13,7,7.102802802802804,0.9020378852764457,223.9967540650572
bins_700,1.0,-0.2313916852932179,7.025825825825827,1.0,700,spline_s2,1.0,13,12,7.94954954954955,0.34748742699284313,69.73946071486603
bins_700,1.0,-0.2313916852932179,7.025825825825827,1.0,700,spline_s2,1.0,14,7,7.102802802802804,0.8431850926732323,192.46531113033245
bins_700,1.0,-0.2313916852932179,7.025825825825827,1.0,700,spline_s2,1.0,14,12,7.94954954954955,0.22950200227352952,26.570887591601263
bins_700,1.0,-0.2313916852932179,7.025825825825827,1.0,700,spline_s2,1.0,15,7,7.102802802802804,0.9185506707886344,227.1497087876594
bins_700,1.0,-0.2313916852932179,7.025825825825827,1.0,700,spline_s2,1.0,15,12,7.872572572572574,0.242387209781035,30.172700368938422
bins_700,1.0,-0.2313916852932179,7.025825825825827,1.0,700,spline_s2,1.0,16,7,7.102802802802804,0.8826807552204444,210.7922889380369
bins_700,1.0,-0.2313916852932179,7.025825825825827,1.0,700,spline_s2,1.0,16,12,8.026526526526528,0.257340898309241,37.93207718302381
bins_700,1.0,-0.2313916852932179,7.025825825825827,1.0,700,spline_s2,1.0,17,7,7.17977977977978,0.713093598875259,142.73534746920905
bins_700,1.0,-0.2313916852932179,7.025825825825827,1.0,700,spline_s2,1.0,17,12,8.026526526526528,0.2682825081907993,38.50116304058679
bins_700,1.0,-0.2313916852932179,7.025825825825827,1.0,700,spline_s2,1.0,18,7,7.025825825825827,0.8585025656842828,197.84576988758647
bins_700,1.0,-0.2313916852932179,7.025825825825827,1.0,700,spline_s2,1.0,18,12,7.872572572572574,0.23796490224443115,26.70699957642296
bins_700,1.0,-0.2313916852932179,7.025825825825827,1.0,700,spline_s2,1.0,19,7,7.025825825825827,0.8902939658691251,213.81176056692073
bins_700,1.0,-0.2313916852932179,7.025825825825827,1.0,700,spline_s2,1.0,19,12,7.94954954954955,0.24011298693187447,30.772940783593526
bins_700,1.0,-0.2313916852932179,7.025825825825827,1.0,700,spline_s2,1.0,20,7,7.102802802802804,0.8316479257527917,186.96234768018007
bins_700,1.0,-0.2313916852932179,7.025825825825827,1.0,700,spline_s2,1.0,20,12,7.94954954954955,0.20569181938301917,20.789361133162743
bins_700,1.0,-0.2313916852932179,7.025825825825827,1.0,700,spline_s2,1.0,21,7,7.025825825825827,0.8330763225528881,187.83778552597198
bins_700,1.0,-0.2313916852932179,7.025825825825827,1.0,700,spline_s2,1.0,21,12,7.872572572572574,0.22656738457110798,24.78853968014033
bins_700,1.0,-0.2313916852932179,7.025825825825827,1.0,700,spline_s2,1.0,22,7,7.102802802802804,0.8668121296374058,204.15697879518325
bins_700,1.0,-0.2313916852932179,7.025825825825827,1.0,700,spline_s2,1.0,22,12,7.94954954954955,0.21483144262225257,24.426587710427725
bins_700,1.0,-0.2313916852932179,7.025825825825827,1.0,700,spline_s2,1.0,23,7,7.102802802802804,0.8042138916025083,176.2522308131763
bins_700,1.0,-0.2313916852932179,7.025825825825827,1.0,700,spline_s2,1.0,23,12,8.103503503503504,0.20745368770636768,26.48340038164963
bins_700,1.0,-0.2313916852932179,7.025825825825827,1.0,700,spline_s2,1.0,24,7,7.17977977977978,0.7682541165160826,164.83615499986524
bins_700,1.0,-0.2313916852932179,7.025825825825827,1.0,700,spline_s2,1.0,24,12,8.026526526526528,0.23328956485095992,30.78633348029541
bins_700,1.0,-0.2313916852932179,7.025825825825827,1.0,700,spline_s2,1.0,25,7,7.17977977977978,0.8609820124268855,203.37356001154865
bins_700,1.0,-0.2313916852932179,7.025825825825827,1.0,700,spline_s2,1.0,25,12,7.94954954954955,0.2729362127828881,39.795971909351465
bins_700,1.0,-0.2313916852932179,7.025825825825827,1.0,700,spline_s2,1.0,26,7,7.102802802802804,0.8690930714318005,204.3373224562216
bins_700,1.0,-0.2313916852932179,7.025825825825827,1.0,700,spline_s2,1.0,26,12,7.94954954954955,0.25226017744815693,32.88448908003829
bins_700,1.0,-0.2313916852932179,7.025825825825827,1.0,700,spline_s2,1.0,27,7,7.17977977977978,0.7996583193260787,176.058794033989
bins_700,1.0,-0.2313916852932179,7.025825825825827,1.0,700,spline_s2,1.0,27,12,7.94954954954955,0.23213798006727673,32.34274251762656
bins_700,1.0,-0.2313916852932179,7.025825825825827,1.0,700,spline_s2,1.0,28,7,7.102802802802804,0.759625031160511,159.29165544556486
bins_700,1.0,-0.2313916852932179,7.025825825825827,1.0,700,spline_s2,1.0,28,12,7.94954954954955,0.23080138754613078,32.52472095767928
bins_700,1.0,-0.2313916852932179,7.025825825825827,1.0,700,spline_s2,1.0,29,7,7.102802802802804,0.8965673949129116,217.74749003615557
bins_700,1.0,-0.2313916852932179,7.025825825825827,1.0,700,spline_s2,1.0,29,12,8.026526526526528,0.2281574958693982,29.679848930752428
bins_700,1.0,-0.2313916852932179,7.025825825825827,1.0,700,spline_s2,1.0,30,7,6.948848848848849,0.8501043035726147,196.2126849396567
bins_700,1.0,-0.2313916852932179,7.025825825825827,1.0,700,spline_s2,1.0,30,12,7.7955955955955964,0.21955084539709233,20.89740287459938
bins_700,1.0,-0.2313916852932179,7.025825825825827,1.0,700,spline_s2,1.0,31,7,7.102802802802804,0.8205185546111164,180.99402107541914
bins_700,1.0,-0.2313916852932179,7.025825825825827,1.0,700,spline_s2,1.0,31,12,7.94954954954955,0.2522240979084128,34.07633201858107
bins_700,1.0,-0.2313916852932179,7.025825825825827,1.0,700,spline_s2,1.0,32,7,7.17977977977978,0.7867633607006713,168.90556020849044
bins_700,1.0,-0.2313916852932179,7.025825825825827,1.0,700,spline_s2,1.0,32,12,10.797697697697698,0.17862997685849372,30.899512765951158
bins_700,1.0,-0.2313916852932179,7.025825825825827,1.0,700,spline_s2,1.0,33,7,7.102802802802804,0.8822481022283609,213.02214096507169
bins_700,1.0,-0.2313916852932179,7.025825825825827,1.0,700,spline_s2,1.0,33,12,7.94954954954955,0.2811794370302586,40.85971812024536
bins_700,1.0,-0.2313916852932179,7.025825825825827,1.0,700,spline_s2,1.0,34,7,7.102802802802804,0.8487647802134728,195.89479066881108
bins_700,1.0,-0.2313916852932179,7.025825825825827,1.0,700,spline_s2,1.0,34,12,7.872572572572574,0.23321331886248492,26.835088922903424
bins_700,1.0,-0.2313916852932179,7.025825825825827,1.0,700,spline_s2,1.0,35,7,7.17977977977978,0.9257167852981163,230.2417959621621
bins_700,1.0,-0.2313916852932179,7.025825825825827,1.0,700,spline_s2,1.0,35,12,7.94954954954955,0.24780587511687913,30.71838068139607
bins_700,1.0,-0.2313916852932179,7.025825825825827,1.0,700,spline_s2,1.0,36,7,7.025825825825827,0.756373948886967,156.14564144675808
bins_700,1.0,-0.2313916852932179,7.025825825825827,1.0,700,spline_s2,1.0,36,12,7.94954954954955,0.2122407598839229,25.11918906300025
bins_700,1.0,-0.2313916852932179,7.025825825825827,1.0,700,spline_s2,1.0,37,7,7.102802802802804,0.8515792921067301,196.37108974240994
bins_700,1.0,-0.2313916852932179,7.025825825825827,1.0,700,spline_s2,1.0,37,12,7.872572572572574,0.23761485286812736,26.971538502191834
bins_700,1.0,-0.2313916852932179,7.025825825825827,1.0,700,spline_s2,1.0,38,7,7.102802802802804,0.8825588497474505,211.15931234627612
bins_700,1.0,-0.2313916852932179,7.025825825825827,1.0,700,spline_s2,1.0,38,12,8.180480480480481,0.21160406978307272,28.476593696629152
bins_700,1.0,-0.2313916852932179,7.025825825825827,1.0,700,spline_s2,1.0,39,7,7.102802802802804,0.924368171229798,231.74423790361288
bins_700,1.0,-0.2313916852932179,7.025825825825827,1.0,700,spline_s2,1.0,39,12,7.94954954954955,0.24361923804192423,30.237591951573563
bins_700,1.0,-0.2313916852932179,7.025825825825827,1.0,700,spline_s2,1.0,40,7,7.102802802802804,0.8202451008793862,179.49692915742617
bins_700,1.0,-0.2313916852932179,7.025825825825827,1.0,700,spline_s2,1.0,40,12,7.94954954954955,0.22201707253788464,26.360303999884422
bins_700,1.0,-0.2313916852932179,7.025825825825827,1.0,700,spline_s2,1.0,41,7,7.17977977977978,0.9455242973056588,250.86973243043735
bins_700,1.0,-0.2313916852932179,7.025825825825827,1.0,700,spline_s2,1.0,41,12,8.103503503503504,0.282112321756981,51.81861048173528
bins_700,1.0,-0.2313916852932179,7.025825825825827,1.0,700,spline_s2,1.0,42,7,7.102802802802804,0.8114494419439635,178.25877329042555
bins_700,1.0,-0.2313916852932179,7.025825825825827,1.0,700,spline_s2,1.0,42,12,8.026526526526528,0.2330321299673696,33.431699911571854
bins_700,1.0,-0.2313916852932179,7.025825825825827,1.0,700,spline_s2,1.0,43,7,7.102802802802804,0.7900577489889239,172.34019182091617
bins_700,1.0,-0.2313916852932179,7.025825825825827,1.0,700,spline_s2,1.0,43,12,7.94954954954955,0.2593221788469252,32.543550784029776
bins_700,1.0,-0.2313916852932179,7.025825825825827,1.0,700,spline_s2,1.0,44,7,7.102802802802804,0.8633402957786922,202.2696279309913
bins_700,1.0,-0.2313916852932179,7.025825825825827,1.0,700,spline_s2,1.0,44,12,7.94954954954955,0.26484991958344606,35.28739961566396
bins_700,1.0,-0.2313916852932179,7.025825825825827,1.0,700,spline_s2,1.0,45,7,7.102802802802804,0.835226399600129,189.06886787283577
bins_700,1.0,-0.2313916852932179,7.025825825825827,1.0,700,spline_s2,1.0,45,12,7.94954954954955,0.24767436081750174,28.98618400015448
bins_700,1.0,-0.2313916852932179,7.025825825825827,1.0,700,spline_s2,1.0,46,7,7.102802802802804,0.8021412534477893,175.29305203013075
bins_700,1.0,-0.2313916852932179,7.025825825825827,1.0,700,spline_s2,1.0,46,12,7.872572572572574,0.2417092623985669,28.898841821343694
bins_700,1.0,-0.2313916852932179,7.025825825825827,1.0,700,spline_s2,1.0,47,7,7.025825825825827,0.8653651075953535,202.3874528233839
bins_700,1.0,-0.2313916852932179,7.025825825825827,1.0,700,spline_s2,1.0,47,12,7.872572572572574,0.26988628474133447,34.37934087637768
bins_700,1.0,-0.2313916852932179,7.025825825825827,1.0,700,spline_s2,1.0,48,7,7.102802802802804,0.885108952029908,215.06922516082307
bins_700,1.0,-0.2313916852932179,7.025825825825827,1.0,700,spline_s2,1.0,48,12,7.872572572572574,0.24356345174214977,32.023726866742095
bins_700,1.0,-0.2313916852932179,7.025825825825827,1.0,700,spline_s2,1.0,49,7,7.102802802802804,0.8601466859208198,198.58110782986057
bins_700,1.0,-0.2313916852932179,7.025825825825827,1.0,700,spline_s2,1.0,49,12,8.103503503503504,0.2136970611378277,34.5663117086342
bins_700,1.0,-0.2313916852932179,7.025825825825827,1.0,700,spline_s2,1.0,50,7,7.17977977977978,0.8934675371122465,217.5066635698953
bins_700,1.0,-0.2313916852932179,7.025825825825827,1.0,700,spline_s2,1.0,50,12,8.026526526526528,0.22263661585654226,30.13588547410984
bins_700,1.0,-0.2313916852932179,7.025825825825827,1.0,700,spline_s2,1.0,51,7,7.17977977977978,0.9107798931817316,230.19303472135016
bins_700,1.0,-0.2313916852932179,7.025825825825827,1.0,700,spline_s2,1.0,51,12,7.872572572572574,0.22952227835864394,24.8089468917085
bins_700,1.0,-0.2313916852932179,7.025825825825827,1.0,700,spline_s2,1.0,52,7,6.948848848848849,0.7038464144147959,134.25719372066192
bins_700,1.0,-0.2313916852932179,7.025825825825827,1.0,700,spline_s2,1.0,52,12,7.872572572572574,0.22592280814766702,25.62628884426772
bins_700,1.0,-0.2313916852932179,7.025825825825827,1.0,700,spline_s2,1.0,53,7,7.102802802802804,0.8513822187269358,198.44298941689988
bins_700,1.0,-0.2313916852932179,7.025825825825827,1.0,700,spline_s2,1.0,53,12,8.026526526526528,0.27676891164933176,44.401745751289525
bins_700,1.0,-0.2313916852932179,7.025825825825827,1.0,700,spline_s2,1.0,54,7,7.025825825825827,0.8086017086270229,177.04788818220766
bins_700,1.0,-0.2313916852932179,7.025825825825827,1.0,700,spline_s2,1.0,54,12,7.94954954954955,0.28510272693904165,48.109848090450214
bins_700,1.0,-0.2313916852932179,7.025825825825827,1.0,700,spline_s2,1.0,55,7,7.17977977977978,0.8588286764709074,200.24995110584052
bins_700,1.0,-0.2313916852932179,7.025825825825827,1.0,700,spline_s2,1.0,55,12,8.026526526526528,0.2586212473746963,33.745273905610475
bins_700,1.0,-0.2313916852932179,7.025825825825827,1.0,700,spline_s2,1.0,56,7,7.102802802802804,0.8933316828638765,216.94885339283417
bins_700,1.0,-0.2313916852932179,7.025825825825827,1.0,700,spline_s2,1.0,56,12,7.872572572572574,0.2658518488679256,34.3168512894149
bins_700,1.0,-0.2313916852932179,7.025825825825827,1.0,700,spline_s2,1.0,57,7,7.025825825825827,0.8306575995479719,188.605197294066
bins_700,1.0,-0.2313916852932179,7.025825825825827,1.0,700,spline_s2,1.0,57,12,7.94954954954955,0.24867820103554938,36.93968445547205
bins_700,1.0,-0.2313916852932179,7.025825825825827,1.0,700,spline_s2,1.0,58,7,7.025825825825827,0.8610225848058988,201.71425121938262
bins_700,1.0,-0.2313916852932179,7.025825825825827,1.0,700,spline_s2,1.0,58,12,7.94954954954955,0.2478557248520297,30.237445583620797
bins_700,1.0,-0.2313916852932179,7.025825825825827,1.0,700,spline_s2,1.0,59,7,7.102802802802804,0.9309342133053784,232.47271534780498
bins_700,1.0,-0.2313916852932179,7.025825825825827,1.0,700,spline_s2,1.0,59,12,7.94954954954955,0.2350147059818577,27.14818733083314
bins_700,1.0,-0.2313916852932179,7.025825825825827,1.0,700,spline_s2,1.0,60,7,7.102802802802804,0.9471380285874235,244.500736267227
bins_700,1.0,-0.2313916852932179,7.025825825825827,1.0,700,spline_s2,1.0,60,12,7.872572572572574,0.27440185701531505,37.85985663674785
bins_700,1.0,-0.2313916852932179,7.025825825825827,1.0,700,spline_s2,1.0,61,7,7.102802802802804,0.8728818251098798,206.84080157878702
bins_700,1.0,-0.2313916852932179,7.025825825825827,1.0,700,spline_s2,1.0,61,12,8.026526526526528,0.23349427501465952,30.909125605189274
bins_700,1.0,-0.2313916852932179,7.025825825825827,1.0,700,spline_s2,1.0,62,7,6.948848848848849,0.8436460774600796,192.25448996168484
bins_700,1.0,-0.2313916852932179,7.025825825825827,1.0,700,spline_s2,1.0,62,12,8.026526526526528,0.20474966415766208,21.775576681142297
bins_700,1.0,-0.2313916852932179,7.025825825825827,1.0,700,spline_s2,1.0,63,7,7.102802802802804,0.8670963545138729,204.70089131312125
bins_700,1.0,-0.2313916852932179,7.025825825825827,1.0,700,spline_s2,1.0,63,12,7.94954954954955,0.2453039548458324,30.143507137469896
bins_700,1.0,-0.2313916852932179,7.025825825825827,1.0,700,spline_s2,1.0,64,7,7.025825825825827,0.8473465304280935,190.75561963412576
bins_700,1.0,-0.2313916852932179,7.025825825825827,1.0,700,spline_s2,1.0,64,12,7.94954954954955,0.20316852743512634,22.879152183593078
bins_700,1.0,-0.2313916852932179,7.025825825825827,1.0,700,spline_s2,1.0,65,7,7.025825825825827,0.8604466271654811,198.5194587157647
bins_700,1.0,-0.2313916852932179,7.025825825825827,1.0,700,spline_s2,1.0,65,12,7.7955955955955964,0.1930653544943561,15.586824100039394
bins_700,1.0,-0.2313916852932179,7.025825825825827,1.0,700,spline_s2,1.0,66,7,7.102802802802804,0.9319341361934536,235.35600648626098
bins_700,1.0,-0.2313916852932179,7.025825825825827,1.0,700,spline_s2,1.0,66,12,8.026526526526528,0.2638615389036864,39.4368715151337
bins_700,1.0,-0.2313916852932179,7.025825825825827,1.0,700,spline_s2,1.0,67,7,7.025825825825827,0.8710565114403874,205.67907317998322
bins_700,1.0,-0.2313916852932179,7.025825825825827,1.0,700,spline_s2,1.0,67,12,7.94954954954955,0.2002966224259816,21.34646635079696
bins_700,1.0,-0.2313916852932179,7.025825825825827,1.0,700,spline_s2,1.0,68,7,7.102802802802804,0.8874184617328795,214.25821846135864
bins_700,1.0,-0.2313916852932179,7.025825825825827,1.0,700,spline_s2,1.0,68,12,8.026526526526528,0.297300160024051,44.36417842342064
bins_700,1.0,-0.2313916852932179,7.025825825825827,1.0,700,spline_s2,1.0,69,7,7.102802802802804,0.8377968336559934,193.44114443832495
bins_700,1.0,-0.2313916852932179,7.025825825825827,1.0,700,spline_s2,1.0,69,12,8.026526526526528,0.2653010960784401,42.75708384599193
bins_700,1.0,-0.2313916852932179,7.025825825825827,1.0,700,spline_s2,1.0,70,7,7.025825825825827,0.8881325999814301,211.01684074267848
bins_700,1.0,-0.2313916852932179,7.025825825825827,1.0,700,spline_s2,1.0,70,12,7.94954954954955,0.2316221897441517,27.893008813758115
bins_700,1.0,-0.2313916852932179,7.025825825825827,1.0,700,spline_s2,1.0,71,7,7.025825825825827,0.825170530359797,185.14115606247208
bins_700,1.0,-0.2313916852932179,7.025825825825827,1.0,700,spline_s2,1.0,71,12,7.94954954954955,0.25490563985168174,36.675220194919575
bins_700,1.0,-0.2313916852932179,7.025825825825827,1.0,700,spline_s2,1.0,72,7,7.17977977977978,0.8201107605212914,183.33318151287983
bins_700,1.0,-0.2313916852932179,7.025825825825827,1.0,700,spline_s2,1.0,72,12,8.026526526526528,0.2228348290344824,31.161172706051275
bins_700,1.0,-0.2313916852932179,7.025825825825827,1.0,700,spline_s2,1.0,73,7,7.102802802802804,0.9447727137920091,241.29845791076377
bins_700,1.0,-0.2313916852932179,7.025825825825827,1.0,700,spline_s2,1.0,73,12,8.026526526526528,0.2589775008180499,35.90131812403786
bins_700,1.0,-0.2313916852932179,7.025825825825827,1.0,700,spline_s2,1.0,74,7,7.17977977977978,0.7864202948340057,168.95983839884207
bins_700,1.0,-0.2313916852932179,7.025825825825827,1.0,700,spline_s2,1.0,74,12,7.94954954954955,0.22995332365717655,27.84147999663446
bins_700,1.0,-0.2313916852932179,7.025825825825827,1.0,700,spline_s2,1.0,75,7,7.025825825825827,0.8920660404216664,215.42042200944502
bins_700,1.0,-0.2313916852932179,7.025825825825827,1.0,700,spline_s2,1.0,75,12,7.872572572572574,0.24559402351073412,27.617691019219365
bins_700,1.0,-0.2313916852932179,7.025825825825827,1.0,700,spline_s2,1.0,76,7,7.102802802802804,0.8504649835202386,197.16878760810732
bins_700,1.0,-0.2313916852932179,7.025825825825827,1.0,700,spline_s2,1.0,76,12,7.872572572572574,0.24183466211592422,28.526180649715116
bins_700,1.0,-0.2313916852932179,7.025825825825827,1.0,700,spline_s2,1.0,77,7,7.17977977977978,0.7416982634985353,150.3750727506599
bins_700,1.0,-0.2313916852932179,7.025825825825827,1.0,700,spline_s2,1.0,77,12,8.103503503503504,0.17254129932538265,18.32695170359864
bins_700,1.0,-0.2313916852932179,7.025825825825827,1.0,700,spline_s2,1.0,78,7,7.102802802802804,0.9705687235363514,255.5320963138322
bins_700,1.0,-0.2313916852932179,7.025825825825827,1.0,700,spline_s2,1.0,78,12,7.872572572572574,0.28021485551218767,37.04390849433344
bins_700,1.0,-0.2313916852932179,7.025825825825827,1.0,700,spline_s2,1.0,79,7,7.025825825825827,0.7813292750472217,162.89323517121784
bins_700,1.0,-0.2313916852932179,7.025825825825827,1.0,700,spline_s2,1.0,79,12,8.026526526526528,0.17938984841823974,20.31390642096244
bins_700,1.0,-0.2313916852932179,7.025825825825827,1.0,700,spline_s2,1.0,80,7,7.102802802802804,0.7682937973306837,162.60790319225646
bins_700,1.0,-0.2313916852932179,7.025825825825827,1.0,700,spline_s2,1.0,80,12,8.026526526526528,0.22778680743082932,26.874529304380985
bins_700,1.0,-0.2313916852932179,7.025825825825827,1.0,700,spline_s2,1.0,81,7,7.17977977977978,0.7747934777950667,166.09517222533998
bins_700,1.0,-0.2313916852932179,7.025825825825827,1.0,700,spline_s2,1.0,81,12,7.94954954954955,0.21105745024184003,23.532557176984824
bins_700,1.0,-0.2313916852932179,7.025825825825827,1.0,700,spline_s2,1.0,82,7,7.102802802802804,0.7722633747650173,160.4329089208518
bins_700,1.0,-0.2313916852932179,7.025825825825827,1.0,700,spline_s2,1.0,82,12,7.94954954954955,0.18776967075379586,17.90013561833689
bins_700,1.0,-0.2313916852932179,7.025825825825827,1.0,700,spline_s2,1.0,83,7,6.948848848848849,0.7622183124560891,158.5058967314444
bins_700,1.0,-0.2313916852932179,7.025825825825827,1.0,700,spline_s2,1.0,83,12,7.94954954954955,0.2260160249101798,25.931709529511295
bins_700,1.0,-0.2313916852932179,7.025825825825827,1.0,700,spline_s2,1.0,84,7,7.17977977977978,0.9155329538023435,230.47021683920292
bins_700,1.0,-0.2313916852932179,7.025825825825827,1.0,700,spline_s2,1.0,84,12,7.94954954954955,0.29460933449856985,41.54905677696365
bins_700,1.0,-0.2313916852932179,7.025825825825827,1.0,700,spline_s2,1.0,85,7,7.025825825825827,0.7694662731585905,159.3294548480343
bins_700,1.0,-0.2313916852932179,7.025825825825827,1.0,700,spline_s2,1.0,85,12,8.026526526526528,0.17167675420618378,15.779861252024148
bins_700,1.0,-0.2313916852932179,7.025825825825827,1.0,700,spline_s2,1.0,86,7,7.102802802802804,0.9487907159386666,242.3225720082163
bins_700,1.0,-0.2313916852932179,7.025825825825827,1.0,700,spline_s2,1.0,86,12,10.720720720720722,0.26977902806129633,34.65573224037712
bins_700,1.0,-0.2313916852932179,7.025825825825827,1.0,700,spline_s2,1.0,87,7,7.102802802802804,0.783012549280224,167.54569596614135
bins_700,1.0,-0.2313916852932179,7.025825825825827,1.0,700,spline_s2,1.0,87,12,8.026526526526528,0.20857432864902167,25.99478734446211
bins_700,1.0,-0.2313916852932179,7.025825825825827,1.0,700,spline_s2,1.0,88,7,7.102802802802804,0.9334464274498582,238.13924126156132
bins_700,1.0,-0.2313916852932179,7.025825825825827,1.0,700,spline_s2,1.0,88,12,7.872572572572574,0.2896724591172922,38.464729806067226
bins_700,1.0,-0.2313916852932179,7.025825825825827,1.0,700,spline_s2,1.0,89,7,7.102802802802804,0.7935700577796414,171.0655696216587
bins_700,1.0,-0.2313916852932179,7.025825825825827,1.0,700,spline_s2,1.0,89,12,7.94954954954955,0.23784534412896546,27.83081704259712
bins_700,1.0,-0.2313916852932179,7.025825825825827,1.0,700,spline_s2,1.0,90,7,7.102802802802804,0.882955425854297,209.94845439908795
bins_700,1.0,-0.2313916852932179,7.025825825825827,1.0,700,spline_s2,1.0,90,12,7.94954954954955,0.2745932632577122,38.71163966060749
bins_700,1.0,-0.2313916852932179,7.025825825825827,1.0,700,spline_s2,1.0,91,7,7.102802802802804,0.89637338946059,221.36832830526293
bins_700,1.0,-0.2313916852932179,7.025825825825827,1.0,700,spline_s2,1.0,91,12,8.026526526526528,0.279996556230077,47.421541392271365
bins_700,1.0,-0.2313916852932179,7.025825825825827,1.0,700,spline_s2,1.0,92,7,7.025825825825827,0.9069731211135061,229.69046079955012
bins_700,1.0,-0.2313916852932179,7.025825825825827,1.0,700,spline_s2,1.0,92,12,7.872572572572574,0.2941032262922423,39.57381286957275
bins_700,1.0,-0.2313916852932179,7.025825825825827,1.0,700,spline_s2,1.0,93,7,7.102802802802804,0.9276663903892974,232.15639729774114
bins_700,1.0,-0.2313916852932179,7.025825825825827,1.0,700,spline_s2,1.0,93,12,7.94954954954955,0.26981358002122696,39.060797169954526
bins_700,1.0,-0.2313916852932179,7.025825825825827,1.0,700,spline_s2,1.0,94,7,7.025825825825827,0.9197480625259747,226.35453703318308
bins_700,1.0,-0.2313916852932179,7.025825825825827,1.0,700,spline_s2,1.0,94,12,8.026526526526528,0.2140222870377228,25.969429843468447
bins_700,1.0,-0.2313916852932179,7.025825825825827,1.0,700,spline_s2,1.0,95,7,7.17977977977978,0.9002291647903599,220.08409582098943
bins_700,1.0,-0.2313916852932179,7.025825825825827,1.0,700,spline_s2,1.0,95,12,8.026526526526528,0.23258242785276487,29.512999891371123
bins_700,1.0,-0.2313916852932179,7.025825825825827,1.0,700,spline_s2,1.0,96,7,7.17977977977978,0.7691161680510831,163.05687359755484
bins_700,1.0,-0.2313916852932179,7.025825825825827,1.0,700,spline_s2,1.0,96,12,8.026526526526528,0.23454575224525803,31.483173816852627
bins_700,1.0,-0.2313916852932179,7.025825825825827,1.0,700,spline_s2,1.0,97,7,7.17977977977978,0.8393270502841069,192.4927259335002
bins_700,1.0,-0.2313916852932179,7.025825825825827,1.0,700,spline_s2,1.0,97,12,8.026526526526528,0.20364747488267987,24.26173675086568
bins_700,1.0,-0.2313916852932179,7.025825825825827,1.0,700,spline_s2,1.0,98,7,7.025825825825827,0.8335200828610019,189.47385750504867
bins_700,1.0,-0.2313916852932179,7.025825825825827,1.0,700,spline_s2,1.0,98,12,8.026526526526528,0.23703219203887224,34.409341546248186
bins_700,1.0,-0.2313916852932179,7.025825825825827,1.0,700,spline_s2,1.0,99,7,7.025825825825827,0.8969389386394782,217.0703375411714
bins_700,1.0,-0.2313916852932179,7.025825825825827,1.0,700,spline_s2,1.0,99,12,7.94954954954955,0.20903782562930426,24.910398025004497
generator_pois_poly12,1.0,-0.2313916852932179,7.025825825825827,1.0,350,pois_poly12,0,0,7,7.4107107107107115,1.2715356438991345,268.28934572539504
generator_pois_poly12,1.0,-0.2313916852932179,7.025825825825827,1.0,350,pois_poly12,0,0,12,75.61231231231231,0.06552328270956191,11.78574152062896
generator_pois_poly12,1.0,-0.2313916852932179,7.025825825825827,1.0,350,pois_poly12,0,1,7,7.17977977977978,1.0338165357385087,147.43331240938983
generator_pois_poly12,1.0,-0.2313916852932179,7.025825825825827,1.0,350,pois_poly12,0,1,12,46.28408408408409,0.0333379244447508,5.210990985298309
generator_pois_poly12,1.0,-0.2313916852932179,7.025825825825827,1.0,350,pois_poly12,0,2,7,7.333733733733734,0.8809178659288718,117.41054667236858
generator_pois_poly12,1.0,-0.2313916852932179,7.025825825825827,1.0,350,pois_poly12,0,2,12,71.53253253253254,0.021842821495228988,14.331077720776022
generator_pois_poly12,1.0,-0.2313916852932179,7.025825825825827,1.0,350,pois_poly12,0,3,7,7.487687687687689,1.0850720494897275,189.80762116135054
generator_pois_poly12,1.0,-0.2313916852932179,7.025825825825827,1.0,350,pois_poly12,0,3,12,15.647247247247249,0.08948600175028955,9.666349161932231
generator_pois_poly12,1.0,-0.2313916852932179,7.025825825825827,1.0,350,pois_poly12,0,4,7,7.17977977977978,1.2190892567249771,209.71167439838507
generator_pois_poly12,1.0,-0.2313916852932179,7.025825825825827,1.0,350,pois_poly12,0,4,12,70.45485485485486,0.061921584782378386,12.222170577228695
generator_pois_poly12,1.0,-0.2313916852932179,7.025825825825827,1.0,350,pois_poly12,0,5,7,7.256756756756758,1.1531764430481235,184.5596060048037
generator_pois_poly12,1.0,-0.2313916852932179,7.025825825825827,1.0,350,pois_poly12,0,5,12,53.98178178178179,0.08398230367752163,15.816752532661326
generator_pois_poly12,1.0,-0.2313916852932179,7.025825825825827,1.0,350,pois_poly12,0,6,7,7.256756756756758,1.0789576512582397,162.7359177382748
generator_pois_poly12,1.0,-0.2313916852932179,7.025825825825827,1.0,350,pois_poly12,0,6,12,22.729129129129134,0.032306968757163775,6.2813298580663
generator_pois_poly12,1.0,-0.2313916852932179,7.025825825825827,1.0,350,pois_poly12,0,7,7,7.256756756756758,1.1218728296545308,176.9556560534021
generator_pois_poly12,1.0,-0.2313916852932179,7.025825825825827,1.0,350,pois_poly12,0,7,12,73.22602602602603,0.013084294512246538,8.401208219413888
generator_pois_poly12,1.0,-0.2313916852932179,7.025825825825827,1.0,350,pois_poly12,0,8,7,7.256756756756758,0.976975531087481,134.67550984039082
generator_pois_poly12,1.0,-0.2313916852932179,7.025825825825827,1.0,350,pois_poly12,0,8,12,46.668968968968976,0.01777820033563596,12.15652818356915
generator_pois_poly12,1.0,-0.2313916852932179,7.025825825825827,1.0,350,pois_poly12,0,9,7,7.333733733733734,1.0777194269010042,169.37278554516013
generator_pois_poly12,1.0,-0.2313916852932179,7.025825825825827,1.0,350,pois_poly12,0,9,12,51.287587587587595,0.06088511012920002,16.1568992182535
generator_pois_poly12,1.0,-0.2313916852932179,7.025825825825827,1.0,350,pois_poly12,0,10,7,7.256756756756758,1.067100091136833,158.12187267500025
generator_pois_poly12,1.0,-0.2313916852932179,7.025825825825827,1.0,350,pois_poly12,0,10,12,22.960060060060066,0.040689184822835026,6.544786681352974
generator_pois_poly12,1.0,-0.2313916852932179,7.025825825825827,1.0,350,pois_poly12,0,11,7,7.102802802802804,1.2657394403677906,215.65873003887435
generator_pois_poly12,1.0,-0.2313916852932179,7.025825825825827,1.0,350,pois_poly12,0,11,12,17.340740740740742,0.06616694223259839,14.546460667464629
generator_pois_poly12,1.0,-0.2313916852932179,7.025825825825827,1.0,350,pois_poly12,0,12,7,7.102802802802804,1.1563819359320047,176.6096507459187
generator_pois_poly12,1.0,-0.2313916852932179,7.025825825825827,1.0,350,pois_poly12,0,12,12,66.29809809809811,0.03714808013170183,11.011673742690903
generator_pois_poly12,1.0,-0.2313916852932179,7.025825825825827,1.0,350,pois_poly12,0,13,7,7.102802802802804,1.0456738929569886,145.19187465534037
generator_pois_poly12,1.0,-0.2313916852932179,7.025825825825827,1.0,350,pois_poly12,0,13,12,55.59829829829831,0.04660518049722674,11.073495524977062
generator_pois_poly12,1.0,-0.2313916852932179,7.025825825825827,1.0,350,pois_poly12,0,14,7,7.102802802802804,1.3575582643326423,243.75833791480937
generator_pois_poly12,1.0,-0.2313916852932179,7.025825825825827,1.0,350,pois_poly12,0,14,12,37.43173173173174,0.11555509423329934,7.113664859564437
generator_pois_poly12,1.0,-0.2313916852932179,7.025825825825827,1.0,350,pois_poly12,0,15,7,7.025825825825827,0.9791969471608818,128.3464323379855
generator_pois_poly12,1.0,-0.2313916852932179,7.025825825825827,1.0,350,pois_poly12,0,15,12,47.51571571571572,0.05599029335182691,5.223614455509278
generator_pois_poly12,1.0,-0.2313916852932179,7.025825825825827,1.0,350,pois_poly12,0,16,7,7.17977977977978,1.0916946064562087,162.86913902921037
generator_pois_poly12,1.0,-0.2313916852932179,7.025825825825827,1.0,350,pois_poly12,0,16,12,47.13083083083084,0.05945035720491076,9.717819556326447
generator_pois_poly12,1.0,-0.2313916852932179,7.025825825825827,1.0,350,pois_poly12,0,17,7,7.256756756756758,1.259765754103746,236.57341741811842
generator_pois_poly12,1.0,-0.2313916852932179,7.025825825825827,1.0,350,pois_poly12,0,17,12,79.30720720720721,0.08796091074244032,11.88279971094721
generator_pois_poly12,1.0,-0.2313916852932179,7.025825825825827,1.0,350,pois_poly12,0,18,7,7.17977977977978,1.0020920952085333,135.6387080978417
generator_pois_poly12,1.0,-0.2313916852932179,7.025825825825827,1.0,350,pois_poly12,0,18,12,32.73613613613614,0.024558212113127965,13.10875548312157
generator_pois_poly12,1.0,-0.2313916852932179,7.025825825825827,1.0,350,pois_poly12,0,19,7,7.17977977977978,1.225836760703694,206.93388776557305
generator_pois_poly12,1.0,-0.2313916852932179,7.025825825825827,1.0,350,pois_poly12,0,19,12,29.811011011011015,0.05574245758999052,9.11033190979083
generator_pois_poly12,1.0,-0.2313916852932179,7.025825825825827,1.0,350,pois_poly12,0,20,7,7.256756756756758,0.9845911258833493,138.71228309450026
generator_pois_poly12,1.0,-0.2313916852932179,7.025825825825827,1.0,350,pois_poly12,0,20,12,77.15185185185186,0.03273486770369161,8.379281106079588
generator_pois_poly12,1.0,-0.2313916852932179,7.025825825825827,1.0,350,pois_poly12,0,21,7,7.256756756756758,1.0052798251864852,142.89693554877994
generator_pois_poly12,1.0,-0.2313916852932179,7.025825825825827,1.0,350,pois_poly12,0,21,12,48.67037037037038,0.040363531732041616,10.430427562189436
generator_pois_poly12,1.0,-0.2313916852932179,7.025825825825827,1.0,350,pois_poly12,0,22,7,7.102802802802804,1.0320449063146842,140.4727169216223
generator_pois_poly12,1.0,-0.2313916852932179,7.025825825825827,1.0,350,pois_poly12,0,22,12,54.520620620620626,0.010906738399424546,8.556916252349396
generator_pois_poly12,1.0,-0.2313916852932179,7.025825825825827,1.0,350,pois_poly12,0,23,7,7.17977977977978,1.113123396016195,167.47655004512512
generator_pois_poly12,1.0,-0.2313916852932179,7.025825825825827,1.0,350,pois_poly12,0,23,12,79.6920920920921,0.02835477616881335,9.775257459243818
generator_pois_poly12,1.0,-0.2313916852932179,7.025825825825827,1.0,350,pois_poly12,0,24,7,7.17977977977978,0.9829743686630733,133.6161422588806
generator_pois_poly12,1.0,-0.2313916852932179,7.025825825825827,1.0,350,pois_poly12,0,24,12,32.274274274274276,0.02519726060528996,9.033432304847537
generator_pois_poly12,1.0,-0.2313916852932179,7.025825825825827,1.0,350,pois_poly12,0,25,7,6.794894894894895,1.0929910925597246,163.83010348964592
generator_pois_poly12,1.0,-0.2313916852932179,7.025825825825827,1.0,350,pois_poly12,0,25,12,20.650750750750756,0.06909828362997462,8.657160577696345
generator_pois_poly12,1.0,-0.2313916852932179,7.025825825825827,1.0,350,pois_poly12,0,26,7,7.17977977977978,1.0159878340577744,139.6002271442311
generator_pois_poly12,1.0,-0.2313916852932179,7.025825825825827,1.0,350,pois_poly12,0,26,12,28.733333333333338,0.04274722119487172,8.7929749181651
generator_pois_poly12,1.0,-0.2313916852932179,7.025825825825827,1.0,350,pois_poly12,0,27,7,6.948848848848849,1.0679270275243404,156.4227045397596
generator_pois_poly12,1.0,-0.2313916852932179,7.025825825825827,1.0,350,pois_poly12,0,27,12,57.599699699699705,0.1108362695849439,6.068095583329864
generator_pois_poly12,1.0,-0.2313916852932179,7.025825825825827,1.0,350,pois_poly12,0,28,7,6.871871871871873,1.0118833574455979,139.176205739907
generator_pois_poly12,1.0,-0.2313916852932179,7.025825825825827,1.0,350,pois_poly12,0,28,12,20.958658658658663,0.06032230744132844,10.378882658002226
generator_pois_poly12,1.0,-0.2313916852932179,7.025825825825827,1.0,350,pois_poly12,0,29,7,7.102802802802804,1.1140885988200044,165.17587488650184
generator_pois_poly12,1.0,-0.2313916852932179,7.025825825825827,1.0,350,pois_poly12,0,29,12,40.202902902902906,0.0409483538535488,14.886328806812514
generator_pois_poly12,1.0,-0.2313916852932179,7.025825825825827,1.0,350,pois_poly12,0,30,7,7.102802802802804,1.124673000482546,167.68218336565167
generator_pois_poly12,1.0,-0.2313916852932179,7.025825825825827,1.0,350,pois_poly12,0,30,12,22.344244244244248,0.054152753352589074,11.969755802596808
generator_pois_poly12,1.0,-0.2313916852932179,7.025825825825827,1.0,350,pois_poly12,0,31,7,7.102802802802804,1.0404780418563195,144.23601860797885
generator_pois_poly12,1.0,-0.2313916852932179,7.025825825825827,1.0,350,pois_poly12,0,31,12,59.06226226226227,0.05359876896610641,8.675305294564993
generator_pois_poly12,1.0,-0.2313916852932179,7.025825825825827,1.0,350,pois_poly12,0,32,7,7.025825825825827,1.168693257546848,179.59701692298182
generator_pois_poly12,1.0,-0.2313916852932179,7.025825825825827,1.0,350,pois_poly12,0,32,12,39.51011011011012,0.032662170974310685,7.715362405488406
generator_pois_poly12,1.0,-0.2313916852932179,7.025825825825827,1.0,350,pois_poly12,0,33,7,7.256756756756758,1.0262886148748864,145.1766386901948
generator_pois_poly12,1.0,-0.2313916852932179,7.025825825825827,1.0,350,pois_poly12,0,33,12,66.06716716716717,0.04426398942626976,8.589378233900078
generator_pois_poly12,1.0,-0.2313916852932179,7.025825825825827,1.0,350,pois_poly12,0,34,7,7.256756756756758,1.0909975620862065,161.75014686588145
generator_pois_poly12,1.0,-0.2313916852932179,7.025825825825827,1.0,350,pois_poly12,0,34,12,76.9978978978979,0.06111889168762322,13.675801049191023
generator_pois_poly12,1.0,-0.2313916852932179,7.025825825825827,1.0,350,pois_poly12,0,35,7,7.17977977977978,1.1595901409043363,182.40541413436432
generator_pois_poly12,1.0,-0.2313916852932179,7.025825825825827,1.0,350,pois_poly12,0,35,12,24.422622622622626,0.013999649243055532,7.176191071475671
generator_pois_poly12,1.0,-0.2313916852932179,7.025825825825827,1.0,350,pois_poly12,0,36,7,7.17977977977978,0.9847384528436295,131.04545906636525
generator_pois_poly12,1.0,-0.2313916852932179,7.025825825825827,1.0,350,pois_poly12,0,36,12,34.42962962962963,0.09888495529637453,10.715653160307113
generator_pois_poly12,1.0,-0.2313916852932179,7.025825825825827,1.0,350,pois_poly12,0,37,7,7.17977977977978,1.2643181168619733,215.15814440758413
generator_pois_poly12,1.0,-0.2313916852932179,7.025825825825827,1.0,350,pois_poly12,0,37,12,52.67317317317318,0.06173842145435765,7.410219360742673
generator_pois_poly12,1.0,-0.2313916852932179,7.025825825825827,1.0,350,pois_poly12,0,38,7,7.256756756756758,1.125582995548662,178.88935706585863
generator_pois_poly12,1.0,-0.2313916852932179,7.025825825825827,1.0,350,pois_poly12,0,38,12,36.81591591591592,0.034835866155150455,7.229319290837509
generator_pois_poly12,1.0,-0.2313916852932179,7.025825825825827,1.0,350,pois_poly12,0,39,7,7.256756756756758,1.0481838747316514,151.93778200963726
generator_pois_poly12,1.0,-0.2313916852932179,7.025825825825827,1.0,350,pois_poly12,0,39,12,34.198698698698706,0.022607103413297452,7.436521968064056
generator_pois_poly12,1.0,-0.2313916852932179,7.025825825825827,1.0,350,pois_poly12,0,40,7,7.4107107107107115,1.1475384928155168,210.622331529255
generator_pois_poly12,1.0,-0.2313916852932179,7.025825825825827,1.0,350,pois_poly12,0,40,12,51.364564564564574,0.022665466024375164,11.297876817033284
generator_pois_poly12,1.0,-0.2313916852932179,7.025825825825827,1.0,350,pois_poly12,0,41,7,7.256756756756758,0.9674735772049207,131.20657939158065
generator_pois_poly12,1.0,-0.2313916852932179,7.025825825825827,1.0,350,pois_poly12,0,41,12,79.23023023023023,0.059503016010720985,8.319517754807748
generator_pois_poly12,1.0,-0.2313916852932179,7.025825825825827,1.0,350,pois_poly12,0,42,7,7.17977977977978,1.1350593565647953,174.37947132904168
generator_pois_poly12,1.0,-0.2313916852932179,7.025825825825827,1.0,350,pois_poly12,0,42,12,59.216216216216225,0.03307513037415898,10.265133791141466
generator_pois_poly12,1.0,-0.2313916852932179,7.025825825825827,1.0,350,pois_poly12,0,43,7,6.948848848848849,1.1268783864053162,169.60063722475672
generator_pois_poly12,1.0,-0.2313916852932179,7.025825825825827,1.0,350,pois_poly12,0,43,12,61.52552552552554,0.07531715370098162,7.8061383859437115
generator_pois_poly12,1.0,-0.2313916852932179,7.025825825825827,1.0,350,pois_poly12,0,44,7,7.17977977977978,1.2078744704189361,194.43482889832745
generator_pois_poly12,1.0,-0.2313916852932179,7.025825825825827,1.0,350,pois_poly12,0,44,12,48.67037037037038,0.043005862320375676,9.703694154505854
generator_pois_poly12,1.0,-0.2313916852932179,7.025825825825827,1.0,350,pois_poly12,0,45,7,7.256756756756758,1.2145785068401245,205.3716544514872
generator_pois_poly12,1.0,-0.2313916852932179,7.025825825825827,1.0,350,pois_poly12,0,45,12,37.73963963963965,0.06804294001494694,10.19891473608044
generator_pois_poly12,1.0,-0.2313916852932179,7.025825825825827,1.0,350,pois_poly12,0,46,7,7.17977977977978,1.1086404725841403,167.67824542234985
generator_pois_poly12,1.0,-0.2313916852932179,7.025825825825827,1.0,350,pois_poly12,0,46,12,50.90270270270271,0.020137635240457284,10.653225930363249
generator_pois_poly12,1.0,-0.2313916852932179,7.025825825825827,1.0,350,pois_poly12,0,47,7,7.17977977977978,1.0538775518838484,150.29049924049468
generator_pois_poly12,1.0,-0.2313916852932179,7.025825825825827,1.0,350,pois_poly12,0,47,12,32.351251251251256,0.030788182550498602,8.456823222772783
generator_pois_poly12,1.0,-0.2313916852932179,7.025825825825827,1.0,350,pois_poly12,0,48,7,7.17977977977978,1.0231985406937862,138.7563562219387
generator_pois_poly12,1.0,-0.2313916852932179,7.025825825825827,1.0,350,pois_poly12,0,48,12,47.13083083083084,0.07162598751032342,9.01026944320563
generator_pois_poly12,1.0,-0.2313916852932179,7.025825825825827,1.0,350,pois_poly12,0,49,7,7.256756756756758,0.9763717616835398,130.73629696270586
generator_pois_poly12,1.0,-0.2313916852932179,7.025825825825827,1.0,350,pois_poly12,0,49,12,64.91251251251252,0.08720745536477917,9.031992543934052
generator_pois_poly12,1.0,-0.2313916852932179,7.025825825825827,1.0,350,pois_poly12,0,50,7,7.102802802802804,1.158917239600176,182.94603066127593
generator_pois_poly12,1.0,-0.2313916852932179,7.025825825825827,1.0,350,pois_poly12,0,50,12,24.653553553553557,0.12135940422753776,15.316458013966667
generator_pois_poly12,1.0,-0.2313916852932179,7.025825825825827,1.0,350,pois_poly12,0,51,7,7.256756756756758,0.9624275443801534,126.4493118429387
generator_pois_poly12,1.0,-0.2313916852932179,7.025825825825827,1.0,350,pois_poly12,0,51,12,76.76696696696698,0.05827375296848728,7.1329171602727115
generator_pois_poly12,1.0,-0.2313916852932179,7.025825825825827,1.0,350,pois_poly12,0,52,7,7.102802802802804,1.1245638938455953,166.08231813321652
generator_pois_poly12,1.0,-0.2313916852932179,7.025825825825827,1.0,350,pois_poly12,0,52,12,25.34634634634635,0.05074925846551593,9.202707261427122
generator_pois_poly12,1.0,-0.2313916852932179,7.025825825825827,1.0,350,pois_poly12,0,53,7,7.102802802802804,1.0857176150331378,157.64979443112173
generator_pois_poly12,1.0,-0.2313916852932179,7.025825825825827,1.0,350,pois_poly12,0,53,12,30.272872872872878,0.05997329262517025,10.621390275455497
generator_pois_poly12,1.0,-0.2313916852932179,7.025825825825827,1.0,350,pois_poly12,0,54,7,7.256756756756758,1.1811999503750785,193.8405275204526
generator_pois_poly12,1.0,-0.2313916852932179,7.025825825825827,1.0,350,pois_poly12,0,54,12,34.96846846846847,0.03201843573629793,10.88047278730312
generator_pois_poly12,1.0,-0.2313916852932179,7.025825825825827,1.0,350,pois_poly12,0,55,7,5.871171171171172,0.9803911150943169,140.86038394237244
generator_pois_poly12,1.0,-0.2313916852932179,7.025825825825827,1.0,350,pois_poly12,0,55,12,38.586386386386394,0.06515176916968411,12.375513054912744
generator_pois_poly12,1.0,-0.2313916852932179,7.025825825825827,1.0,350,pois_poly12,0,56,7,7.17977977977978,1.066290937735734,152.06754189376454
generator_pois_poly12,1.0,-0.2313916852932179,7.025825825825827,1.0,350,pois_poly12,0,56,12,65.75925925925927,0.026128970684639936,10.91885564800424
generator_pois_poly12,1.0,-0.2313916852932179,7.025825825825827,1.0,350,pois_poly12,0,57,7,7.17977977977978,1.0755260820953574,155.78702621677218
generator_pois_poly12,1.0,-0.2313916852932179,7.025825825825827,1.0,350,pois_poly12,0,57,12,22.498198198198203,0.043090213186504495,9.827225237955588
generator_pois_poly12,1.0,-0.2313916852932179,7.025825825825827,1.0,350,pois_poly12,0,58,7,7.4107107107107115,0.9833709346973522,151.0728268940029
generator_pois_poly12,1.0,-0.2313916852932179,7.025825825825827,1.0,350,pois_poly12,0,58,12,64.2966966966967,0.054623473857144604,7.968768070941962
generator_pois_poly12,1.0,-0.2313916852932179,7.025825825825827,1.0,350,pois_poly12,0,59,7,7.256756756756758,1.1851815644410604,196.06608344161924
generator_pois_poly12,1.0,-0.2313916852932179,7.025825825825827,1.0,350,pois_poly12,0,59,12,52.75015015015016,0.03992005245745028,9.37581073967499
generator_pois_poly12,1.0,-0.2313916852932179,7.025825825825827,1.0,350,pois_poly12,0,60,7,7.17977977977978,1.0804899411991324,161.69714010024643
generator_pois_poly12,1.0,-0.2313916852932179,7.025825825825827,1.0,350,pois_poly12,0,60,12,64.21971971971972,0.08496448093996672,8.152057393275413
generator_pois_poly12,1.0,-0.2313916852932179,7.025825825825827,1.0,350,pois_poly12,0,61,7,6.871871871871873,1.0558405224221588,152.3744874972541
generator_pois_poly12,1.0,-0.2313916852932179,7.025825825825827,1.0,350,pois_poly12,0,61,12,42.5891891891892,0.07839519673244963,6.123592430308804
generator_pois_poly12,1.0,-0.2313916852932179,7.025825825825827,1.0,350,pois_poly12,0,62,7,7.17977977977978,1.0739013591424933,158.90300610369104
generator_pois_poly12,1.0,-0.2313916852932179,7.025825825825827,1.0,350,pois_poly12,0,62,12,71.37857857857858,0.09543526801811342,8.349278969372733
generator_pois_poly12,1.0,-0.2313916852932179,7.025825825825827,1.0,350,pois_poly12,0,63,7,7.17977977977978,1.1417413553530869,177.56444534774306
generator_pois_poly12,1.0,-0.2313916852932179,7.025825825825827,1.0,350,pois_poly12,0,63,12,50.2868868868869,0.049697762094582904,13.536232139708119
generator_pois_poly12,1.0,-0.2313916852932179,7.025825825825827,1.0,350,pois_poly12,0,64,7,7.17977977977978,1.109509888033748,167.40175083536428
generator_pois_poly12,1.0,-0.2313916852932179,7.025825825825827,1.0,350,pois_poly12,0,64,12,47.977577577577584,0.0358642054035751,8.237213010257506
generator_pois_poly12,1.0,-0.2313916852932179,7.025825825825827,1.0,350,pois_poly12,0,65,7,6.871871871871873,1.1494855778631388,178.27872400007402
generator_pois_poly12,1.0,-0.2313916852932179,7.025825825825827,1.0,350,pois_poly12,0,65,12,46.28408408408409,0.09318947439410347,10.924121220390816
generator_pois_poly12,1.0,-0.2313916852932179,7.025825825825827,1.0,350,pois_poly12,0,66,7,7.17977977977978,1.0497642534470255,147.38914159226556
generator_pois_poly12,1.0,-0.2313916852932179,7.025825825825827,1.0,350,pois_poly12,0,66,12,69.60810810810811,0.06054398401034835,9.217669361290746
generator_pois_poly12,1.0,-0.2313916852932179,7.025825825825827,1.0,350,pois_poly12,0,67,7,7.025825825825827,1.0354583607241126,142.8793792094662
generator_pois_poly12,1.0,-0.2313916852932179,7.025825825825827,1.0,350,pois_poly12,0,67,12,67.14484484484485,0.09459022432982932,8.576974049264948
generator_pois_poly12,1.0,-0.2313916852932179,7.025825825825827,1.0,350,pois_poly12,0,68,7,6.563963963963964,1.0680116832678503,168.2576054652638
generator_pois_poly12,1.0,-0.2313916852932179,7.025825825825827,1.0,350,pois_poly12,0,68,12,76.61301301301302,0.04155163929440406,5.420466069383167
generator_pois_poly12,1.0,-0.2313916852932179,7.025825825825827,1.0,350,pois_poly12,0,69,7,7.17977977977978,1.1248070751542496,168.19686665647174
generator_pois_poly12,1.0,-0.2313916852932179,7.025825825825827,1.0,350,pois_poly12,0,69,12,70.3009009009009,0.05289783129703268,9.176048718441507
generator_pois_poly12,1.0,-0.2313916852932179,7.025825825825827,1.0,350,pois_poly12,0,70,7,7.17977977977978,1.028826342320067,143.24520453946639
generator_pois_poly12,1.0,-0.2313916852932179,7.025825825825827,1.0,350,pois_poly12,0,70,12,78.53743743743745,0.021590874707324154,10.875078536911872
generator_pois_poly12,1.0,-0.2313916852932179,7.025825825825827,1.0,350,pois_poly12,0,71,7,7.333733733733734,0.9887572927779409,142.54950829573238
generator_pois_poly12,1.0,-0.2313916852932179,7.025825825825827,1.0,350,pois_poly12,0,71,12,76.92092092092092,0.06872353455083337,10.515080598680015
generator_pois_poly12,1.0,-0.2313916852932179,7.025825825825827,1.0,350,pois_poly12,0,72,7,6.7179179179179185,1.1410812831394386,184.6473598490315
generator_pois_poly12,1.0,-0.2313916852932179,7.025825825825827,1.0,350,pois_poly12,0,72,12,42.97407407407408,0.07632623834597026,10.056715678035118
generator_pois_poly12,1.0,-0.2313916852932179,7.025825825825827,1.0,350,pois_poly12,0,73,7,7.4107107107107115,1.176779054668466,230.45698422326018
generator_pois_poly12,1.0,-0.2313916852932179,7.025825825825827,1.0,350,pois_poly12,0,73,12,49.90200200200201,0.055688675753547745,8.21283271940925
generator_pois_poly12,1.0,-0.2313916852932179,7.025825825825827,1.0,350,pois_poly12,0,74,7,7.102802802802804,1.0298975891087068,147.33479422170058
generator_pois_poly12,1.0,-0.2313916852932179,7.025825825825827,1.0,350,pois_poly12,0,74,12,49.825025025025035,0.04737439561397843,12.228920351780687
generator_pois_poly12,1.0,-0.2313916852932179,7.025825825825827,1.0,350,pois_poly12,0,75,7,7.17977977977978,1.0344374557063183,144.82608112144356
generator_pois_poly12,1.0,-0.2313916852932179,7.025825825825827,1.0,350,pois_poly12,0,75,12,48.97827827827829,0.022518660283437224,8.85355541525297
generator_pois_poly12,1.0,-0.2313916852932179,7.025825825825827,1.0,350,pois_poly12,0,76,7,7.4107107107107115,1.2404582395792587,236.5078505581314
generator_pois_poly12,1.0,-0.2313916852932179,7.025825825825827,1.0,350,pois_poly12,0,76,12,76.22812812812813,0.022750422733538278,11.088331921876033
generator_pois_poly12,1.0,-0.2313916852932179,7.025825825825827,1.0,350,pois_poly12,0,77,7,7.256756756756758,1.0244206416329105,146.74269557760954
generator_pois_poly12,1.0,-0.2313916852932179,7.025825825825827,1.0,350,pois_poly12,0,77,12,73.91881881881882,0.03128928601097738,5.084815112884598
generator_pois_poly12,1.0,-0.2313916852932179,7.025825825825827,1.0,350,pois_poly12,0,78,7,7.256756756756758,1.0246670095178967,149.48059806355428
generator_pois_poly12,1.0,-0.2313916852932179,7.025825825825827,1.0,350,pois_poly12,0,78,12,32.65915915915917,0.014079762909964683,9.549991811634897
generator_pois_poly12,1.0,-0.2313916852932179,7.025825825825827,1.0,350,pois_poly12,0,79,7,7.4107107107107115,0.9843874668888536,163.69436745210442
generator_pois_poly12,1.0,-0.2313916852932179,7.025825825825827,1.0,350,pois_poly12,0,79,12,42.66616616616617,0.03129370321018569,12.790030175816952
generator_pois_poly12,1.0,-0.2313916852932179,7.025825825825827,1.0,350,pois_poly12,0,80,7,7.025825825825827,1.1016212683960003,161.73735037282768
generator_pois_poly12,1.0,-0.2313916852932179,7.025825825825827,1.0,350,pois_poly12,0,80,12,62.91111111111112,0.030896015239536286,8.565616419875255
generator_pois_poly12,1.0,-0.2313916852932179,7.025825825825827,1.0,350,pois_poly12,0,81,7,7.256756756756758,1.0806935841798386,167.97492920578281
generator_pois_poly12,1.0,-0.2313916852932179,7.025825825825827,1.0,350,pois_poly12,0,81,12,68.14554554554554,0.0433330568451312,6.88088042378692
generator_pois_poly12,1.0,-0.2313916852932179,7.025825825825827,1.0,350,pois_poly12,0,82,7,7.102802802802804,1.142927714319049,172.87811506663655
generator_pois_poly12,1.0,-0.2313916852932179,7.025825825825827,1.0,350,pois_poly12,0,82,12,80.0,0.010236825032534114,7.653351524989034
generator_pois_poly12,1.0,-0.2313916852932179,7.025825825825827,1.0,350,pois_poly12,0,83,7,7.333733733733734,1.0420527090396123,155.79505443619843
generator_pois_poly12,1.0,-0.2313916852932179,7.025825825825827,1.0,350,pois_poly12,0,83,12,36.50800800800801,0.059737779419038094,8.385350014755431
generator_pois_poly12,1.0,-0.2313916852932179,7.025825825825827,1.0,350,pois_poly12,0,84,7,7.17977977977978,1.2229406207061926,205.52222569834203
generator_pois_poly12,1.0,-0.2313916852932179,7.025825825825827,1.0,350,pois_poly12,0,84,12,28.887287287287293,0.04788445861660792,9.271295957035647
generator_pois_poly12,1.0,-0.2313916852932179,7.025825825825827,1.0,350,pois_poly12,0,85,7,7.17977977977978,1.137429810220238,175.49555937050684
generator_pois_poly12,1.0,-0.2313916852932179,7.025825825825827,1.0,350,pois_poly12,0,85,12,33.890790790790795,0.027685224282878933,10.197526079002813
generator_pois_poly12,1.0,-0.2313916852932179,7.025825825825827,1.0,350,pois_poly12,0,86,7,7.256756756756758,1.090741859452544,173.83105261568483
generator_pois_poly12,1.0,-0.2313916852932179,7.025825825825827,1.0,350,pois_poly12,0,86,12,42.66616616616617,0.06974877467413731,11.627449435312997
generator_pois_poly12,1.0,-0.2313916852932179,7.025825825825827,1.0,350,pois_poly12,0,87,7,7.102802802802804,1.1182447326901237,170.0651204437654
generator_pois_poly12,1.0,-0.2313916852932179,7.025825825825827,1.0,350,pois_poly12,0,87,12,45.74524524524525,0.1012328854229938,11.845594095518663
generator_pois_poly12,1.0,-0.2313916852932179,7.025825825825827,1.0,350,pois_poly12,0,88,7,7.256756756756758,1.036069444173684,152.0782626838153
generator_pois_poly12,1.0,-0.2313916852932179,7.025825825825827,1.0,350,pois_poly12,0,88,12,73.53393393393394,0.05255484933738308,11.599165515521577
generator_pois_poly12,1.0,-0.2313916852932179,7.025825825825827,1.0,350,pois_poly12,0,89,7,7.102802802802804,1.1018104126855044,162.58475967073537
generator_pois_poly12,1.0,-0.2313916852932179,7.025825825825827,1.0,350,pois_poly12,0,89,12,55.44434434434435,0.0460844039531455,8.61836865889316
generator_pois_poly12,1.0,-0.2313916852932179,7.025825825825827,1.0,350,pois_poly12,0,90,7,7.256756756756758,0.9557371081811615,124.93896799583729
generator_pois_poly12,1.0,-0.2313916852932179,7.025825825825827,1.0,350,pois_poly12,0,90,12,72.68718718718719,0.05092215854949088,8.510778314167965
generator_pois_poly12,1.0,-0.2313916852932179,7.025825825825827,1.0,350,pois_poly12,0,91,7,7.333733733733734,1.089942448831866,179.39339085996517
generator_pois_poly12,1.0,-0.2313916852932179,7.025825825825827,1.0,350,pois_poly12,0,91,12,22.03633633633634,0.03876826396717213,9.96400399713528
generator_pois_poly12,1.0,-0.2313916852932179,7.025825825825827,1.0,350,pois_poly12,0,92,7,7.17977977977978,1.0393632063188025,147.42795198146183
generator_pois_poly12,1.0,-0.2313916852932179,7.025825825825827,1.0,350,pois_poly12,0,92,12,66.22112112112113,0.03194621933473145,10.039058793814888
generator_pois_poly12,1.0,-0.2313916852932179,7.025825825825827,1.0,350,pois_poly12,0,93,7,7.025825825825827,1.1208679141066458,166.203968887031
generator_pois_poly12,1.0,-0.2313916852932179,7.025825825825827,1.0,350,pois_poly12,0,93,12,49.825025025025035,0.04761588261528388,10.908463596245156
generator_pois_poly12,1.0,-0.2313916852932179,7.025825825825827,1.0,350,pois_poly12,0,94,7,7.17977977977978,1.1328246916645686,173.0079464268979
generator_pois_poly12,1.0,-0.2313916852932179,7.025825825825827,1.0,350,pois_poly12,0,94,12,57.83063063063064,0.05907015801663204,9.937339184225493
generator_pois_poly12,1.0,-0.2313916852932179,7.025825825825827,1.0,350,pois_poly12,0,95,7,7.256756756756758,1.0166141294641404,144.39171444284864
generator_pois_poly12,1.0,-0.2313916852932179,7.025825825825827,1.0,350,pois_poly12,0,95,12,41.04964964964966,0.03204988916514321,6.756251237388369
generator_pois_poly12,1.0,-0.2313916852932179,7.025825825825827,1.0,350,pois_poly12,0,96,7,7.333733733733734,1.1437264326019827,186.58306655696464
generator_pois_poly12,1.0,-0.2313916852932179,7.025825825825827,1.0,350,pois_poly12,0,96,12,16.032132132132134,0.06728288330544911,9.89189557540945
generator_pois_poly12,1.0,-0.2313916852932179,7.025825825825827,1.0,350,pois_poly12,0,97,7,7.102802802802804,1.216238713532946,195.74027245191672
generator_pois_poly12,1.0,-0.2313916852932179,7.025825825825827,1.0,350,pois_poly12,0,97,12,71.22462462462462,0.0815956632876391,9.094254841691168
generator_pois_poly12,1.0,-0.2313916852932179,7.025825825825827,1.0,350,pois_poly12,0,98,7,7.333733733733734,1.039642220486861,155.58153499993296
generator_pois_poly12,1.0,-0.2313916852932179,7.025825825825827,1.0,350,pois_poly12,0,98,12,43.589889889889896,0.04067121782336207,8.953391046787374
generator_pois_poly12,1.0,-0.2313916852932179,7.025825825825827,1.0,350,pois_poly12,0,99,7,7.564664664664665,1.0851899822949045,197.02996064292142
generator_pois_poly12,1.0,-0.2313916852932179,7.025825825825827,1.0,350,pois_poly12,0,99,12,8.642342342342344,0.10625020185574521,10.181540879284853
generator_pois_poly12,1.0,-0.2313916852932179,7.025825825825827,1.0,350,pois_poly12,1.0,0,7,6.948848848848849,1.7273661011229222,400.5280376367582
generator_pois_poly12,1.0,-0.2313916852932179,7.025825825825827,1.0,350,pois_poly12,1.0,0,12,7.872572572572574,0.2828722804319085,19.010911720661966
generator_pois_poly12,1.0,-0.2313916852932179,7.025825825825827,1.0,350,pois_poly12,1.0,1,7,7.025825825825827,1.9597239602933698,524.1947318550003
generator_pois_poly12,1.0,-0.2313916852932179,7.025825825825827,1.0,350,pois_poly12,1.0,1,12,8.026526526526528,0.29492486996112954,24.23690426407694
generator_pois_poly12,1.0,-0.2313916852932179,7.025825825825827,1.0,350,pois_poly12,1.0,2,7,7.17977977977978,1.9344067912511342,526.9168570584484
generator_pois_poly12,1.0,-0.2313916852932179,7.025825825825827,1.0,350,pois_poly12,1.0,2,12,7.94954954954955,0.2811187848621461,22.45343833009548
generator_pois_poly12,1.0,-0.2313916852932179,7.025825825825827,1.0,350,pois_poly12,1.0,3,7,7.17977977977978,1.8437260571114793,491.6623918264952
generator_pois_poly12,1.0,-0.2313916852932179,7.025825825825827,1.0,350,pois_poly12,1.0,3,12,7.872572572572574,0.22232129898870592,10.214533937817976
generator_pois_poly12,1.0,-0.2313916852932179,7.025825825825827,1.0,350,pois_poly12,1.0,4,7,7.333733733733734,2.0646832451830663,664.1546136886479
generator_pois_poly12,1.0,-0.2313916852932179,7.025825825825827,1.0,350,pois_poly12,1.0,4,12,7.94954954954955,0.24639277602684123,15.104496829553483
generator_pois_poly12,1.0,-0.2313916852932179,7.025825825825827,1.0,350,pois_poly12,1.0,5,7,7.102802802802804,1.7796657614932663,433.11489076911903
generator_pois_poly12,1.0,-0.2313916852932179,7.025825825825827,1.0,350,pois_poly12,1.0,5,12,63.68088088088089,0.1676599497188077,9.620585996138232
generator_pois_poly12,1.0,-0.2313916852932179,7.025825825825827,1.0,350,pois_poly12,1.0,6,7,7.17977977977978,1.8392325758976646,460.98603151487293
generator_pois_poly12,1.0,-0.2313916852932179,7.025825825825827,1.0,350,pois_poly12,1.0,6,12,8.026526526526528,0.311820109931796,27.171108019861265
generator_pois_poly12,1.0,-0.2313916852932179,7.025825825825827,1.0,350,pois_poly12,1.0,7,7,7.102802802802804,1.834352669770599,457.3012924872711
generator_pois_poly12,1.0,-0.2313916852932179,7.025825825825827,1.0,350,pois_poly12,1.0,7,12,15.339339339339341,0.19598957760618355,14.061044726851321
generator_pois_poly12,1.0,-0.2313916852932179,7.025825825825827,1.0,350,pois_poly12,1.0,8,7,7.333733733733734,2.0601593416753445,675.2379108344632
generator_pois_poly12,1.0,-0.2313916852932179,7.025825825825827,1.0,350,pois_poly12,1.0,8,12,7.872572572572574,0.3481271133665317,26.896620443718973
generator_pois_poly12,1.0,-0.2313916852932179,7.025825825825827,1.0,350,pois_poly12,1.0,9,7,7.256756756756758,2.118257485085229,662.3255081646871
generator_pois_poly12,1.0,-0.2313916852932179,7.025825825825827,1.0,350,pois_poly12,1.0,9,12,7.872572572572574,0.3398450988604493,27.671495305689803
generator_pois_poly12,1.0,-0.2313916852932179,7.025825825825827,1.0,350,pois_poly12,1.0,10,7,7.102802802802804,2.048060911300813,567.4065172957593
generator_pois_poly12,1.0,-0.2313916852932179,7.025825825825827,1.0,350,pois_poly12,1.0,10,12,7.872572572572574,0.2987188756804862,19.005001061527423
generator_pois_poly12,1.0,-0.2313916852932179,7.025825825825827,1.0,350,pois_poly12,1.0,11,7,7.17977977977978,2.055475658711817,595.2674021257129
generator_pois_poly12,1.0,-0.2313916852932179,7.025825825825827,1.0,350,pois_poly12,1.0,11,12,7.94954954954955,0.353665808417754,31.478218444519143
generator_pois_poly12,1.0,-0.2313916852932179,7.025825825825827,1.0,350,pois_poly12,1.0,12,7,7.102802802802804,1.8598841852711752,474.9383756649454
generator_pois_poly12,1.0,-0.2313916852932179,7.025825825825827,1.0,350,pois_poly12,1.0,12,12,7.94954954954955,0.2834084340491993,23.26051594134327
generator_pois_poly12,1.0,-0.2313916852932179,7.025825825825827,1.0,350,pois_poly12,1.0,13,7,7.025825825825827,1.9552977543018548,510.7391922827669
generator_pois_poly12,1.0,-0.2313916852932179,7.025825825825827,1.0,350,pois_poly12,1.0,13,12,7.872572572572574,0.27236841909370074,16.18802460241335
generator_pois_poly12,1.0,-0.2313916852932179,7.025825825825827,1.0,350,pois_poly12,1.0,14,7,7.17977977977978,1.926829101857828,530.5670804240211
generator_pois_poly12,1.0,-0.2313916852932179,7.025825825825827,1.0,350,pois_poly12,1.0,14,12,8.103503503503504,0.3504632736895277,38.91741818586672
generator_pois_poly12,1.0,-0.2313916852932179,7.025825825825827,1.0,350,pois_poly12,1.0,15,7,7.17977977977978,1.874803934783101,507.33702633394944
generator_pois_poly12,1.0,-0.2313916852932179,7.025825825825827,1.0,350,pois_poly12,1.0,15,12,7.872572572572574,0.2786029535573083,19.371518970552643
generator_pois_poly12,1.0,-0.2313916852932179,7.025825825825827,1.0,350,pois_poly12,1.0,16,7,7.102802802802804,1.9715759508922663,527.953209583118
generator_pois_poly12,1.0,-0.2313916852932179,7.025825825825827,1.0,350,pois_poly12,1.0,16,12,8.026526526526528,0.2606782141846858,16.895264459251905
generator_pois_poly12,1.0,-0.2313916852932179,7.025825825825827,1.0,350,pois_poly12,1.0,17,7,7.102802802802804,1.8851559269000087,495.00136146104774
generator_pois_poly12,1.0,-0.2313916852932179,7.025825825825827,1.0,350,pois_poly12,1.0,17,12,48.5933933933934,0.2143133313864275,10.356669478174524
generator_pois_poly12,1.0,-0.2313916852932179,7.025825825825827,1.0,350,pois_poly12,1.0,18,7,7.102802802802804,1.8070274204005536,453.78240491873714
generator_pois_poly12,1.0,-0.2313916852932179,7.025825825825827,1.0,350,pois_poly12,1.0,18,12,7.872572572572574,0.23974976978007712,14.026383294863876
generator_pois_poly12,1.0,-0.2313916852932179,7.025825825825827,1.0,350,pois_poly12,1.0,19,7,7.17977977977978,1.9030447933825376,518.1630948097696
generator_pois_poly12,1.0,-0.2313916852932179,7.025825825825827,1.0,350,pois_poly12,1.0,19,12,7.872572572572574,0.21295648575404014,10.330604911736373
generator_pois_poly12,1.0,-0.2313916852932179,7.025825825825827,1.0,350,pois_poly12,1.0,20,7,7.17977977977978,1.7178548194317118,412.4909719351949
generator_pois_poly12,1.0,-0.2313916852932179,7.025825825825827,1.0,350,pois_poly12,1.0,20,12,7.94954954954955,0.191736682771293,9.574207688119202
generator_pois_poly12,1.0,-0.2313916852932179,7.025825825825827,1.0,350,pois_poly12,1.0,21,7,7.025825825825827,2.0036453266790333,545.2391792391552
generator_pois_poly12,1.0,-0.2313916852932179,7.025825825825827,1.0,350,pois_poly12,1.0,21,12,7.872572572572574,0.35189750100675415,28.702073840752007
generator_pois_poly12,1.0,-0.2313916852932179,7.025825825825827,1.0,350,pois_poly12,1.0,22,7,7.256756756756758,2.01045246785034,609.3705912334956
generator_pois_poly12,1.0,-0.2313916852932179,7.025825825825827,1.0,350,pois_poly12,1.0,22,12,7.94954954954955,0.24176324517930795,14.519759307472611
generator_pois_poly12,1.0,-0.2313916852932179,7.025825825825827,1.0,350,pois_poly12,1.0,23,7,7.025825825825827,1.8034520968000305,440.2301727783233
generator_pois_poly12,1.0,-0.2313916852932179,7.025825825825827,1.0,350,pois_poly12,1.0,23,12,7.872572572572574,0.19025196730293603,8.684146375598516
generator_pois_poly12,1.0,-0.2313916852932179,7.025825825825827,1.0,350,pois_poly12,1.0,24,7,7.17977977977978,2.0456284975041537,603.4658296457094
generator_pois_poly12,1.0,-0.2313916852932179,7.025825825825827,1.0,350,pois_poly12,1.0,24,12,7.718618618618619,0.33791567647406406,21.70374814264204
generator_pois_poly12,1.0,-0.2313916852932179,7.025825825825827,1.0,350,pois_poly12,1.0,25,7,7.256756756756758,2.0138399873704014,592.5410258675703
generator_pois_poly12,1.0,-0.2313916852932179,7.025825825825827,1.0,350,pois_poly12,1.0,25,12,8.026526526526528,0.3038769811269728,24.764858758246362
generator_pois_poly12,1.0,-0.2313916852932179,7.025825825825827,1.0,350,pois_poly12,1.0,26,7,7.17977977977978,2.0645157931791838,593.5407870412279
generator_pois_poly12,1.0,-0.2313916852932179,7.025825825825827,1.0,350,pois_poly12,1.0,26,12,7.94954954954955,0.2604642086912425,17.12134371415823
generator_pois_poly12,1.0,-0.2313916852932179,7.025825825825827,1.0,350,pois_poly12,1.0,27,7,6.948848848848849,1.8657651087140654,494.0153660643914
generator_pois_poly12,1.0,-0.2313916852932179,7.025825825825827,1.0,350,pois_poly12,1.0,27,12,8.103503503503504,0.27603295959423185,23.597911039013127
generator_pois_poly12,1.0,-0.2313916852932179,7.025825825825827,1.0,350,pois_poly12,1.0,28,7,7.256756756756758,2.019466605327911,599.5979430784026
generator_pois_poly12,1.0,-0.2313916852932179,7.025825825825827,1.0,350,pois_poly12,1.0,28,12,7.872572572572574,0.3145176113317945,23.609833717297306
generator_pois_poly12,1.0,-0.2313916852932179,7.025825825825827,1.0,350,pois_poly12,1.0,29,7,7.102802802802804,1.9671220098427016,529.0097446418148
generator_pois_poly12,1.0,-0.2313916852932179,7.025825825825827,1.0,350,pois_poly12,1.0,29,12,7.872572572572574,0.3689665273472337,32.07742405926956
generator_pois_poly12,1.0,-0.2313916852932179,7.025825825825827,1.0,350,pois_poly12,1.0,30,7,7.102802802802804,1.8505756883659463,482.8489958647201
generator_pois_poly12,1.0,-0.2313916852932179,7.025825825825827,1.0,350,pois_poly12,1.0,30,12,8.103503503503504,0.24162180976479242,20.67734214641297
generator_pois_poly12,1.0,-0.2313916852932179,7.025825825825827,1.0,350,pois_poly12,1.0,31,7,7.17977977977978,1.8865765607517484,503.88696907641565
generator_pois_poly12,1.0,-0.2313916852932179,7.025825825825827,1.0,350,pois_poly12,1.0,31,12,8.103503503503504,0.264999152824159,21.53336362288246
generator_pois_poly12,1.0,-0.2313916852932179,7.025825825825827,1.0,350,pois_poly12,1.0,32,7,7.102802802802804,1.7541843593204878,422.2244066812009
generator_pois_poly12,1.0,-0.2313916852932179,7.025825825825827,1.0,350,pois_poly12,1.0,32,12,7.872572572572574,0.3024496445375473,20.997575915534355
generator_pois_poly12,1.0,-0.2313916852932179,7.025825825825827,1.0,350,pois_poly12,1.0,33,7,7.17977977977978,1.7852987133848386,451.3664244910267
generator_pois_poly12,1.0,-0.2313916852932179,7.025825825825827,1.0,350,pois_poly12,1.0,33,12,10.720720720720722,0.20567277475774962,16.53690001703319
generator_pois_poly12,1.0,-0.2313916852932179,7.025825825825827,1.0,350,pois_poly12,1.0,34,7,7.17977977977978,1.9092013998145139,510.6915862308367
generator_pois_poly12,1.0,-0.2313916852932179,7.025825825825827,1.0,350,pois_poly12,1.0,34,12,8.180480480480481,0.2338618123177606,15.312301162241738
generator_pois_poly12,1.0,-0.2313916852932179,7.025825825825827,1.0,350,pois_poly12,1.0,35,7,6.948848848848849,1.9475212642076514,505.0364721903441
generator_pois_poly12,1.0,-0.2313916852932179,7.025825825825827,1.0,350,pois_poly12,1.0,35,12,7.94954954954955,0.29511745447379556,20.76750302300991
generator_pois_poly12,1.0,-0.2313916852932179,7.025825825825827,1.0,350,pois_poly12,1.0,36,7,7.102802802802804,1.9082032030259497,517.4206520325495
generator_pois_poly12,1.0,-0.2313916852932179,7.025825825825827,1.0,350,pois_poly12,1.0,36,12,7.872572572572574,0.26587157724197985,16.805781961606613
generator_pois_poly12,1.0,-0.2313916852932179,7.025825825825827,1.0,350,pois_poly12,1.0,37,7,7.256756756756758,2.0475917472564014,612.7618631914346
generator_pois_poly12,1.0,-0.2313916852932179,7.025825825825827,1.0,350,pois_poly12,1.0,37,12,10.566766766766769,0.28647590653384436,17.898654897095298
generator_pois_poly12,1.0,-0.2313916852932179,7.025825825825827,1.0,350,pois_poly12,1.0,38,7,7.17977977977978,2.0251920420397083,590.6917141214878
generator_pois_poly12,1.0,-0.2313916852932179,7.025825825825827,1.0,350,pois_poly12,1.0,38,12,7.872572572572574,0.3251991437454274,22.78999891906443
generator_pois_poly12,1.0,-0.2313916852932179,7.025825825825827,1.0,350,pois_poly12,1.0,39,7,7.333733733733734,2.043457016294616,645.4179243507169
generator_pois_poly12,1.0,-0.2313916852932179,7.025825825825827,1.0,350,pois_poly12,1.0,39,12,7.94954954954955,0.2821881599129008,18.384002850429056
generator_pois_poly12,1.0,-0.2313916852932179,7.025825825825827,1.0,350,pois_poly12,1.0,40,7,7.333733733733734,1.8692505503575043,528.2200303825191
generator_pois_poly12,1.0,-0.2313916852932179,7.025825825825827,1.0,350,pois_poly12,1.0,40,12,8.180480480480481,0.19601053734343934,18.65450524199349
generator_pois_poly12,1.0,-0.2313916852932179,7.025825825825827,1.0,350,pois_poly12,1.0,41,7,7.256756756756758,1.912878053568165,524.2429033069303
generator_pois_poly12,1.0,-0.2313916852932179,7.025825825825827,1.0,350,pois_poly12,1.0,41,12,7.94954954954955,0.22416605169328468,12.217557853907977
generator_pois_poly12,1.0,-0.2313916852932179,7.025825825825827,1.0,350,pois_poly12,1.0,42,7,7.256756756756758,2.0452348252398598,627.5218545677569
generator_pois_poly12,1.0,-0.2313916852932179,7.025825825825827,1.0,350,pois_poly12,1.0,42,12,35.507307307307315,0.27364596358485643,20.009734613068815
generator_pois_poly12,1.0,-0.2313916852932179,7.025825825825827,1.0,350,pois_poly12,1.0,43,7,7.17977977977978,1.7971926202413209,453.8533804235062
generator_pois_poly12,1.0,-0.2313916852932179,7.025825825825827,1.0,350,pois_poly12,1.0,43,12,53.44294294294295,0.19381196975714912,9.768598427467793
generator_pois_poly12,1.0,-0.2313916852932179,7.025825825825827,1.0,350,pois_poly12,1.0,44,7,7.102802802802804,1.8179779746214724,455.6735901334106
generator_pois_poly12,1.0,-0.2313916852932179,7.025825825825827,1.0,350,pois_poly12,1.0,44,12,10.720720720720722,0.28851051480361917,20.95606446702567
generator_pois_poly12,1.0,-0.2313916852932179,7.025825825825827,1.0,350,pois_poly12,1.0,45,7,7.333733733733734,1.8479129015950642,532.4977078189384
generator_pois_poly12,1.0,-0.2313916852932179,7.025825825825827,1.0,350,pois_poly12,1.0,45,12,27.65565565565566,0.2220436432085672,16.07659402070516
generator_pois_poly12,1.0,-0.2313916852932179,7.025825825825827,1.0,350,pois_poly12,1.0,46,7,7.102802802802804,1.7065672677913346,409.86059595283905
generator_pois_poly12,1.0,-0.2313916852932179,7.025825825825827,1.0,350,pois_poly12,1.0,46,12,7.94954954954955,0.29832297739853997,22.49106243481407
generator_pois_poly12,1.0,-0.2313916852932179,7.025825825825827,1.0,350,pois_poly12,1.0,47,7,7.025825825825827,1.883267276852512,483.34343906301274
generator_pois_poly12,1.0,-0.2313916852932179,7.025825825825827,1.0,350,pois_poly12,1.0,47,12,10.104904904904906,0.22214245593634965,13.082712651757447
generator_pois_poly12,1.0,-0.2313916852932179,7.025825825825827,1.0,350,pois_poly12,1.0,48,7,7.17977977977978,1.9144686182617057,514.1789220743469
generator_pois_poly12,1.0,-0.2313916852932179,7.025825825825827,1.0,350,pois_poly12,1.0,48,12,10.951651651651654,0.241004637804326,18.897167275676054
generator_pois_poly12,1.0,-0.2313916852932179,7.025825825825827,1.0,350,pois_poly12,1.0,49,7,7.17977977977978,2.0122308618835967,564.6133978777946
generator_pois_poly12,1.0,-0.2313916852932179,7.025825825825827,1.0,350,pois_poly12,1.0,49,12,7.94954954954955,0.2736335246092214,17.89484109498045
generator_pois_poly12,1.0,-0.2313916852932179,7.025825825825827,1.0,350,pois_poly12,1.0,50,7,7.102802802802804,1.8670779000755118,464.0015439133884
generator_pois_poly12,1.0,-0.2313916852932179,7.025825825825827,1.0,350,pois_poly12,1.0,50,12,8.026526526526528,0.2663391250243528,18.675944141977936
generator_pois_poly12,1.0,-0.2313916852932179,7.025825825825827,1.0,350,pois_poly12,1.0,51,7,7.333733733733734,1.9788321865217005,615.6005956034912
generator_pois_poly12,1.0,-0.2313916852932179,7.025825825825827,1.0,350,pois_poly12,1.0,51,12,8.026526526526528,0.2786777308806824,20.87005396100062
generator_pois_poly12,1.0,-0.2313916852932179,7.025825825825827,1.0,350,pois_poly12,1.0,52,7,7.333733733733734,2.0408216531975083,653.5386853612615
generator_pois_poly12,1.0,-0.2313916852932179,7.025825825825827,1.0,350,pois_poly12,1.0,52,12,8.026526526526528,0.24688474388452755,17.838013569377836
generator_pois_poly12,1.0,-0.2313916852932179,7.025825825825827,1.0,350,pois_poly12,1.0,53,7,7.17977977977978,1.806539108652404,465.4577050932344
generator_pois_poly12,1.0,-0.2313916852932179,7.025825825825827,1.0,350,pois_poly12,1.0,53,12,8.026526526526528,0.27589351077020063,22.06758932132408
generator_pois_poly12,1.0,-0.2313916852932179,7.025825825825827,1.0,350,pois_poly12,1.0,54,7,7.256756756756758,1.9291583339085687,564.8164892636032
generator_pois_poly12,1.0,-0.2313916852932179,7.025825825825827,1.0,350,pois_poly12,1.0,54,12,10.720720720720722,0.27149201814332424,18.583370832341814
generator_pois_poly12,1.0,-0.2313916852932179,7.025825825825827,1.0,350,pois_poly12,1.0,55,7,7.102802802802804,2.0295118823578524,560.1780195506356
generator_pois_poly12,1.0,-0.2313916852932179,7.025825825825827,1.0,350,pois_poly12,1.0,55,12,7.872572572572574,0.3346056027840738,25.45368480909866
generator_pois_poly12,1.0,-0.2313916852932179,7.025825825825827,1.0,350,pois_poly12,1.0,56,7,7.025825825825827,1.9124844059746573,494.6556237285198
generator_pois_poly12,1.0,-0.2313916852932179,7.025825825825827,1.0,350,pois_poly12,1.0,56,12,7.94954954954955,0.26866574290162304,18.902136764492127
generator_pois_poly12,1.0,-0.2313916852932179,7.025825825825827,1.0,350,pois_poly12,1.0,57,7,6.948848848848849,1.801208283275373,446.772147912563
generator_pois_poly12,1.0,-0.2313916852932179,7.025825825825827,1.0,350,pois_poly12,1.0,57,12,7.872572572572574,0.2922942886441744,18.076691651717283
generator_pois_poly12,1.0,-0.2313916852932179,7.025825825825827,1.0,350,pois_poly12,1.0,58,7,7.025825825825827,1.7849675930116886,433.3003272766598
generator_pois_poly12,1.0,-0.2313916852932179,7.025825825825827,1.0,350,pois_poly12,1.0,58,12,7.641641641641643,0.2631358781027304,12.703702709017023
generator_pois_poly12,1.0,-0.2313916852932179,7.025825825825827,1.0,350,pois_poly12,1.0,59,7,7.256756756756758,1.9877878357639995,575.4763919363121
generator_pois_poly12,1.0,-0.2313916852932179,7.025825825825827,1.0,350,pois_poly12,1.0,59,12,7.872572572572574,0.2969000672151853,21.78698269869045
generator_pois_poly12,1.0,-0.2313916852932179,7.025825825825827,1.0,350,pois_poly12,1.0,60,7,7.025825825825827,1.857819029530115,481.28755637595077
generator_pois_poly12,1.0,-0.2313916852932179,7.025825825825827,1.0,350,pois_poly12,1.0,60,12,7.872572572572574,0.2452670927535098,12.730832920004843
generator_pois_poly12,1.0,-0.2313916852932179,7.025825825825827,1.0,350,pois_poly12,1.0,61,7,7.17977977977978,1.9690669015072408,539.9808861391028
generator_pois_poly12,1.0,-0.2313916852932179,7.025825825825827,1.0,350,pois_poly12,1.0,61,12,7.872572572572574,0.30029740170093233,19.6037353306196
generator_pois_poly12,1.0,-0.2313916852932179,7.025825825825827,1.0,350,pois_poly12,1.0,62,7,7.256756756756758,1.8802672489125412,527.9364778769202
generator_pois_poly12,1.0,-0.2313916852932179,7.025825825825827,1.0,350,pois_poly12,1.0,62,12,10.797697697697698,0.26657978004121685,17.766575001396802
generator_pois_poly12,1.0,-0.2313916852932179,7.025825825825827,1.0,350,pois_poly12,1.0,63,7,7.025825825825827,1.8417510436640445,466.3401481911461
generator_pois_poly12,1.0,-0.2313916852932179,7.025825825825827,1.0,350,pois_poly12,1.0,63,12,7.94954954954955,0.25231843277535665,16.022725406845893
generator_pois_poly12,1.0,-0.2313916852932179,7.025825825825827,1.0,350,pois_poly12,1.0,64,7,7.256756756756758,1.9306684464159705,550.4753815267726
generator_pois_poly12,1.0,-0.2313916852932179,7.025825825825827,1.0,350,pois_poly12,1.0,64,12,29.811011011011015,0.22229723474806848,11.996003257329363
generator_pois_poly12,1.0,-0.2313916852932179,7.025825825825827,1.0,350,pois_poly12,1.0,65,7,7.256756756756758,2.428118820245842,907.4926487047298
generator_pois_poly12,1.0,-0.2313916852932179,7.025825825825827,1.0,350,pois_poly12,1.0,65,12,7.94954954954955,0.33677846567118,30.687315080366602
generator_pois_poly12,1.0,-0.2313916852932179,7.025825825825827,1.0,350,pois_poly12,1.0,66,7,7.102802802802804,1.8876257590616272,500.0313176367546
generator_pois_poly12,1.0,-0.2313916852932179,7.025825825825827,1.0,350,pois_poly12,1.0,66,12,7.7955955955955964,0.23185417369135633,10.909562488012284
generator_pois_poly12,1.0,-0.2313916852932179,7.025825825825827,1.0,350,pois_poly12,1.0,67,7,7.256756756756758,1.8484105941515523,501.45185374226946
generator_pois_poly12,1.0,-0.2313916852932179,7.025825825825827,1.0,350,pois_poly12,1.0,67,12,8.026526526526528,0.2890721466351879,23.287076616442107
generator_pois_poly12,1.0,-0.2313916852932179,7.025825825825827,1.0,350,pois_poly12,1.0,68,7,7.17977977977978,2.0640984595099354,600.540038338826
generator_pois_poly12,1.0,-0.2313916852932179,7.025825825825827,1.0,350,pois_poly12,1.0,68,12,7.872572572572574,0.3067047748256164,20.260504219347354
generator_pois_poly12,1.0,-0.2313916852932179,7.025825825825827,1.0,350,pois_poly12,1.0,69,7,7.17977977977978,2.0515574820055362,606.7049843744417
generator_pois_poly12,1.0,-0.2313916852932179,7.025825825825827,1.0,350,pois_poly12,1.0,69,12,7.94954954954955,0.3033711041810236,21.550982445825127
generator_pois_poly12,1.0,-0.2313916852932179,7.025825825825827,1.0,350,pois_poly12,1.0,70,7,7.256756756756758,2.0190087623759636,609.631162271522
generator_pois_poly12,1.0,-0.2313916852932179,7.025825825825827,1.0,350,pois_poly12,1.0,70,12,59.60110110110111,0.2895276666066369,16.805016293177516
generator_pois_poly12,1.0,-0.2313916852932179,7.025825825825827,1.0,350,pois_poly12,1.0,71,7,7.256756756756758,1.990606431073329,592.5092993566743
generator_pois_poly12,1.0,-0.2313916852932179,7.025825825825827,1.0,350,pois_poly12,1.0,71,12,7.94954954954955,0.2923269819090271,22.42836312445229
generator_pois_poly12,1.0,-0.2313916852932179,7.025825825825827,1.0,350,pois_poly12,1.0,72,7,7.025825825825827,1.9160445625148932,499.29238399880137
generator_pois_poly12,1.0,-0.2313916852932179,7.025825825825827,1.0,350,pois_poly12,1.0,72,12,7.718618618618619,0.29016124980942587,16.286882165851125
generator_pois_poly12,1.0,-0.2313916852932179,7.025825825825827,1.0,350,pois_poly12,1.0,73,7,6.948848848848849,1.7978150649807223,441.6495903463857
generator_pois_poly12,1.0,-0.2313916852932179,7.025825825825827,1.0,350,pois_poly12,1.0,73,12,7.94954954954955,0.23670244773045448,15.753326278185853
generator_pois_poly12,1.0,-0.2313916852932179,7.025825825825827,1.0,350,pois_poly12,1.0,74,7,7.256756756756758,1.9568803046863863,569.1671792576225
generator_pois_poly12,1.0,-0.2313916852932179,7.025825825825827,1.0,350,pois_poly12,1.0,74,12,7.872572572572574,0.29958727369989707,20.70017184070994
generator_pois_poly12,1.0,-0.2313916852932179,7.025825825825827,1.0,350,pois_poly12,1.0,75,7,7.17977977977978,1.843965643701252,478.0847685097265
generator_pois_poly12,1.0,-0.2313916852932179,7.025825825825827,1.0,350,pois_poly12,1.0,75,12,7.7955955955955964,0.2373085503926434,11.308941970208878
generator_pois_poly12,1.0,-0.2313916852932179,7.025825825825827,1.0,350,pois_poly12,1.0,76,7,7.256756756756758,2.046810123397939,609.4728001722536
generator_pois_poly12,1.0,-0.2313916852932179,7.025825825825827,1.0,350,pois_poly12,1.0,76,12,7.872572572572574,0.3672776326308623,32.04807331082816
generator_pois_poly12,1.0,-0.2313916852932179,7.025825825825827,1.0,350,pois_poly12,1.0,77,7,7.256756756756758,1.8961290899886698,515.6032274881252
generator_pois_poly12,1.0,-0.2313916852932179,7.025825825825827,1.0,350,pois_poly12,1.0,77,12,10.720720720720722,0.26356037243755664,18.477920226765207
generator_pois_poly12,1.0,-0.2313916852932179,7.025825825825827,1.0,350,pois_poly12,1.0,78,7,7.256756756756758,2.0198133259364797,601.1013177455553
generator_pois_poly12,1.0,-0.2313916852932179,7.025825825825827,1.0,350,pois_poly12,1.0,78,12,8.026526526526528,0.3056312841998979,25.130965315235812
generator_pois_poly12,1.0,-0.2313916852932179,7.025825825825827,1.0,350,pois_poly12,1.0,79,7,7.102802802802804,1.8323710221988294,451.39783189394655
generator_pois_poly12,1.0,-0.2313916852932179,7.025825825825827,1.0,350,pois_poly12,1.0,79,12,8.103503503503504,0.24106642099292708,17.881213783003147
generator_pois_poly12,1.0,-0.2313916852932179,7.025825825825827,1.0,350,pois_poly12,1.0,80,7,7.256756756756758,1.9459193441200455,560.8002949299912
generator_pois_poly12,1.0,-0.2313916852932179,7.025825825825827,1.0,350,pois_poly12,1.0,80,12,7.7955955955955964,0.3237063017120663,23.491848331582332
generator_pois_poly12,1.0,-0.2313916852932179,7.025825825825827,1.0,350,pois_poly12,1.0,81,7,7.256756756756758,1.989431310265959,587.1082362105167
generator_pois_poly12,1.0,-0.2313916852932179,7.025825825825827,1.0,350,pois_poly12,1.0,81,12,7.94954954954955,0.38147688218897374,33.82799792157033
generator_pois_poly12,1.0,-0.2313916852932179,7.025825825825827,1.0,350,pois_poly12,1.0,82,7,7.17977977977978,1.8294919526793054,471.7736930720238
generator_pois_poly12,1.0,-0.2313916852932179,7.025825825825827,1.0,350,pois_poly12,1.0,82,12,7.872572572572574,0.2151735350708135,11.356700812918774
generator_pois_poly12,1.0,-0.2313916852932179,7.025825825825827,1.0,350,pois_poly12,1.0,83,7,7.256756756756758,2.16807708464496,708.576049858591
generator_pois_poly12,1.0,-0.2313916852932179,7.025825825825827,1.0,350,pois_poly12,1.0,83,12,8.026526526526528,0.3693046312337642,40.40334892989915
generator_pois_poly12,1.0,-0.2313916852932179,7.025825825825827,1.0,350,pois_poly12,1.0,84,7,7.17977977977978,1.9127166982494517,501.9912258067592
generator_pois_poly12,1.0,-0.2313916852932179,7.025825825825827,1.0,350,pois_poly12,1.0,84,12,8.026526526526528,0.2894955507476239,20.95623188476742
generator_pois_poly12,1.0,-0.2313916852932179,7.025825825825827,1.0,350,pois_poly12,1.0,85,7,7.17977977977978,1.9820128291118586,561.8771001324839
generator_pois_poly12,1.0,-0.2313916852932179,7.025825825825827,1.0,350,pois_poly12,1.0,85,12,7.872572572572574,0.2800764056972632,21.074592090383135
generator_pois_poly12,1.0,-0.2313916852932179,7.025825825825827,1.0,350,pois_poly12,1.0,86,7,7.17977977977978,1.8298061352605879,480.72834201805665
generator_pois_poly12,1.0,-0.2313916852932179,7.025825825825827,1.0,350,pois_poly12,1.0,86,12,7.7955955955955964,0.31821705507048836,20.88442097433284
generator_pois_poly12,1.0,-0.2313916852932179,7.025825825825827,1.0,350,pois_poly12,1.0,87,7,7.256756756756758,1.8583854540902498,513.2388029710331
generator_pois_poly12,1.0,-0.2313916852932179,7.025825825825827,1.0,350,pois_poly12,1.0,87,12,10.643743743743745,0.2663003521914581,20.84183041050369
generator_pois_poly12,1.0,-0.2313916852932179,7.025825825825827,1.0,350,pois_poly12,1.0,88,7,7.256756756756758,1.8119069651746458,489.4472538092268
generator_pois_poly12,1.0,-0.2313916852932179,7.025825825825827,1.0,350,pois_poly12,1.0,88,12,7.94954954954955,0.23758642769568536,13.199699208378718
generator_pois_poly12,1.0,-0.2313916852932179,7.025825825825827,1.0,350,pois_poly12,1.0,89,7,7.17977977977978,1.8352055780016086,465.98666707452287
generator_pois_poly12,1.0,-0.2313916852932179,7.025825825825827,1.0,350,pois_poly12,1.0,89,12,7.872572572572574,0.28224051722494164,18.24193181140521
generator_pois_poly12,1.0,-0.2313916852932179,7.025825825825827,1.0,350,pois_poly12,1.0,90,7,7.17977977977978,1.9301522465719192,530.912761822709
generator_pois_poly12,1.0,-0.2313916852932179,7.025825825825827,1.0,350,pois_poly12,1.0,90,12,7.7955955955955964,0.2921787850652755,18.205787385332826
generator_pois_poly12,1.0,-0.2313916852932179,7.025825825825827,1.0,350,pois_poly12,1.0,91,7,7.102802802802804,1.9127539717231037,512.7739228466603
generator_pois_poly12,1.0,-0.2313916852932179,7.025825825825827,1.0,350,pois_poly12,1.0,91,12,7.872572572572574,0.27733397054533077,17.458586654378053
generator_pois_poly12,1.0,-0.2313916852932179,7.025825825825827,1.0,350,pois_poly12,1.0,92,7,7.256756756756758,1.93929523025007,555.9516388827765
generator_pois_poly12,1.0,-0.2313916852932179,7.025825825825827,1.0,350,pois_poly12,1.0,92,12,8.026526526526528,0.31051179628664005,27.086356581715165
generator_pois_poly12,1.0,-0.2313916852932179,7.025825825825827,1.0,350,pois_poly12,1.0,93,7,7.17977977977978,2.043260053933471,571.6932619783819
generator_pois_poly12,1.0,-0.2313916852932179,7.025825825825827,1.0,350,pois_poly12,1.0,93,12,8.026526526526528,0.2752351386884336,19.89823663470702
generator_pois_poly12,1.0,-0.2313916852932179,7.025825825825827,1.0,350,pois_poly12,1.0,94,7,7.256756756756758,1.7981466478982062,459.73878948816514
generator_pois_poly12,1.0,-0.2313916852932179,7.025825825825827,1.0,350,pois_poly12,1.0,94,12,8.026526526526528,0.263527617902421,18.996839825129143
generator_pois_poly12,1.0,-0.2313916852932179,7.025825825825827,1.0,350,pois_poly12,1.0,95,7,7.025825825825827,1.875385319688419,478.80454232671946
generator_pois_poly12,1.0,-0.2313916852932179,7.025825825825827,1.0,350,pois_poly12,1.0,95,12,8.026526526526528,0.24682593274018078,17.39482797034168
generator_pois_poly12,1.0,-0.2313916852932179,7.025825825825827,1.0,350,pois_poly12,1.0,96,7,7.4107107107107115,2.0913786018328615,711.5863351646349
generator_pois_poly12,1.0,-0.2313916852932179,7.025825825825827,1.0,350,pois_poly12,1.0,96,12,8.026526526526528,0.2883224416221203,20.548833821340565
generator_pois_poly12,1.0,-0.2313916852932179,7.025825825825827,1.0,350,pois_poly12,1.0,97,7,7.17977977977978,1.9268966855811789,525.4229075920523
generator_pois_poly12,1.0,-0.2313916852932179,7.025825825825827,1.0,350,pois_poly12,1.0,97,12,7.94954954954955,0.2963677021048468,23.76934394538273
generator_pois_poly12,1.0,-0.2313916852932179,7.025825825825827,1.0,350,pois_poly12,1.0,98,7,7.17977977977978,1.7543350533067776,432.59141144516195
generator_pois_poly12,1.0,-0.2313916852932179,7.025825825825827,1.0,350,pois_poly12,1.0,98,12,7.94954954954955,0.2934502950810076,22.01472925314448
generator_pois_poly12,1.0,-0.2313916852932179,7.025825825825827,1.0,350,pois_poly12,1.0,99,7,7.025825825825827,1.8455097469455146,466.2848075421033
generator_pois_poly12,1.0,-0.2313916852932179,7.025825825825827,1.0,350,pois_poly12,1.0,99,12,8.026526526526528,0.2967257831811668,24.180107994482228
