label,variant,model,candidate,analysis_bins,background_fit_bins,residual_rms,residual_max_abs,fixed_omega_amplitude,fixed_omega_phase,fixed_omega_delta_chi2,phase_offset_from_prediction,locked_signed_amplitude,locked_delta_chi2,locked_local_p_one_sided,positive_sign
H2,log_175_shift0.0,cheb_d7,"{'name': 'cheb_d7', 'family': 'chebyshev', 'degree': 7, 'spline_smoothing_factor': 1.0}",145,136,2.629714767483439,16.175886553025972,1.4716663297744006,-0.5594796340089296,156.50143413194303,-0.32808794871571173,1.4313920745509137,139.71798061150082,1.5341057538219285e-32,True
H2,log_175_shift0.0,cheb_d12,"{'name': 'cheb_d12', 'family': 'chebyshev', 'degree': 12, 'spline_smoothing_factor': 1.0}",145,145,1.1604028639938864,3.377359230553219,0.14319666210798015,-2.6104262656295396,1.3530479625748626,-2.3790345803363215,-0.095568323249364,0.0,1.0,False
H2,log_175_shift0.0,spline_s1,"{'name': 'spline_s1', 'family': 'spline', 'degree': 7, 'spline_smoothing_factor': 1.0}",145,145,1.0061110079905073,3.3050766300855323,0.023744308631603896,2.6279346764515843,0.040405274526278845,2.8593263617448024,-0.02333774877198543,0.0,1.0,False
H2,log_175_shift0.0,spline_s2,"{'name': 'spline_s2', 'family': 'spline', 'degree': 7, 'spline_smoothing_factor': 2.0}",145,140,2.2146153567069913,13.313550920805557,1.195564714546992,-0.16364486446606905,96.45611505462557,0.06774682082714886,1.186298563849916,95.96725945514254,5.839957756219808e-23,True
H2,log_175_shift0.25,cheb_d7,"{'name': 'cheb_d7', 'family': 'chebyshev', 'degree': 7, 'spline_smoothing_factor': 1.0}",143,136,2.1471433054649847,13.418893033586015,1.326435417620781,-0.3894864325667818,120.75411509871662,-0.15809474727356387,1.3261178275947403,117.52744647851193,1.1001702776533821e-27,True
H2,log_175_shift0.25,cheb_d12,"{'name': 'cheb_d12', 'family': 'chebyshev', 'degree': 12, 'spline_smoothing_factor': 1.0}",143,142,1.1550644100067067,6.121823960690634,0.009161983969820818,-0.8591679260762137,0.0062432324241683546,-0.6277762407829959,0.007833198743290831,0.0041006562469760865,0.4744706349306478,True
H2,log_175_shift0.25,spline_s1,"{'name': 'spline_s1', 'family': 'spline', 'degree': 7, 'spline_smoothing_factor': 1.0}",143,141,1.1060709666943085,4.397559776768863,0.22342776617989527,-0.9820084922860535,3.7703751662969864,-0.7506168069928356,0.17522567528758637,2.0519678783014115,0.07600479982704093,True
H2,log_175_shift0.25,spline_s2,"{'name': 'spline_s2', 'family': 'spline', 'degree': 7, 'spline_smoothing_factor': 2.0}",143,138,1.983465977433672,11.897070864495394,1.1860351223987018,-0.20425632638603852,93.62080718368793,0.027135358907179382,1.1830984133337772,93.54418964918943,1.9861602726429082e-22,True
H2,log_175_shift0.5,cheb_d7,"{'name': 'cheb_d7', 'family': 'chebyshev', 'degree': 7, 'spline_smoothing_factor': 1.0}",143,134,2.5537922755488593,15.069572784291378,1.2454294533354298,-0.5073826123782395,109.21458830189476,-0.27599092708502154,1.2227542141024224,100.72327123142827,5.2887747157312574e-24,True
H2,log_175_shift0.5,cheb_d12,"{'name': 'cheb_d12', 'family': 'chebyshev', 'degree': 12, 'spline_smoothing_factor': 1.0}",143,143,0.9803498294863472,2.8144494478626965,0.11353529503698001,-2.249058735084555,0.889900075874408,-2.0176670497913367,-0.041685355117120945,0.0,1.0,False
H2,log_175_shift0.5,spline_s1,"{'name': 'spline_s1', 'family': 'spline', 'degree': 7, 'spline_smoothing_factor': 1.0}",143,143,1.006106632394313,2.8223332510233328,0.1644459675005013,-0.6747841320164006,1.9569125630097801,-0.44339244672318273,0.15362831417742498,1.5899886179106772,0.10366388000482221,True
H2,log_175_shift0.5,spline_s2,"{'name': 'spline_s2', 'family': 'spline', 'degree': 7, 'spline_smoothing_factor': 2.0}",143,139,1.870384323926908,9.290632120954335,1.192837351320418,-0.23231680069978175,95.86760662285889,-0.0009251154065638423,1.1929163648569059,95.86751684766324,6.141717899725048e-23,True
H2,log_175_shift0.75,cheb_d7,"{'name': 'cheb_d7', 'family': 'chebyshev', 'degree': 7, 'spline_smoothing_factor': 1.0}",144,132,2.7057556436608414,15.66506949641353,1.561863274482418,-0.5789431093815466,174.9954923742489,-0.3475514240883286,1.5065967450270916,154.02646014561333,1.142658088759096e-35,True
H2,log_175_shift0.75,cheb_d12,"{'name': 'cheb_d12', 'family': 'chebyshev', 'degree': 12, 'spline_smoothing_factor': 1.0}",144,143,1.1881370260032698,6.019714362202952,0.04702579354479845,2.5313031927108884,0.1594473387269204,2.7626948780041065,-0.04493680893097543,0.0,1.0,False
H2,log_175_shift0.75,spline_s1,"{'name': 'spline_s1', 'family': 'spline', 'degree': 7, 'spline_smoothing_factor': 1.0}",144,144,1.0058002388124385,3.0028360140620185,0.011906952929507976,-2.7013851561279294,0.009310723236637841,-2.4699934708347113,-0.008790200928230687,0.0,1.0,False
H2,log_175_shift0.75,spline_s2,"{'name': 'spline_s2', 'family': 'spline', 'degree': 7, 'spline_smoothing_factor': 2.0}",144,140,2.087705151832917,13.798649106729481,1.141200470137715,-0.1728432533042666,87.66369867660251,0.05854843198895132,1.13446011977842,87.33327609305013,4.5846090795310074e-21,True
H2,log_250_shift0.0,cheb_d7,"{'name': 'cheb_d7', 'family': 'chebyshev', 'degree': 7, 'spline_smoothing_factor': 1.0}",204,197,1.8519203298536893,11.156608271857724,1.0992671120733823,-0.3333025282978917,116.45327848745706,-0.10191084300467379,1.1015410931777798,115.12772615824042,3.689422000113707e-27,True
H2,log_250_shift0.0,cheb_d12,"{'name': 'cheb_d12', 'family': 'chebyshev', 'degree': 12, 'spline_smoothing_factor': 1.0}",204,204,1.0122400121473594,3.2116341325978213,0.09851535347824707,-2.3580196876160535,0.9431219243058138,-2.1266280023228354,-0.04601209948158127,0.0,1.0,False
H2,log_250_shift0.0,spline_s1,"{'name': 'spline_s1', 'family': 'spline', 'degree': 7, 'spline_smoothing_factor': 1.0}",204,204,1.0085728113322219,3.4575701761959405,0.08923841898498738,-1.4122814906915557,0.8724381396329761,-1.1808898053983379,0.039807583205163845,0.15035232344868632,0.34909944627854816,True
H2,log_250_shift0.0,spline_s2,"{'name': 'spline_s2', 'family': 'spline', 'degree': 7, 'spline_smoothing_factor': 2.0}",204,199,1.7578838353646011,8.996238933404522,1.1920250881756778,-0.08672999418023822,132.41688449371054,0.1446616911129797,1.167316199713274,129.28720475339458,2.9341070161364774e-30,True
H2,log_250_shift0.25,cheb_d7,"{'name': 'cheb_d7', 'family': 'chebyshev', 'degree': 7, 'spline_smoothing_factor': 1.0}",204,198,1.79937965328054,10.25535656282622,1.1556685317336695,-0.2701533744081506,128.94601868105065,-0.03876168911493272,1.15837744580091,128.73543008954493,3.8744240785973624e-30,True
H2,log_250_shift0.25,cheb_d12,"{'name': 'cheb_d12', 'family': 'chebyshev', 'degree': 12, 'spline_smoothing_factor': 1.0}",204,204,1.0891954841962699,3.1387537342011504,0.09256605343643458,-2.4898461928611733,0.807124967244107,-2.258454507567955,-0.05304128906429706,0.0,1.0,False
H2,log_250_shift0.25,spline_s1,"{'name': 'spline_s1', 'family': 'spline', 'degree': 7, 'spline_smoothing_factor': 1.0}",204,204,1.0086866634384142,2.876493699898271,0.002496481531084777,0.055479232348279436,0.0005768392587981452,0.28687091764149736,0.00233804040995734,0.0005244473900916091,0.49086469460191656,True
H2,log_250_shift0.25,spline_s2,"{'name': 'spline_s2', 'family': 'spline', 'degree': 7, 'spline_smoothing_factor': 2.0}",204,198,1.7757561639788153,9.127134900431194,1.1594700900937425,-0.09799834758424802,126.49250760858092,0.13339333770896988,1.1368529900568882,123.99566982862405,4.221382201192083e-29,True
H2,log_250_shift0.5,cheb_d7,"{'name': 'cheb_d7', 'family': 'chebyshev', 'degree': 7, 'spline_smoothing_factor': 1.0}",207,200,2.0728604763948613,13.882581406841647,1.21232545440078,-0.285113006494026,144.63956517548604,-0.05372132120080808,1.2155028408204678,144.18805922724414,1.6160124341184424e-33,True
H2,log_250_shift0.5,cheb_d12,"{'name': 'cheb_d12', 'family': 'chebyshev', 'degree': 12, 'spline_smoothing_factor': 1.0}",207,207,1.063400215488706,3.4359693673656024,0.1304052014897116,-2.605179666140895,1.612156032859076,-2.373787980847677,-0.0869639346665951,0.0,1.0,False
H2,log_250_shift0.5,spline_s1,"{'name': 'spline_s1', 'family': 'spline', 'degree': 7, 'spline_smoothing_factor': 1.0}",207,207,1.0082893690953234,2.9699949923301077,0.04242832547071926,-2.4679023795611297,0.17336161536479722,-2.2365106942679116,-0.023679355583504987,0.0,1.0,False
H2,log_250_shift0.5,spline_s2,"{'name': 'spline_s2', 'family': 'spline', 'degree': 7, 'spline_smoothing_factor': 2.0}",207,202,1.932387385576447,12.039410729744505,1.1866890224750801,-0.08023821818374471,134.64037215667827,0.1511534671094732,1.1596356283050253,131.2382528040007,1.09801159160866e-30,True
H2,log_250_shift0.75,cheb_d7,"{'name': 'cheb_d7', 'family': 'chebyshev', 'degree': 7, 'spline_smoothing_factor': 1.0}",205,198,1.9751782066081893,12.533913122467164,1.1296849505171807,-0.3292752424657028,124.66693231873126,-0.09788355717248487,1.1323752992068326,123.37586319854563,5.769194859558174e-29,True
H2,log_250_shift0.75,cheb_d12,"{'name': 'cheb_d12', 'family': 'chebyshev', 'degree': 12, 'spline_smoothing_factor': 1.0}",205,205,1.1078273313775218,3.024422003546674,0.11982209260700281,-2.3866757019172904,1.3902877351602285,-2.1552840166240723,-0.05878458356314406,0.0,1.0,False
H2,log_250_shift0.75,spline_s1,"{'name': 'spline_s1', 'family': 'spline', 'degree': 7, 'spline_smoothing_factor': 1.0}",205,205,1.009305888350329,3.259178063703287,0.019737743225481347,-1.8065550557089898,0.04144409370996982,-1.575163370415772,0.0013615494725506595,0.00017836772860846395,0.49467210943001727,True
H2,log_250_shift0.75,spline_s2,"{'name': 'spline_s2', 'family': 'spline', 'degree': 7, 'spline_smoothing_factor': 2.0}",205,199,1.841559566320083,10.62044244978571,1.0868655762427009,-0.08994844769807339,111.57133493273841,0.14144323759514452,1.0647731895075623,109.0846503525056,7.775055438485528e-26,True
H2,log_300_shift0.0,cheb_d7,"{'name': 'cheb_d7', 'family': 'chebyshev', 'degree': 7, 'spline_smoothing_factor': 1.0}",245,239,1.7011285869385477,10.327976814405122,1.0070233406617768,-0.32066479343700516,117.62997361186206,-0.08927310814378725,1.0096514498629032,116.60629293945965,1.750517656093171e-27,True
H2,log_300_shift0.0,cheb_d12,"{'name': 'cheb_d12', 'family': 'chebyshev', 'degree': 12, 'spline_smoothing_factor': 1.0}",245,245,1.0408082851801643,2.966352434427104,0.09921356295419695,-2.2638649742012746,1.1639862027337244,-2.0324732889080566,-0.03762696847847933,0.0,1.0,False
H2,log_300_shift0.0,spline_s1,"{'name': 'spline_s1', 'family': 'spline', 'degree': 7, 'spline_smoothing_factor': 1.0}",245,245,1.0105142221485335,2.930484803131036,0.10026681291552639,-1.2810180977558268,1.3234987259351954,-1.049626412462609,0.05635170480776294,0.363239576664796,0.27335626963790594,True
H2,log_300_shift0.0,spline_s2,"{'name': 'spline_s2', 'family': 'spline', 'degree': 7, 'spline_smoothing_factor': 2.0}",245,237,1.746415033300192,9.96170327833805,1.1373828932538452,0.039985956890214044,143.55565964105517,0.27137764218343197,1.0732146850109865,131.75049495816393,8.48284339259706e-31,True
H2,log_300_shift0.25,cheb_d7,"{'name': 'cheb_d7', 'family': 'chebyshev', 'degree': 7, 'spline_smoothing_factor': 1.0}",247,240,1.8211858940422596,12.3817886702989,1.0848390648892896,-0.19225361207913413,135.14014636048898,0.039138073214083774,1.0806770519607358,134.9099604737196,1.7274313691480837e-31,True
H2,log_300_shift0.25,cheb_d12,"{'name': 'cheb_d12', 'family': 'chebyshev', 'degree': 12, 'spline_smoothing_factor': 1.0}",247,246,1.1033571508957656,4.701241177061069,0.040679551102076786,-2.512595945520858,0.18864139172973182,-2.28120426022764,-0.024108676606746288,0.0,1.0,False
H2,log_300_shift0.25,spline_s1,"{'name': 'spline_s1', 'family': 'spline', 'degree': 7, 'spline_smoothing_factor': 1.0}",247,247,1.0104452019605392,2.851969541055886,0.01414478198136705,0.6364130451601052,0.022830663502730886,0.8678047304533232,0.008297759656922641,0.007953785216017195,0.4644678418528253,True
H2,log_300_shift0.25,spline_s2,"{'name': 'spline_s2', 'family': 'spline', 'degree': 7, 'spline_smoothing_factor': 2.0}",247,238,1.901430951480066,12.371935513428912,1.1887642484500156,0.09267541077633143,157.36711332910807,0.3240670960695493,1.0971801697832417,139.06186693795735,2.1346984226121712e-32,True
H2,log_300_shift0.5,cheb_d7,"{'name': 'cheb_d7', 'family': 'chebyshev', 'degree': 7, 'spline_smoothing_factor': 1.0}",248,242,1.9077609798317638,12.625184892199933,1.0650481761662443,-0.27279870662302075,133.68399160565878,-0.04140702132980285,1.067535194280186,133.43630759495022,3.628700821544258e-31,True
H2,log_300_shift0.5,cheb_d12,"{'name': 'cheb_d12', 'family': 'chebyshev', 'degree': 12, 'spline_smoothing_factor': 1.0}",248,247,1.1301238854637634,4.733824788220681,0.05276728421936125,3.0392077239897417,0.320109612516319,-3.012585897896627,-0.05180529059366476,0.0,1.0,False
H2,log_300_shift0.5,spline_s1,"{'name': 'spline_s1', 'family': 'spline', 'degree': 7, 'spline_smoothing_factor': 1.0}",248,248,1.0108924966000086,3.109647169064464,0.010913186808629377,-3.1295922113716297,0.013518101398517501,-2.8982005260784116,-0.010388711945143101,0.0,1.0,False
H2,log_300_shift0.5,spline_s2,"{'name': 'spline_s2', 'family': 'spline', 'degree': 7, 'spline_smoothing_factor': 2.0}",248,242,1.8686503848524105,11.314271036764742,1.1202029537966893,-0.03930442886868448,143.18554692302712,0.19208725642453342,1.0831081529033848,137.35777976391626,5.035172347961013e-32,True
H2,log_300_shift0.75,cheb_d7,"{'name': 'cheb_d7', 'family': 'chebyshev', 'degree': 7, 'spline_smoothing_factor': 1.0}",246,238,1.836612935212933,10.225750209279692,1.0970610233543485,-0.331011441301601,141.06687302760383,-0.09961975600838308,1.0998677710537816,139.55510898074624,1.6652222292073195e-32,True
H2,log_300_shift0.75,cheb_d12,"{'name': 'cheb_d12', 'family': 'chebyshev', 'degree': 12, 'spline_smoothing_factor': 1.0}",246,246,1.0692306158962595,3.0986886121211015,0.1025296914092872,-2.590742739536128,1.185249235194874,-2.35935105424291,-0.0672660661351599,0.0,1.0,False
H2,log_300_shift0.75,spline_s1,"{'name': 'spline_s1', 'family': 'spline', 'degree': 7, 'spline_smoothing_factor': 1.0}",246,246,1.0107795948077156,2.928953554157886,0.015040576981010698,-1.4179532691717542,0.029856836351939364,-1.1865615838785364,0.006691774959155893,0.005165917218590721,0.4713509652444272,True
H2,log_300_shift0.75,spline_s2,"{'name': 'spline_s2', 'family': 'spline', 'degree': 7, 'spline_smoothing_factor': 2.0}",246,238,1.818110786303423,8.738197929877918,1.172345431119547,-0.01111810122206561,154.24983567436698,0.2202735840711523,1.1246599410703988,145.91745301878177,6.7663921166118525e-34,True
H2,log_350_shift0.0,cheb_d7,"{'name': 'cheb_d7', 'family': 'chebyshev', 'degree': 7, 'spline_smoothing_factor': 1.0}",287,278,1.8182037097551353,12.468144924877697,0.9368149217260224,-0.3060043140772712,118.94119682705707,-0.07461262878405328,0.9393397880435898,118.21602392303373,7.77480232029146e-28,True
H2,log_350_shift0.0,cheb_d12,"{'name': 'cheb_d12', 'family': 'chebyshev', 'degree': 12, 'spline_smoothing_factor': 1.0}",287,287,1.0530075574201883,3.172650340195715,0.09502136665645529,-2.3449138718677607,1.2333395576895327,-2.1135221865745426,-0.04309708634116041,0.0,1.0,False
H2,log_350_shift0.0,spline_s1,"{'name': 'spline_s1', 'family': 'spline', 'degree': 7, 'spline_smoothing_factor': 1.0}",287,287,1.0124924408848122,3.3469960984648086,0.03446607374069314,-2.2883137833526654,0.16383637814294616,-2.0569220980594474,-0.01386354383192267,0.0,1.0,False
H2,log_350_shift0.0,spline_s2,"{'name': 'spline_s2', 'family': 'spline', 'degree': 7, 'spline_smoothing_factor': 2.0}",287,277,1.940143500749504,13.012383017156182,1.1371464579865558,0.14360054113643983,167.24879397236418,0.37499222642965774,1.027522794101437,141.45354673960878,6.402328894938062e-33,True
H2,log_350_shift0.25,cheb_d7,"{'name': 'cheb_d7', 'family': 'chebyshev', 'degree': 7, 'spline_smoothing_factor': 1.0}",287,280,1.66222356147693,10.38776631705564,0.9945026625075376,-0.21805450809977944,131.64519919122438,0.013337177193438465,0.9934407137117494,131.61895081775833,9.063994554335046e-31,True
H2,log_350_shift0.25,cheb_d12,"{'name': 'cheb_d12', 'family': 'chebyshev', 'degree': 12, 'spline_smoothing_factor': 1.0}",287,287,1.04731078460625,3.3369571537602485,0.09805159827346997,-2.53814363322252,1.2759941106124302,-2.306751947929302,-0.06048750606898732,0.0,1.0,False
H2,log_350_shift0.25,spline_s1,"{'name': 'spline_s1', 'family': 'spline', 'degree': 7, 'spline_smoothing_factor': 1.0}",287,287,1.0126398559966043,3.209531946589409,0.01797057490384002,-2.8042931801613853,0.041750762708829825,-2.572901494868167,-0.01443181054984858,0.0,1.0,False
H2,log_350_shift0.25,spline_s2,"{'name': 'spline_s2', 'family': 'spline', 'degree': 7, 'spline_smoothing_factor': 2.0}",287,278,1.8575277747406425,11.67491661701608,1.1305900534284186,0.09273093881861519,165.06152254084714,0.3241226241118331,1.0452929521900358,145.71711357003983,7.484360572809568e-34,True
H2,log_350_shift0.5,cheb_d7,"{'name': 'cheb_d7', 'family': 'chebyshev', 'degree': 7, 'spline_smoothing_factor': 1.0}",288,281,1.7425028896598362,9.515339861975983,0.973160548690995,-0.2683079673207927,129.12174888591971,-0.0369162820275748,0.9752398007798877,128.93035340475444,3.512015836096307e-30,True
H2,log_350_shift0.5,cheb_d12,"{'name': 'cheb_d12', 'family': 'chebyshev', 'degree': 12, 'spline_smoothing_factor': 1.0}",288,288,1.115398880551786,3.134607267788807,0.09044046984096511,-2.5242356108293325,1.087446744058468,-2.2928439255361144,-0.0545921615714615,0.0,1.0,False
H2,log_350_shift0.5,spline_s1,"{'name': 'spline_s1', 'family': 'spline', 'degree': 7, 'spline_smoothing_factor': 1.0}",288,288,1.0129971760294403,2.9524802720307606,0.00432680403656139,-0.5482097691456178,0.0026772781903332543,-0.3168180838523999,0.0042143851444623945,0.002407691190683181,0.48043246086093316,True
H2,log_350_shift0.5,spline_s2,"{'name': 'spline_s2', 'family': 'spline', 'degree': 7, 'spline_smoothing_factor': 2.0}",288,283,1.6606639431077128,7.497429152026155,1.0489776627576608,0.012924736111763264,144.69332931008523,0.24431642140498117,0.9984529354296473,135.14112663273932,1.5375783711462838e-31,True
H2,log_350_shift0.75,cheb_d7,"{'name': 'cheb_d7', 'family': 'chebyshev', 'degree': 7, 'spline_smoothing_factor': 1.0}",287,279,1.6804928126480438,9.654853942408035,1.009255039544172,-0.30619287262357453,139.01940799163162,-0.07480118733035662,1.0122326508366013,138.17823405156673,3.331040355748775e-32,True
H2,log_350_shift0.75,cheb_d12,"{'name': 'cheb_d12', 'family': 'chebyshev', 'degree': 12, 'spline_smoothing_factor': 1.0}",287,287,1.0254224923453594,3.176398386871294,0.09060635343914615,-2.4694264221887012,1.094302891744121,-2.238034736895483,-0.05059585592775027,0.0,1.0,False
H2,log_350_shift0.75,spline_s1,"{'name': 'spline_s1', 'family': 'spline', 'degree': 7, 'spline_smoothing_factor': 1.0}",287,287,1.0116596584306956,3.0846425965845885,0.08869369451871172,-1.3443526937323278,1.2129630080174252,-1.11296100843911,0.045321122729018774,0.27700032216284853,0.2993370430283109,True
H2,log_350_shift0.75,spline_s2,"{'name': 'spline_s2', 'family': 'spline', 'degree': 7, 'spline_smoothing_factor': 2.0}",287,279,1.7748827892118884,9.183687594457517,1.143091208264139,0.04295601207313054,170.47086228851947,0.27434769736634845,1.0765282167443153,156.28949549574293,3.659120900506715e-36,True
H2,log_400_shift0.0,cheb_d7,"{'name': 'cheb_d7', 'family': 'chebyshev', 'degree': 7, 'spline_smoothing_factor': 1.0}",327,321,1.6008484196471686,10.621819094918155,0.9127090793583296,-0.21783440308047777,126.75229970392661,0.013557282212740135,0.9117200011999261,126.72633002113366,1.0662076739723715e-29,True
H2,log_400_shift0.0,cheb_d12,"{'name': 'cheb_d12', 'family': 'chebyshev', 'degree': 12, 'spline_smoothing_factor': 1.0}",327,327,1.0639781484659163,3.242908175719758,0.10512200019439721,-2.322750663451547,1.7279328616590988,-2.091358978158329,-0.045612655791280377,0.0,1.0,False
H2,log_400_shift0.0,spline_s1,"{'name': 'spline_s1', 'family': 'spline', 'degree': 7, 'spline_smoothing_factor': 1.0}",327,327,1.014239626931342,3.207054176851795,0.008474017317563485,3.1151417708743576,0.010682015602753836,-2.936651851012011,-0.008170520303781337,0.0,1.0,False
H2,log_400_shift0.0,spline_s2,"{'name': 'spline_s2', 'family': 'spline', 'degree': 7, 'spline_smoothing_factor': 2.0}",327,318,1.8158482425355402,12.125502043322951,1.0683504272495268,0.10647774821914599,168.3018486880345,0.33786943351236387,0.9820418729151142,147.029305198158,3.866294857209775e-34,True
H2,log_400_shift0.25,cheb_d7,"{'name': 'cheb_d7', 'family': 'chebyshev', 'degree': 7, 'spline_smoothing_factor': 1.0}",327,318,1.6313961212749446,9.10676081781471,0.8953591548249141,-0.3227369110081257,124.32995415179118,-0.09134522571490777,0.897754212887674,123.2014996388773,6.299122985322777e-29,True
H2,log_400_shift0.25,cheb_d12,"{'name': 'cheb_d12', 'family': 'chebyshev', 'degree': 12, 'spline_smoothing_factor': 1.0}",327,327,1.0669595731955617,3.1508994757389135,0.0858226513709337,-2.4639978469262083,1.1227039154071576,-2.23260616163299,-0.0476621558611471,0.0,1.0,False
H2,log_400_shift0.25,spline_s1,"{'name': 'spline_s1', 'family': 'spline', 'degree': 7, 'spline_smoothing_factor': 1.0}",327,327,1.0145388018769315,3.1611383320634725,0.011255711490581506,-2.152699070316801,0.0203477967062895,-1.9213073850235831,-0.0030718017209110378,0.0,1.0,False
H2,log_400_shift0.25,spline_s2,"{'name': 'spline_s2', 'family': 'spline', 'degree': 7, 'spline_smoothing_factor': 2.0}",327,314,1.7831826006504081,9.870753770880617,1.0720514676248136,0.09940849088865737,169.6672879646777,0.3308001761818753,0.9878024036277973,149.15617846791338,1.325477628037127e-34,True
H2,log_400_shift0.5,cheb_d7,"{'name': 'cheb_d7', 'family': 'chebyshev', 'degree': 7, 'spline_smoothing_factor': 1.0}",330,322,1.623674313015159,8.743222574299027,0.9007246247714867,-0.3080410439943989,127.35865880858466,-0.076649358701181,0.9034181306210602,126.54848665145198,1.166165840175445e-29,True
H2,log_400_shift0.5,cheb_d12,"{'name': 'cheb_d12', 'family': 'chebyshev', 'degree': 12, 'spline_smoothing_factor': 1.0}",330,330,1.0811300481334043,2.9317195845217814,0.07876826433645216,-2.4502650555552203,0.9541600305871043,-2.2188733702620023,-0.042688561138322596,0.0,1.0,False
H2,log_400_shift0.5,spline_s1,"{'name': 'spline_s1', 'family': 'spline', 'degree': 7, 'spline_smoothing_factor': 1.0}",330,330,1.0145607538318906,2.925826504424618,0.011832762985113194,-0.09560017806181863,0.021300381072478558,0.13579150723139927,0.011599860155527003,0.020863389151713818,0.44257586634823437,True
H2,log_400_shift0.5,spline_s2,"{'name': 'spline_s2', 'family': 'spline', 'degree': 7, 'spline_smoothing_factor': 2.0}",330,323,1.7197269299733926,9.029757195594621,1.034170268165321,0.053102255927297816,160.27844418938537,0.28449394122051574,0.9701355905706637,145.9298804408595,6.7241955281435175e-34,True
H2,log_400_shift0.75,cheb_d7,"{'name': 'cheb_d7', 'family': 'chebyshev', 'degree': 7, 'spline_smoothing_factor': 1.0}",330,321,1.7449903493405912,11.763996714125817,0.9394366629347596,-0.2361401118349976,136.39894067714874,-0.004748426541779704,0.9397663469595804,136.3955454152665,8.174588130927299e-32,True
H2,log_400_shift0.75,cheb_d12,"{'name': 'cheb_d12', 'family': 'chebyshev', 'degree': 12, 'spline_smoothing_factor': 1.0}",330,330,1.0438326475847048,2.981398339688948,0.10094764932752287,-2.5697907629111763,1.5439763532190227,-2.338399077617958,-0.06455828175114361,0.0,1.0,False
H2,log_400_shift0.75,spline_s1,"{'name': 'spline_s1', 'family': 'spline', 'degree': 7, 'spline_smoothing_factor': 1.0}",330,330,1.0140913344410725,2.9319768193621645,0.013422814901369599,-1.3978022007245638,0.03196278199078506,-1.166410515431346,0.006222580339895282,0.005980003443085025,0.46918032119569836,True
H2,log_400_shift0.75,spline_s2,"{'name': 'spline_s2', 'family': 'spline', 'degree': 7, 'spline_smoothing_factor': 2.0}",330,320,1.9225168132742019,12.625077659552035,1.1000039718139303,0.1266329511847765,180.05530848864305,0.35802463647799443,1.0008498673439925,154.70283803376333,8.130236505301726e-36,True
H2,log_500_shift0.0,cheb_d7,"{'name': 'cheb_d7', 'family': 'chebyshev', 'degree': 7, 'spline_smoothing_factor': 1.0}",409,402,1.4093434406149574,7.430210212654799,0.8037302068440251,-0.2562715047281789,124.15039147250206,-0.02487981943496098,0.8049952235411948,124.0658263226843,4.074735884889041e-29,True
H2,log_500_shift0.0,cheb_d12,"{'name': 'cheb_d12', 'family': 'chebyshev', 'degree': 12, 'spline_smoothing_factor': 1.0}",409,409,1.001880463892833,3.3286732618770043,0.08074487938823414,-2.2118724568414208,1.2953029221247903,-1.980480771548203,-0.026555099129648995,0.0,1.0,False
H2,log_500_shift0.0,spline_s1,"{'name': 'spline_s1', 'family': 'spline', 'degree': 7, 'spline_smoothing_factor': 1.0}",409,409,1.0183329706880102,3.4282448362693976,0.07148236361421687,-1.144377128211397,1.1176849055029834,-0.9129854429181792,0.04798586581212691,0.4408514117857294,0.25335590059553326,True
H2,log_500_shift0.0,spline_s2,"{'name': 'spline_s2', 'family': 'spline', 'degree': 7, 'spline_smoothing_factor': 2.0}",409,401,1.5833169603564206,8.544776385833163,0.9371849992738351,0.08227759694870614,162.4547366309895,0.31366928224192403,0.8695651282101028,144.76707369205064,1.2074098231856553e-33,True
H2,log_500_shift0.25,cheb_d7,"{'name': 'cheb_d7', 'family': 'chebyshev', 'degree': 7, 'spline_smoothing_factor': 1.0}",410,399,1.571225822750534,10.78928524363686,0.8251068765312973,-0.23154443713355938,129.99126812140673,-0.0001527518403414696,0.8251162164500478,129.99126474034404,2.057924720399646e-30,True
H2,log_500_shift0.25,cheb_d12,"{'name': 'cheb_d12', 'family': 'chebyshev', 'degree': 12, 'spline_smoothing_factor': 1.0}",410,409,1.0722814788312436,3.9723178326998716,0.0719248996692872,-2.6661119852046324,0.9654684306252079,-2.4347202999114144,-0.05122629792497793,0.0,1.0,False
H2,log_500_shift0.25,spline_s1,"{'name': 'spline_s1', 'family': 'spline', 'degree': 7, 'spline_smoothing_factor': 1.0}",410,410,1.0198182285188246,3.1917798909297233,0.011938842970285952,-2.2497592318194077,0.028299342773379976,-2.0183675465261897,-0.004368456715630731,0.0,1.0,False
H2,log_500_shift0.25,spline_s2,"{'name': 'spline_s2', 'family': 'spline', 'degree': 7, 'spline_smoothing_factor': 2.0}",410,400,1.7206039937907478,11.5103953221952,0.9766205113991848,0.09901252914669902,176.1242935552723,0.3304042144399169,0.9002927544614837,154.75740326000164,7.910043533592905e-36,True
H2,log_500_shift0.5,cheb_d7,"{'name': 'cheb_d7', 'family': 'chebyshev', 'degree': 7, 'spline_smoothing_factor': 1.0}",411,402,1.5117540891808932,8.78854253469035,0.8340797047809756,-0.20690506775812034,133.4353890852035,0.02448661753509757,0.8323277388521453,133.3467507717777,3.7961368556359362e-31,True
H2,log_500_shift0.5,cheb_d12,"{'name': 'cheb_d12', 'family': 'chebyshev', 'degree': 12, 'spline_smoothing_factor': 1.0}",411,411,1.070226946531448,3.1557143783157797,0.07813127774095771,-2.3631133163236115,1.189494445148057,-2.1317216310303935,-0.036697830298843256,0.0,1.0,False
H2,log_500_shift0.5,spline_s1,"{'name': 'spline_s1', 'family': 'spline', 'degree': 7, 'spline_smoothing_factor': 1.0}",411,411,1.0178607186967477,2.9317455842900246,0.012957654658451105,-1.4331653533028015,0.036998448083011226,-1.2017736680095836,0.005562699226307201,0.005956139453303422,0.4692417554208846,True
H2,log_500_shift0.5,spline_s2,"{'name': 'spline_s2', 'family': 'spline', 'degree': 7, 'spline_smoothing_factor': 2.0}",411,398,1.6996944296497711,10.050301651167553,0.9748541807222149,0.10289144104804081,176.74381386986818,0.33428312634125873,0.897368992702751,155.00147066296427,6.995880793008427e-36,True
H2,log_500_shift0.75,cheb_d7,"{'name': 'cheb_d7', 'family': 'chebyshev', 'degree': 7, 'spline_smoothing_factor': 1.0}",411,402,1.5130809097111382,8.470322513136663,0.8355867424553864,-0.21380589839049735,133.97985865998965,0.017585786902720557,0.8343317252444307,133.93399150510686,2.8241238741290368e-31,True
H2,log_500_shift0.75,cheb_d12,"{'name': 'cheb_d12', 'family': 'chebyshev', 'degree': 12, 'spline_smoothing_factor': 1.0}",411,411,1.0515419187433404,3.0445660692467325,0.07995505307618953,-2.463585534245403,1.2229107629697182,-2.232193848952185,-0.04427572635625766,0.0,1.0,False
H2,log_500_shift0.75,spline_s1,"{'name': 'spline_s1', 'family': 'spline', 'degree': 7, 'spline_smoothing_factor': 1.0}",411,411,1.017711207663079,3.0126336411214294,0.0032283568037694103,1.8361544659004236,0.002304538565283565,2.0675461511936417,-0.0017559972454128906,0.0,1.0,False
H2,log_500_shift0.75,spline_s2,"{'name': 'spline_s2', 'family': 'spline', 'degree': 7, 'spline_smoothing_factor': 2.0}",411,400,1.6988367278682923,9.650789835845764,0.9525020592772981,0.10030196310365122,168.3607656168707,0.3316936483968691,0.8768178088603084,147.92174464320306,2.467217267582927e-34,True
H2,log_700_shift0.0,cheb_d7,"{'name': 'cheb_d7', 'family': 'chebyshev', 'degree': 7, 'spline_smoothing_factor': 1.0}",574,564,1.396669980304546,7.4106753732490045,0.6985235204508103,-0.26293037222536386,131.1577256074977,-0.031538686932145954,0.6998158649964106,131.01330036247657,1.2297640035500339e-30,True
H2,log_700_shift0.0,cheb_d12,"{'name': 'cheb_d12', 'family': 'chebyshev', 'degree': 12, 'spline_smoothing_factor': 1.0}",574,574,1.0739929486093,3.362081294926682,0.06816051479717702,-2.3828700499598283,1.2607175736537783,-2.1514783646666102,-0.0331501553981935,0.0,1.0,False
H2,log_700_shift0.0,spline_s1,"{'name': 'spline_s1', 'family': 'spline', 'degree': 7, 'spline_smoothing_factor': 1.0}",574,574,1.025858633486888,3.2116901009020777,0.005344075668643414,-0.406549095398914,0.007862620667310694,-0.17515741010569608,0.005331632563432329,0.007604457605225434,0.465254862288863,True
H2,log_700_shift0.0,spline_s2,"{'name': 'spline_s2', 'family': 'spline', 'degree': 7, 'spline_smoothing_factor': 2.0}",574,560,1.529924548078055,7.137630336258298,0.8036032667757237,0.07686664197348737,167.20028999256306,0.30825832726670527,0.7475742685579124,149.5052724125112,1.111902140558369e-34,True
H2,log_700_shift0.25,cheb_d7,"{'name': 'cheb_d7', 'family': 'chebyshev', 'degree': 7, 'spline_smoothing_factor': 1.0}",573,564,1.3343406719490274,6.428243334746563,0.69390308204954,-0.25694532519250557,129.50923409801942,-0.02555363989928766,0.6950310174818903,129.41601345902006,2.7497453735535213e-30,True
H2,log_700_shift0.25,cheb_d12,"{'name': 'cheb_d12', 'family': 'chebyshev', 'degree': 12, 'spline_smoothing_factor': 1.0}",573,573,1.051919994636018,3.221933692530949,0.06753500597437831,-2.2487647770872843,1.2612804345747008,-2.017373091794066,-0.024513660122078288,0.0,1.0,False
H2,log_700_shift0.25,spline_s1,"{'name': 'spline_s1', 'family': 'spline', 'degree': 7, 'spline_smoothing_factor': 1.0}",573,573,1.0287078622168875,3.245786144974924,0.006170996880303561,-1.7335327026543705,0.011453934781002317,-1.5021410173611527,0.0008936647142096442,0.0002139581654319045,0.4941647561181087,True
H2,log_700_shift0.25,spline_s2,"{'name': 'spline_s2', 'family': 'spline', 'degree': 7, 'spline_smoothing_factor': 2.0}",573,561,1.479805439229495,7.871779938473533,0.7952623525872542,0.0687778076687327,163.7921957208673,0.3001694929619506,0.7417392896466325,147.3948171707675,3.216569868399637e-34,True
H2,log_700_shift0.5,cheb_d7,"{'name': 'cheb_d7', 'family': 'chebyshev', 'degree': 7, 'spline_smoothing_factor': 1.0}",575,565,1.363836618050065,7.850972345338872,0.7047452169374689,-0.21016394929418172,133.4523282135017,0.021227735999036185,0.7034657676421727,133.38585310737506,3.7221009771067577e-31,True
H2,log_700_shift0.5,cheb_d12,"{'name': 'cheb_d12', 'family': 'chebyshev', 'degree': 12, 'spline_smoothing_factor': 1.0}",575,575,1.0300480450914407,3.33174758937648,0.06441184436935417,-2.3430978839269745,1.1328650634515043,-2.1117061986337564,-0.029030105395433825,0.0,1.0,False
H2,log_700_shift0.5,spline_s1,"{'name': 'spline_s1', 'family': 'spline', 'degree': 7, 'spline_smoothing_factor': 1.0}",575,575,1.0266336328671077,3.3123520617488458,0.017318248933266868,-0.7669480093276478,0.08842492887345088,-0.5355563240344299,0.015555527665345365,0.06522188239830484,0.3992125870839529,True
H2,log_700_shift0.5,spline_s2,"{'name': 'spline_s2', 'family': 'spline', 'degree': 7, 'spline_smoothing_factor': 2.0}",575,561,1.5170385715578991,9.109546036420126,0.814990431719214,0.1101275077792807,172.72952518899274,0.34151919307249856,0.7474734915598317,150.59668938098685,6.419619806840499e-35,True
H2,log_700_shift0.75,cheb_d7,"{'name': 'cheb_d7', 'family': 'chebyshev', 'degree': 7, 'spline_smoothing_factor': 1.0}",575,568,1.360201336031257,6.318850719085707,0.7150614707464784,-0.1996048906648884,136.81358920360162,0.03178679462832951,0.7129890239482878,136.6598732630814,7.15572016710018e-32,True
H2,log_700_shift0.75,cheb_d12,"{'name': 'cheb_d12', 'family': 'chebyshev', 'degree': 12, 'spline_smoothing_factor': 1.0}",575,575,1.0707098165547344,3.0929334353836033,0.0709785258037511,-2.2861958973603755,1.3900567938043196,-2.0548042120671575,-0.028297735348789987,0.0,1.0,False
H2,log_700_shift0.75,spline_s1,"{'name': 'spline_s1', 'family': 'spline', 'degree': 7, 'spline_smoothing_factor': 1.0}",575,575,1.026748300518078,3.291091815848973,0.009324848620573672,-1.8508923121381058,0.025835358076506054,-1.619500626844888,0.00024734121056555126,1.644630287955806e-05,0.4983821322521705,True
H2,log_700_shift0.75,spline_s2,"{'name': 'spline_s2', 'family': 'spline', 'degree': 7, 'spline_smoothing_factor': 2.0}",575,566,1.508161111298406,7.475067009360569,0.8120222622022568,0.0788813385842434,171.36323009015382,0.3102730238774613,0.7545797813508444,153.06843919119297,1.8504853318885385e-35,True
H2,linear_175,cheb_d7,"{'name': 'cheb_d7', 'family': 'chebyshev', 'degree': 7, 'spline_smoothing_factor': 1.0}",140,127,2.1157621332816543,9.08517949010731,1.9774493476668717,-0.09652886759719817,216.61262213125497,0.13486281769601974,1.9168327105684664,210.9789950635345,4.1999986116183634e-48,True
H2,linear_175,cheb_d12,"{'name': 'cheb_d12', 'family': 'chebyshev', 'degree': 12, 'spline_smoothing_factor': 1.0}",140,140,1.1638018860159711,3.236922635049292,0.10962722418716474,-2.2462439964315406,0.8369485519086481,-2.0148523111383225,-0.031212297648531128,0.0,1.0,False
H2,linear_175,spline_s1,"{'name': 'spline_s1', 'family': 'spline', 'degree': 7, 'spline_smoothing_factor': 1.0}",140,140,1.015134556700494,2.5545275921784327,0.11750358694399442,-2.058109879702858,1.0374386718163748,-1.8267181944096402,-0.011504697174162347,0.0,1.0,False
H2,linear_175,spline_s2,"{'name': 'spline_s2', 'family': 'spline', 'degree': 7, 'spline_smoothing_factor': 2.0}",140,136,1.4703950389797846,3.4152957961795996,1.0778221774064345,-0.42395844991664733,71.73763822866769,-0.19256676462342942,1.090997193321192,68.34678054855308,6.856447183006761e-17,True
H2,linear_350,cheb_d7,"{'name': 'cheb_d7', 'family': 'chebyshev', 'degree': 7, 'spline_smoothing_factor': 1.0}",280,274,1.6122402949987857,7.456034626245922,1.4196559366173884,-0.1324050278050988,224.3459126410748,0.0989866574881191,1.391262988574657,221.1976319665535,2.4781219571943863e-50,True
H2,linear_350,cheb_d12,"{'name': 'cheb_d12', 'family': 'chebyshev', 'degree': 12, 'spline_smoothing_factor': 1.0}",272,280,1.0914055932033917,3.1374746772520323,0.12179236628168666,-2.031427063312217,2.2365594925158803,-1.8000353780189993,-0.012484198328600876,0.0,1.0,False
H2,linear_350,spline_s1,"{'name': 'spline_s1', 'family': 'spline', 'degree': 7, 'spline_smoothing_factor': 1.0}",280,280,1.0340166793996384,2.9222465185281634,0.07402089931440309,-1.2106720834044018,0.8972295291336536,-0.979280398111184,0.05066687990507627,0.2933663730691478,0.2940356557564935,True
H2,linear_350,spline_s2,"{'name': 'spline_s2', 'family': 'spline', 'degree': 7, 'spline_smoothing_factor': 2.0}",280,268,1.7285917580778736,9.051990002234064,1.425217199413041,-0.060084018826572286,223.06032184743412,0.17130766646664564,1.367221445416095,213.6189289731485,1.1151142992033515e-48,True
H2,linear_700,cheb_d7,"{'name': 'cheb_d7', 'family': 'chebyshev', 'degree': 7, 'spline_smoothing_factor': 1.0}",551,549,1.352861754643656,4.234554030332921,1.0288041165145896,-0.16442405149335498,233.30316283822583,0.06696763379986292,1.0167235455085102,231.79669365117672,1.2091777538349427e-52,True
H2,linear_700,cheb_d12,"{'name': 'cheb_d12', 'family': 'chebyshev', 'degree': 12, 'spline_smoothing_factor': 1.0}",504,553,1.09378166798074,4.017287081283446,0.0858755566546175,-2.590170286305923,1.7570918625300465,-2.358778601012705,-0.05701720069414282,0.0,1.0,False
H2,linear_700,spline_s1,"{'name': 'spline_s1', 'family': 'spline', 'degree': 7, 'spline_smoothing_factor': 1.0}",506,552,1.1187229850177511,4.568615752478266,0.08316410481321897,-0.4323978838931943,1.5275464227826205,-0.20100619859997637,0.08259374232218032,1.4467920539165107,0.11452169644517451,True
H2,linear_700,spline_s2,"{'name': 'spline_s2', 'family': 'spline', 'degree': 7, 'spline_smoothing_factor': 2.0}",473,541,1.5867960922366025,5.188516284900168,1.0815765941471136,0.01630546019587504,245.21724850085548,0.24769714548909294,1.0371374615512214,226.930040184345,1.3926398341876817e-51,True
H2,quantile_175,cheb_d7,"{'name': 'cheb_d7', 'family': 'chebyshev', 'degree': 7, 'spline_smoothing_factor': 1.0}",99,99,0.041972335714513774,0.060515394997320934,0.0012048696238727786,-2.3265415314858595,6.756656445454368e-05,-2.0951498461926414,-0.0005346346304006561,0.0,1.0,False
H2,quantile_175,cheb_d12,"{'name': 'cheb_d12', 'family': 'chebyshev', 'degree': 12, 'spline_smoothing_factor': 1.0}",99,99,0.04138124644167246,0.05880846846476763,0.0012948528076788001,-1.8936956654650285,8.275973426499772e-05,-1.6623039801718107,-3.3529958260060844e-05,0.0,1.0,False
H2,quantile_175,spline_s1,"{'name': 'spline_s1', 'family': 'spline', 'degree': 7, 'spline_smoothing_factor': 1.0}",99,99,0.04207834651527822,0.05267047658197248,0.00047945352702669596,-2.2124570154653225,1.0855929734474024e-05,-1.9810653301721046,-0.00016232038566848272,0.0,1.0,False
H2,quantile_175,spline_s2,"{'name': 'spline_s2', 'family': 'spline', 'degree': 7, 'spline_smoothing_factor': 2.0}",99,99,0.04207834651527822,0.05267047658197248,0.00047945352702669596,-2.2124570154653225,1.0855929734474024e-05,-1.9810653301721046,-0.00016232038566848272,0.0,1.0,False
H2,quantile_350,cheb_d7,"{'name': 'cheb_d7', 'family': 'chebyshev', 'degree': 7, 'spline_smoothing_factor': 1.0}",194,194,0.054870539831328016,0.15341666965958214,0.0014966626904796701,-1.650647182682464,0.00022397509248311964,-1.4192554973892462,0.0003177899245997183,9.239575327113503e-06,0.4987873501921891,True
H2,quantile_350,cheb_d12,"{'name': 'cheb_d12', 'family': 'chebyshev', 'degree': 12, 'spline_smoothing_factor': 1.0}",194,194,0.05445597339863447,0.14014532887140616,0.0024899651002073765,-2.108627921483834,0.0005862123823584253,-1.877236236190616,-0.0006037571419847281,0.0,1.0,False
H2,quantile_350,spline_s1,"{'name': 'spline_s1', 'family': 'spline', 'degree': 7, 'spline_smoothing_factor': 1.0}",194,194,0.054973148663897575,0.1508668100279659,0.0010787275866710655,-0.9746603066397289,0.00011675832347229909,-0.743268621346511,0.0008395430921868712,6.448485798116188e-05,0.49679642960103926,True
H2,quantile_350,spline_s2,"{'name': 'spline_s2', 'family': 'spline', 'degree': 7, 'spline_smoothing_factor': 2.0}",194,194,0.054973148663897575,0.1508668100279659,0.0010787275866710655,-0.9746603066397289,0.00011675832347229909,-0.743268621346511,0.0008395430921868712,6.448485798116188e-05,0.49679642960103926,True
H2,quantile_500,cheb_d7,"{'name': 'cheb_d7', 'family': 'chebyshev', 'degree': 7, 'spline_smoothing_factor': 1.0}",279,279,0.08067706531159477,0.22338895633081912,0.0016244518900681217,-2.764210734158571,0.00033428449102390623,-2.532819048865353,-0.0012695259634196716,0.0,1.0,False
H2,quantile_500,cheb_d12,"{'name': 'cheb_d12', 'family': 'chebyshev', 'degree': 12, 'spline_smoothing_factor': 1.0}",279,279,0.08066448801019419,0.22034785771686027,0.0009602858845781457,-2.7952884968757745,0.0001167502861834091,-2.5638968115825564,-0.0007688371107062546,0.0,1.0,False
H2,quantile_500,spline_s1,"{'name': 'spline_s1', 'family': 'spline', 'degree': 7, 'spline_smoothing_factor': 1.0}",279,279,0.08072208943436017,0.22120829678250445,0.0008094356842656013,-2.977712123448589,8.319340153650767e-05,-2.746320438155371,-0.0007258528522164917,0.0,1.0,False
H2,quantile_500,spline_s2,"{'name': 'spline_s2', 'family': 'spline', 'degree': 7, 'spline_smoothing_factor': 2.0}",279,279,0.08072208943436017,0.22120829678250445,0.0008094356842656013,-2.977712123448589,8.319340153650767e-05,-2.746320438155371,-0.0007258528522164917,0.0,1.0,False
H2,window_2.2_110,cheb_d7,"{'name': 'cheb_d7', 'family': 'chebyshev', 'degree': 7, 'spline_smoothing_factor': 1.0}",286,276,1.7384567302661493,10.141324854528165,0.9315281754740752,-0.5487874208456321,120.09520677610647,-0.31739573555241424,0.8925857415001677,107.66546703086487,1.590994341899726e-25,True
H2,window_2.2_110,cheb_d12,"{'name': 'cheb_d12', 'family': 'chebyshev', 'degree': 12, 'spline_smoothing_factor': 1.0}",286,286,1.0481973989015163,3.239551937113141,0.050030219874845176,-1.5865697451413079,0.37064266818111946,-1.35517805984809,0.011979284666974356,0.01939270134715798,0.444623265344426,True
H2,window_2.2_110,spline_s1,"{'name': 'spline_s1', 'family': 'spline', 'degree': 7, 'spline_smoothing_factor': 1.0}",286,286,1.0128310494510695,3.2709841409796825,0.010357251653408022,1.5355010287957536,0.01588125864094536,1.7668927140889714,-0.0022831080753323205,0.0,1.0,False
H2,window_2.2_110,spline_s2,"{'name': 'spline_s2', 'family': 'spline', 'degree': 7, 'spline_smoothing_factor': 2.0}",286,274,1.9983645792303943,12.940878612867087,1.1421009911550384,0.038651460540433155,175.0232239877373,0.2700431458336511,1.092760254548949,161.3713082722685,2.8379957711078558e-37,True
H2,window_2.5_110,cheb_d7,"{'name': 'cheb_d7', 'family': 'chebyshev', 'degree': 7, 'spline_smoothing_factor': 1.0}",282,273,1.6747772152407987,9.372986686082244,0.9663022009661864,-0.5504653302167133,123.78640659451196,-0.3190736449234954,0.9226619712161016,109.93397169141087,5.065484757984769e-26,True
H2,window_2.5_110,cheb_d12,"{'name': 'cheb_d12', 'family': 'chebyshev', 'degree': 12, 'spline_smoothing_factor': 1.0}",282,282,1.0511886569298847,3.3654733840200928,0.043382760475196916,2.6945228073136986,0.24663025430726293,2.9259144926069167,-0.04253485315978932,0.0,1.0,False
H2,window_2.5_110,spline_s1,"{'name': 'spline_s1', 'family': 'spline', 'degree': 7, 'spline_smoothing_factor': 1.0}",282,282,1.013007470342311,3.451714092046692,0.01399717282856142,1.2692098655973028,0.02946486272043103,1.5006015508905206,0.0007452987513769666,7.173109543145983e-05,0.49662123018739307,True
H2,window_2.5_110,spline_s2,"{'name': 'spline_s2', 'family': 'spline', 'degree': 7, 'spline_smoothing_factor': 2.0}",282,275,1.7720643664691458,10.605707106021624,1.122432837783255,-0.023978049132154927,162.73985866070132,0.20741363616106298,1.0944616982796491,154.68486114676307,8.204114803953548e-36,True
H2,window_3_120,cheb_d7,"{'name': 'cheb_d7', 'family': 'chebyshev', 'degree': 7, 'spline_smoothing_factor': 1.0}",284,277,1.5484863014229042,7.9311782626170695,0.9026204755307667,-0.4265760615220154,111.31361970624732,-0.19518437622879747,0.900923108615043,106.68213580389431,2.613082403277524e-25,True
H2,window_3_120,cheb_d12,"{'name': 'cheb_d12', 'family': 'chebyshev', 'degree': 12, 'spline_smoothing_factor': 1.0}",284,284,1.0013195461390747,3.0045701083921803,0.03713908275742608,-2.050092285241933,0.20053377554677354,-1.8187005999487151,-0.005937132089414921,0.0,1.0,False
H2,window_3_120,spline_s1,"{'name': 'spline_s1', 'family': 'spline', 'degree': 7, 'spline_smoothing_factor': 1.0}",284,284,1.014279820418661,2.955318646349808,0.06096978136255893,-2.087114070041544,0.5362529223829711,-1.855722384748326,-0.011976626897000825,0.0,1.0,False
H2,window_3_120,spline_s2,"{'name': 'spline_s2', 'family': 'spline', 'degree': 7, 'spline_smoothing_factor': 2.0}",284,278,1.6002616902684976,8.273263928843804,0.8348230780026459,-0.2628226444727097,92.12388330885551,-0.03143095917949179,0.8367248657956521,92.01986663664275,4.290534259541945e-22,True
H2,window_2_70,cheb_d7,"{'name': 'cheb_d7', 'family': 'chebyshev', 'degree': 7, 'spline_smoothing_factor': 1.0}",300,299,1.1291879465742105,3.7166292218644847,0.3505150281340694,-0.8224594274684486,18.330502914230692,-0.5910677421752306,0.29358021999009626,12.581147180651215,0.00019482873994905746,True
H2,window_2_70,cheb_d12,"{'name': 'cheb_d12', 'family': 'chebyshev', 'degree': 12, 'spline_smoothing_factor': 1.0}",300,299,1.0509621140902776,3.5871694452682363,0.013104600929327552,2.5841922903011483,0.025348523965135428,2.8155839755943664,-0.012468750251844246,0.0,1.0,False
H2,window_2_70,spline_s1,"{'name': 'spline_s1', 'family': 'spline', 'degree': 7, 'spline_smoothing_factor': 1.0}",300,300,1.014562398086792,3.2904728481387924,0.008391267315195815,1.5891200850324805,0.010656277513930945,1.8205117703256983,-0.0021790975326661096,0.0,1.0,False
H2,window_2_70,spline_s2,"{'name': 'spline_s2', 'family': 'spline', 'degree': 7, 'spline_smoothing_factor': 2.0}",300,297,1.370638285523723,4.021155286838943,0.7040136593598663,-0.06163424791252742,72.1033441970078,0.1697574373806905,0.6923525565777219,69.97151226838605,3.0083572531776794e-17,True
H2,window_4_70,cheb_d7,"{'name': 'cheb_d7', 'family': 'chebyshev', 'degree': 7, 'spline_smoothing_factor': 1.0}",313,313,1.0076221977737265,2.5566525442493884,0.1466881214819605,-0.9729448733449461,3.3622532236553866,-0.7415531880517281,0.10884318517229659,1.744089826210768,0.09331072599140638,True
H2,window_4_70,cheb_d12,"{'name': 'cheb_d12', 'family': 'chebyshev', 'degree': 12, 'spline_smoothing_factor': 1.0}",313,313,0.9866497881297348,2.660017164674566,0.01364245235923539,2.1251653162103286,0.029225270290680783,2.3565570015035466,-0.009715608617665152,0.0,1.0,False
H2,window_4_70,spline_s1,"{'name': 'spline_s1', 'family': 'spline', 'degree': 7, 'spline_smoothing_factor': 1.0}",313,313,1.0163265901121055,2.694945984751162,0.2691857834128119,-1.0968309026166514,11.47965683204194,-0.8654392173234335,0.1759055701544365,4.555389827043825,0.01640764639488215,True
H2,window_4_70,spline_s2,"{'name': 'spline_s2', 'family': 'spline', 'degree': 7, 'spline_smoothing_factor': 2.0}",313,313,1.1739284192068558,3.367230867240119,0.5701795647756879,-0.47659513577110385,48.35257752761788,-0.24520345047788591,0.554063645067031,45.19450910499364,8.920229479427816e-12,True
H2,window_12_70,cheb_d7,"{'name': 'cheb_d7', 'family': 'chebyshev', 'degree': 7, 'spline_smoothing_factor': 1.0}",350,349,1.0789111756570657,4.010351254470015,0.03324255628325916,1.2253191215263555,0.1915735446771123,1.4567108068195733,0.004065870350775637,0.0029254415737227646,0.47843278483713575,True
H2,window_12_70,cheb_d12,"{'name': 'cheb_d12', 'family': 'chebyshev', 'degree': 12, 'spline_smoothing_factor': 1.0}",350,348,1.0750967012374348,3.948892011592868,0.043774151441684374,1.531821263644199,0.33062813696858484,1.7632129489374169,-0.008004646669948873,0.0,1.0,False
H2,window_12_70,spline_s1,"{'name': 'spline_s1', 'family': 'spline', 'degree': 7, 'spline_smoothing_factor': 1.0}",350,350,1.0181450762044575,3.4913359402179887,0.0031906971665215333,1.353296810430697,0.0017604700342417345,1.584688495723915,-1.712166843962568e-05,0.0,1.0,False
H2,window_12_70,spline_s2,"{'name': 'spline_s2', 'family': 'spline', 'degree': 7, 'spline_smoothing_factor': 2.0}",350,349,1.1534081637741633,3.8861653578269193,0.44675613428280375,-0.4632164224851945,35.143583439936265,-0.2318247371919766,0.4339296748681122,33.32138762001574,3.905937543805324e-09,True
H2,window_2_30,cheb_d7,"{'name': 'cheb_d7', 'family': 'chebyshev', 'degree': 7, 'spline_smoothing_factor': 1.0}",283,283,1.0523923618763542,3.255839694374398,0.11491637533183786,-1.2294208050320594,1.9102553271378042,-0.9980291197388416,0.06547737803271354,0.5659143064604564,0.2259435226344676,True
H2,window_2_30,cheb_d12,"{'name': 'cheb_d12', 'family': 'chebyshev', 'degree': 12, 'spline_smoothing_factor': 1.0}",283,283,1.0365232822649633,3.1642223193503445,0.01979566642130543,-1.8135368457074719,0.056499089655289936,-1.582145160414254,0.0004306769384853159,2.4483378524564614e-05,0.49802601445929867,True
H2,window_2_30,spline_s1,"{'name': 'spline_s1', 'family': 'spline', 'degree': 7, 'spline_smoothing_factor': 1.0}",283,283,1.0223725554761658,2.997286555932608,0.007646957443836648,-2.4243937147192285,0.007950878800215833,-2.1930020294260104,-0.004251146036385962,0.0,1.0,False
H2,window_2_30,spline_s2,"{'name': 'spline_s2', 'family': 'spline', 'degree': 7, 'spline_smoothing_factor': 2.0}",283,282,1.2955886792125653,3.9615090890622495,0.4906286932147224,-0.19829464054044751,31.707809915191547,0.033097044752770394,0.48982249417788054,31.669817698609393,9.137012857958585e-09,True
G1,log_175_shift0.0,cheb_d7,"{'name': 'cheb_d7', 'family': 'chebyshev', 'degree': 7, 'spline_smoothing_factor': 1.0}",145,130,2.5757052393268105,13.301961474787682,1.508034655695345,-0.6149448780077383,165.9482414189472,-0.38355319271452043,1.4439497320267118,142.1802365606285,4.440601089901214e-33,True
G1,log_175_shift0.0,cheb_d12,"{'name': 'cheb_d12', 'family': 'chebyshev', 'degree': 12, 'spline_smoothing_factor': 1.0}",145,145,1.2419466866865567,3.1759506026223154,0.0868790960164175,-1.649883741335017,0.5779069961715777,-1.418492056041799,0.020102713758030487,0.02755779474429687,0.4340763480072685,True
G1,log_175_shift0.0,spline_s1,"{'name': 'spline_s1', 'family': 'spline', 'degree': 7, 'spline_smoothing_factor': 1.0}",145,145,1.0071118582740914,2.6677004353564313,0.012446904828322976,-2.387704009813229,0.010520890966802199,-2.156312324520011,-0.006042372449223025,0.0,1.0,False
G1,log_175_shift0.0,spline_s2,"{'name': 'spline_s2', 'family': 'spline', 'degree': 7, 'spline_smoothing_factor': 2.0}",145,140,1.754207673028641,7.401502152160563,0.9504633155459912,0.06981571266726842,59.33714040592247,0.30120739796048634,0.8849439483543564,53.40311755637509,1.3583269482200737e-13,True
G1,log_175_shift0.25,cheb_d7,"{'name': 'cheb_d7', 'family': 'chebyshev', 'degree': 7, 'spline_smoothing_factor': 1.0}",143,136,2.0305550191066106,8.162091973853082,1.2726814174218997,-0.2473791941123951,108.51864358579905,-0.015987508819177182,1.2740994964312296,108.48801460632808,1.0505852277548772e-25,True
G1,log_175_shift0.25,cheb_d12,"{'name': 'cheb_d12', 'family': 'chebyshev', 'degree': 12, 'spline_smoothing_factor': 1.0}",143,143,1.135422050975298,3.2722704204247717,0.08340309297956201,-0.8305515733902501,0.5152485378455651,-0.5991598880970321,0.07252931391363093,0.35156223106696416,0.2766150592181307,True
G1,log_175_shift0.25,spline_s1,"{'name': 'spline_s1', 'family': 'spline', 'degree': 7, 'spline_smoothing_factor': 1.0}",143,143,1.0068407224622524,3.072463341165161,0.02609589495538145,-2.3132002918629038,0.04641267872457888,-2.0818086065696857,-0.010994042655239032,0.0,1.0,False
G1,log_175_shift0.25,spline_s2,"{'name': 'spline_s2', 'family': 'spline', 'degree': 7, 'spline_smoothing_factor': 2.0}",143,139,1.7823738072453807,7.710196075425549,0.9535460278810932,-0.28231191273820316,61.26345397536613,-0.050920227444985255,0.9560807544229499,61.089170130358355,2.7273687289484885e-15,True
G1,log_175_shift0.5,cheb_d7,"{'name': 'cheb_d7', 'family': 'chebyshev', 'degree': 7, 'spline_smoothing_factor': 1.0}",143,135,2.0671464054320814,9.492669511756366,1.3473001652297254,-0.2744272157488988,123.06707412306946,-0.04303553045568087,1.3502298539624382,122.8193791943666,7.636959537666426e-29,True
G1,log_175_shift0.5,cheb_d12,"{'name': 'cheb_d12', 'family': 'chebyshev', 'degree': 12, 'spline_smoothing_factor': 1.0}",143,143,1.1866774367053943,3.2135159282923547,0.09612395159796484,-1.1336481828038958,0.7042534856922771,-0.9022564975106779,0.06501744905654158,0.2847812144299269,0.2967922133387152,True
G1,log_175_shift0.5,spline_s1,"{'name': 'spline_s1', 'family': 'spline', 'degree': 7, 'spline_smoothing_factor': 1.0}",143,143,1.0078604254491192,2.0951047033674257,0.012857395602992682,2.9588728360647294,0.011061347787517661,-3.092920785821639,-0.012797089691395177,0.0,1.0,False
G1,log_175_shift0.5,spline_s2,"{'name': 'spline_s2', 'family': 'spline', 'degree': 7, 'spline_smoothing_factor': 2.0}",143,136,1.8624471665334328,8.702896002912697,1.1141191378092952,-0.27232930363424473,84.12766082440669,-0.04093761834102683,1.1164715949932842,83.9743870019488,2.506132714499624e-20,True
G1,log_175_shift0.75,cheb_d7,"{'name': 'cheb_d7', 'family': 'chebyshev', 'degree': 7, 'spline_smoothing_factor': 1.0}",144,131,2.390186337964122,14.166675268360722,1.4526061047218506,-0.19167650494010005,142.39265800901,0.03971518035311786,1.4473279266780976,142.14617212100075,4.517415987140559e-33,True
G1,log_175_shift0.75,cheb_d12,"{'name': 'cheb_d12', 'family': 'chebyshev', 'degree': 12, 'spline_smoothing_factor': 1.0}",144,143,1.2050942389628867,5.545835262678279,0.09382778676722663,-0.623272896553281,0.6360797458796696,-0.3918812112600631,0.08928270154589733,0.5409236010157201,0.23102510406741328,True
G1,log_175_shift0.75,spline_s1,"{'name': 'spline_s1', 'family': 'spline', 'degree': 7, 'spline_smoothing_factor': 1.0}",144,144,1.0076337050769797,2.5376156858484498,0.05669192845895452,-2.200356905949048,0.22491737193047356,-1.9689652206558301,-0.018236739464679085,0.0,1.0,False
G1,log_175_shift0.75,spline_s2,"{'name': 'spline_s2', 'family': 'spline', 'degree': 7, 'spline_smoothing_factor': 2.0}",144,135,2.1755874267642494,12.455922290849877,1.33343115444598,-0.04622874486470342,117.92235526174125,0.1851629404285145,1.2930469627776782,113.45663061198218,8.569468103778388e-27,True
G1,log_250_shift0.0,cheb_d7,"{'name': 'cheb_d7', 'family': 'chebyshev', 'degree': 7, 'spline_smoothing_factor': 1.0}",204,196,1.8573824956617222,8.887025584783956,1.1000748535217124,-0.19159639895745545,114.1924354735653,0.03979528633576246,1.096081907031848,113.9894186105762,6.55028575550416e-27,True
G1,log_250_shift0.0,cheb_d12,"{'name': 'cheb_d12', 'family': 'chebyshev', 'degree': 12, 'spline_smoothing_factor': 1.0}",204,204,1.1681910411167993,3.3547938428950266,0.09098821061501851,-1.2430591648211904,0.9048457425831202,-1.0116674795279725,0.0537666008790666,0.2742860266565117,0.30023552633551887,True
G1,log_250_shift0.0,spline_s1,"{'name': 'spline_s1', 'family': 'spline', 'degree': 7, 'spline_smoothing_factor': 1.0}",204,204,1.011966454384834,3.0407130028863487,0.00043699060270149424,-1.8389846330278814,2.023357930625025e-05,-1.6075929477346635,1.5074693844349227e-05,2.156141931664024e-08,0.49994142008501496,True
G1,log_250_shift0.0,spline_s2,"{'name': 'spline_s2', 'family': 'spline', 'degree': 7, 'spline_smoothing_factor': 2.0}",204,198,1.720122001008679,7.270140768486842,0.9871190720575891,-0.12129790064610568,91.1481833931465,0.11009378464711221,0.9734063195394391,89.90148046811987,1.251598163897435e-21,True
G1,log_250_shift0.25,cheb_d7,"{'name': 'cheb_d7', 'family': 'chebyshev', 'degree': 7, 'spline_smoothing_factor': 1.0}",204,195,1.9470186350963414,11.082532953754747,1.0529716405351575,-0.25555634547131195,106.78967352458312,-0.024164660178094044,1.0546963227925668,106.72170769990566,2.561421723715051e-25,True
G1,log_250_shift0.25,cheb_d12,"{'name': 'cheb_d12', 'family': 'chebyshev', 'degree': 12, 'spline_smoothing_factor': 1.0}",204,204,1.1374691009013762,3.0254436054360356,0.04880128685739786,-1.2405458230193451,0.2614369379497248,-1.0091541377261273,0.029289471903722775,0.08230400802381155,0.38709951764022055,True
G1,log_250_shift0.25,spline_s1,"{'name': 'spline_s1', 'family': 'spline', 'degree': 7, 'spline_smoothing_factor': 1.0}",204,204,1.0115032695640884,2.747977833705314,0.0043917985145065525,2.7901701964959984,0.001888288343224076,3.0215618817892165,-0.0044022024110572065,0.0,1.0,False
G1,log_250_shift0.25,spline_s2,"{'name': 'spline_s2', 'family': 'spline', 'degree': 7, 'spline_smoothing_factor': 2.0}",204,196,1.7503303397960646,8.940572063772278,1.0542651934911562,-0.0868862809611046,104.42997718289757,0.1445054043321133,1.0311510315350307,102.00993325648608,2.7622025364753343e-24,True
G1,log_250_shift0.5,cheb_d7,"{'name': 'cheb_d7', 'family': 'chebyshev', 'degree': 7, 'spline_smoothing_factor': 1.0}",207,194,2.0492143064333956,12.003270108112906,1.1401398787375785,-0.1378735269935005,125.18524142329852,0.09351815829971741,1.1271006060183064,123.97745200762722,4.26031818038931e-29,True
G1,log_250_shift0.5,cheb_d12,"{'name': 'cheb_d12', 'family': 'chebyshev', 'degree': 12, 'spline_smoothing_factor': 1.0}",207,207,1.1450403208103468,3.138688752049679,0.06708812103273115,-1.6773386798379633,0.4896233681281501,-1.4459469945447454,0.013391714561165955,0.01750208173820056,0.4473753095647518,True
G1,log_250_shift0.5,spline_s1,"{'name': 'spline_s1', 'family': 'spline', 'degree': 7, 'spline_smoothing_factor': 1.0}",207,207,1.0103898891406693,2.4140092784675193,0.011187585455972753,2.736122416437367,0.012566003074169885,2.9675141017305853,-0.011165142763729135,0.0,1.0,False
G1,log_250_shift0.5,spline_s2,"{'name': 'spline_s2', 'family': 'spline', 'degree': 7, 'spline_smoothing_factor': 2.0}",207,197,1.9465357393396034,10.489619079283804,1.1253237784135264,0.04993792087524899,119.5265503338743,0.2813296061684669,1.0574403418723213,109.12621439952215,7.613716551165112e-26,True
G1,log_250_shift0.75,cheb_d7,"{'name': 'cheb_d7', 'family': 'chebyshev', 'degree': 7, 'spline_smoothing_factor': 1.0}",205,195,1.9383099856382122,11.027774227082242,1.059253156022477,-0.19345006179853702,107.3727412428492,0.03794162349468089,1.0555436111236267,107.20172958086391,2.0104282233839347e-25,True
G1,log_250_shift0.75,cheb_d12,"{'name': 'cheb_d12', 'family': 'chebyshev', 'degree': 12, 'spline_smoothing_factor': 1.0}",205,205,1.1850526722296368,3.272722318040232,0.09396500210201039,-1.204500970828706,0.9692144752722811,-0.9731092855354881,0.05857456808191815,0.33011679432019037,0.2827951617206621,True
G1,log_250_shift0.75,spline_s1,"{'name': 'spline_s1', 'family': 'spline', 'degree': 7, 'spline_smoothing_factor': 1.0}",205,205,1.0108195439389889,2.7804394488202933,0.009723483239229613,-2.327633770825673,0.009241467753952293,-2.096242085532455,-0.0042602836754096,0.0,1.0,False
G1,log_250_shift0.75,spline_s2,"{'name': 'spline_s2', 'family': 'spline', 'degree': 7, 'spline_smoothing_factor': 2.0}",205,198,1.7733583526330605,9.243714344678628,0.9765361098566452,-0.044741991332565,89.63565011901801,0.1866496939606529,0.946283122273302,86.15720817791009,8.309253546995117e-21,True
G1,log_300_shift0.0,cheb_d7,"{'name': 'cheb_d7', 'family': 'chebyshev', 'degree': 7, 'spline_smoothing_factor': 1.0}",245,235,1.8047933636662987,8.688281903451337,0.9561537582711523,-0.22634957284740082,104.49893440238225,0.005042112445817092,0.9557851444191785,104.4959826834388,7.8756223678437125e-25,True
G1,log_300_shift0.0,cheb_d12,"{'name': 'cheb_d12', 'family': 'chebyshev', 'degree': 12, 'spline_smoothing_factor': 1.0}",245,245,1.1785895440660326,3.3487845526274787,0.07318722703662678,-1.3147843970359134,0.705541557224592,-1.0833927117426956,0.03905725262557466,0.1744947736703466,0.3380738341175229,True
G1,log_300_shift0.0,spline_s1,"{'name': 'spline_s1', 'family': 'spline', 'degree': 7, 'spline_smoothing_factor': 1.0}",245,245,1.0151842266802535,2.720458800717182,0.011064101001693097,3.0097701937169443,0.013813878923969014,-3.0420234281694243,-0.01092798172404507,0.0,1.0,False
G1,log_300_shift0.0,spline_s2,"{'name': 'spline_s2', 'family': 'spline', 'degree': 7, 'spline_smoothing_factor': 2.0}",245,235,1.730452636117226,7.259035304476963,0.9944138955333628,0.01747731757494424,109.91424841066043,0.24886900286816216,0.9456676387973569,102.29539822134666,2.3915095030222303e-24,True
G1,log_300_shift0.25,cheb_d7,"{'name': 'cheb_d7', 'family': 'chebyshev', 'degree': 7, 'spline_smoothing_factor': 1.0}",247,236,1.9710793868089127,11.408826633166003,0.9769484051421338,-0.17718054427378857,109.35424349309017,0.05421114101942934,0.9713588812742665,108.99625768614749,8.129627685659646e-26,True
G1,log_300_shift0.25,cheb_d12,"{'name': 'cheb_d12', 'family': 'chebyshev', 'degree': 12, 'spline_smoothing_factor': 1.0}",247,247,1.1545902930184522,3.1277675348457468,0.04714151335591725,-1.6033625102155726,0.2921689789828861,-1.3719708249223548,0.012938031654487024,0.019336976748320467,0.4447023723904249,True
G1,log_300_shift0.25,spline_s1,"{'name': 'spline_s1', 'family': 'spline', 'degree': 7, 'spline_smoothing_factor': 1.0}",247,247,1.0132118835150374,3.0370045240076795,0.010527774370004302,2.765782887898269,0.01311932068156807,2.997174573191487,-0.010537083427481834,0.0,1.0,False
G1,log_300_shift0.25,spline_s2,"{'name': 'spline_s2', 'family': 'spline', 'degree': 7, 'spline_smoothing_factor': 2.0}",247,237,1.8523488747663004,9.500320662027375,1.0314212809514924,0.08898013437715935,118.49267031201339,0.32037181967037726,0.9534498073351584,105.0141513210433,6.063333683539951e-25,True
G1,log_300_shift0.5,cheb_d7,"{'name': 'cheb_d7', 'family': 'chebyshev', 'degree': 7, 'spline_smoothing_factor': 1.0}",248,238,1.7655586425731833,8.712432151141885,1.0404302097875142,-0.15875527455968091,125.39433363794217,0.072636410733537,1.0318638914515312,124.667842295107,3.0084201107210317e-29,True
G1,log_300_shift0.5,cheb_d12,"{'name': 'cheb_d12', 'family': 'chebyshev', 'degree': 12, 'spline_smoothing_factor': 1.0}",248,248,1.1093567004144564,3.4081381132049016,0.06945691415699502,-1.4428706860940563,0.6401935404833239,-1.2114790008008385,0.029437734865705917,0.10146549803164362,0.3750390084273177,True
G1,log_300_shift0.5,spline_s1,"{'name': 'spline_s1', 'family': 'spline', 'degree': 7, 'spline_smoothing_factor': 1.0}",248,248,1.013151204292227,3.257924320199263,0.009650078624024167,2.911726698262634,0.010901071836627807,-3.1400669236237344,-0.009648931967671293,0.0,1.0,False
G1,log_300_shift0.5,spline_s2,"{'name': 'spline_s2', 'family': 'spline', 'degree': 7, 'spline_smoothing_factor': 2.0}",248,241,1.7198965365841645,7.703614518070153,1.0034902615105648,-0.0017310532577175174,114.45081476813868,0.22966063203550036,0.9595256054315828,107.80099010465119,1.4858393770553416e-25,True
G1,log_300_shift0.75,cheb_d7,"{'name': 'cheb_d7', 'family': 'chebyshev', 'degree': 7, 'spline_smoothing_factor': 1.0}",246,238,1.7666532889127704,8.663230591432137,1.0775678243552655,-0.1620961345262921,132.62332486161847,0.06929555076692581,1.0693429276902273,131.91639991468492,7.802726327865149e-31,True
G1,log_300_shift0.75,cheb_d12,"{'name': 'cheb_d12', 'family': 'chebyshev', 'degree': 12, 'spline_smoothing_factor': 1.0}",246,246,1.1268132770708224,2.858652612963182,0.06317800733580435,-1.2582701474491058,0.5271914619614222,-1.026878462155888,0.036779802776021234,0.15605711712180437,0.3464064432229218,True
G1,log_300_shift0.75,spline_s1,"{'name': 'spline_s1', 'family': 'spline', 'degree': 7, 'spline_smoothing_factor': 1.0}",246,246,1.0127303469853706,2.5936213294359076,0.0033831147789653813,-1.9313897137510425,0.0014331642611296047,-1.6999980284578247,-0.0001823394627638656,0.0,1.0,False
G1,log_300_shift0.75,spline_s2,"{'name': 'spline_s2', 'family': 'spline', 'degree': 7, 'spline_smoothing_factor': 2.0}",246,239,1.7326254075932914,7.944137087739482,1.0385680327313993,-0.06277890379427475,121.69442371582363,0.16861278149894315,1.010667738776928,117.83697726308503,9.412052122585988e-28,True
G1,log_350_shift0.0,cheb_d7,"{'name': 'cheb_d7', 'family': 'chebyshev', 'degree': 7, 'spline_smoothing_factor': 1.0}",287,277,1.724233521198606,8.47263527336808,0.9348331978095775,-0.1568030274297057,115.88074417238613,0.07458865786351221,0.9271151407378829,115.15909911311974,3.631512994164956e-27,True
G1,log_350_shift0.0,cheb_d12,"{'name': 'cheb_d12', 'family': 'chebyshev', 'degree': 12, 'spline_smoothing_factor': 1.0}",287,286,1.1890045850274293,3.7009398082100544,0.059850322308244046,-1.4380745077157908,0.5517010548369967,-1.206682822422573,0.025423396764706063,0.08659604590820891,0.3842750100121957,True
G1,log_350_shift0.0,spline_s1,"{'name': 'spline_s1', 'family': 'spline', 'degree': 7, 'spline_smoothing_factor': 1.0}",287,287,1.0160743606659108,3.1853315721027684,0.0067063308046770255,-2.742552931862068,0.005845376107231459,-2.5111612465688498,-0.005126706708711663,0.0,1.0,False
G1,log_350_shift0.0,spline_s2,"{'name': 'spline_s2', 'family': 'spline', 'degree': 7, 'spline_smoothing_factor': 2.0}",287,277,1.7054486753648679,7.592342799973068,0.9541326828663818,0.04235730323881063,118.33124216076408,0.27374898853202856,0.8996513099244391,108.43746213266206,1.077725212140378e-25,True
G1,log_350_shift0.25,cheb_d7,"{'name': 'cheb_d7', 'family': 'chebyshev', 'degree': 7, 'spline_smoothing_factor': 1.0}",287,276,1.6477204300094381,8.212757121525101,0.9642341518440692,-0.1805723841178266,123.11001316723502,0.0508193011753913,0.9593942719578658,122.75205118900976,7.900558356135967e-29,True
G1,log_350_shift0.25,cheb_d12,"{'name': 'cheb_d12', 'family': 'chebyshev', 'degree': 12, 'spline_smoothing_factor': 1.0}",287,287,1.0865607399503845,3.3311157642075835,0.05986411590913982,-1.1323879813122546,0.5485571257360675,-0.9009962960190366,0.04060993214128461,0.2199373779214966,0.3195438186958617,True
G1,log_350_shift0.25,spline_s1,"{'name': 'spline_s1', 'family': 'spline', 'degree': 7, 'spline_smoothing_factor': 1.0}",287,287,1.0141134246278176,3.008921889353725,0.009173143066378614,1.0705027673208403,0.012095396069014441,1.3018944526140581,0.0017879699770604724,0.0004263388992740147,0.49176323478021544,True
G1,log_350_shift0.25,spline_s2,"{'name': 'spline_s2', 'family': 'spline', 'degree': 7, 'spline_smoothing_factor': 2.0}",287,281,1.5733495687869596,5.621054179441305,1.0000920450668895,0.17040102489118678,128.8732407208255,0.40179271018440466,0.8917401775645393,106.05012486230578,3.59467476664461e-25,True
G1,log_350_shift0.5,cheb_d7,"{'name': 'cheb_d7', 'family': 'chebyshev', 'degree': 7, 'spline_smoothing_factor': 1.0}",288,283,1.5965215501958778,7.396137711930549,0.9961069089128407,-0.10121693086964346,132.09046487844842,0.13017475442357446,0.9778068318124987,129.60998892837006,2.4937381703897293e-30,True
G1,log_350_shift0.5,cheb_d12,"{'name': 'cheb_d12', 'family': 'chebyshev', 'degree': 12, 'spline_smoothing_factor': 1.0}",288,288,1.0862632168848696,2.967174712582577,0.05260402278707993,-1.3460466029482105,0.4280867257424461,-1.1146549176549927,0.026777098660518504,0.09719845828982443,0.3776089268663099,True
G1,log_350_shift0.5,spline_s1,"{'name': 'spline_s1', 'family': 'spline', 'degree': 7, 'spline_smoothing_factor': 1.0}",288,288,1.0147388572384342,3.0578138447271077,0.012759789358916961,-2.669326038800087,0.021334639685505863,-2.437934353506869,-0.009098761787435619,0.0,1.0,False
G1,log_350_shift0.5,spline_s2,"{'name': 'spline_s2', 'family': 'spline', 'degree': 7, 'spline_smoothing_factor': 2.0}",288,273,1.8829063294100796,7.7811233875740475,0.9751078437591633,0.3081737389330113,123.6313555028878,0.5395654242262292,0.7983267425642405,86.39601161597261,7.364082632551136e-21,True
G1,log_350_shift0.75,cheb_d7,"{'name': 'cheb_d7', 'family': 'chebyshev', 'degree': 7, 'spline_smoothing_factor': 1.0}",287,275,1.7855057024736498,8.673105728615214,0.9379895159807053,-0.20181720416265278,118.12322609514092,0.029574481130565128,0.9354464903748781,118.00946841444102,8.628114258229946e-28,True
G1,log_350_shift0.75,cheb_d12,"{'name': 'cheb_d12', 'family': 'chebyshev', 'degree': 12, 'spline_smoothing_factor': 1.0}",287,287,1.1747592425554714,3.2297034194487715,0.05868952697621485,-1.3987045043243154,0.5305406052033845,-1.1673128190310975,0.027193581668146047,0.09972677589303203,0.3760788801507249,True
G1,log_350_shift0.75,spline_s1,"{'name': 'spline_s1', 'family': 'spline', 'degree': 7, 'spline_smoothing_factor': 1.0}",287,287,1.017924886921957,2.9231415440065964,0.003370895219493304,3.029937222263494,0.001506679656358756,-3.0218563996228744,-0.0033157973407167717,0.0,1.0,False
G1,log_350_shift0.75,spline_s2,"{'name': 'spline_s2', 'family': 'spline', 'degree': 7, 'spline_smoothing_factor': 2.0}",287,270,1.9042154726038818,7.819159254397994,0.989774934247586,0.266230425866646,126.67452876318032,0.49762211115986393,0.8334047224864299,93.6679182627048,1.86580291314018e-22,True
G1,log_400_shift0.0,cheb_d7,"{'name': 'cheb_d7', 'family': 'chebyshev', 'degree': 7, 'spline_smoothing_factor': 1.0}",327,317,1.592194687151522,7.125431543335114,0.8676825330978681,-0.19476814125009628,114.18348888124626,0.036623544043121625,0.8647764712664275,114.01227794362558,6.47520609151852e-27,True
G1,log_400_shift0.0,cheb_d12,"{'name': 'cheb_d12', 'family': 'chebyshev', 'degree': 12, 'spline_smoothing_factor': 1.0}",327,327,1.117919660577462,3.1784699915278445,0.07684940984732683,-1.4129918159154091,1.0375380801836513,-1.1816001306221913,0.034361706824666396,0.18000863941426815,0.33568290803540723,True
G1,log_400_shift0.0,spline_s1,"{'name': 'spline_s1', 'family': 'spline', 'degree': 7, 'spline_smoothing_factor': 1.0}",327,327,1.0194186802196856,3.0578176492093028,0.014143420177422457,2.816831385819369,0.03094216835768293,3.048223071112587,-0.014178282408052847,0.0,1.0,False
G1,log_400_shift0.0,spline_s2,"{'name': 'spline_s2', 'family': 'spline', 'degree': 7, 'spline_smoothing_factor': 2.0}",327,319,1.6039944624564972,5.750958525404349,0.9653615911280132,0.12562935256783467,137.3170219148053,0.35702103786105255,0.8798063883487278,118.00981114125022,8.626623518855221e-28,True
G1,log_400_shift0.25,cheb_d7,"{'name': 'cheb_d7', 'family': 'chebyshev', 'degree': 7, 'spline_smoothing_factor': 1.0}",327,319,1.5822579685798601,7.3326913943967496,0.9063639681242861,-0.10861258461390413,123.4970299496872,0.12277910067931379,0.8912124662962891,121.41255434936079,1.5519255555059083e-28,True
G1,log_400_shift0.25,cheb_d12,"{'name': 'cheb_d12', 'family': 'chebyshev', 'degree': 12, 'spline_smoothing_factor': 1.0}",327,327,1.1385579810341422,3.286450423022718,0.054983222445519696,-1.2566599673297139,0.5308167151651446,-1.025268282036496,0.032055693946996686,0.1570765871198887,0.3459312095667486,True
G1,log_400_shift0.25,spline_s1,"{'name': 'spline_s1', 'family': 'spline', 'degree': 7, 'spline_smoothing_factor': 1.0}",327,327,1.0186378319765255,3.297909215424253,0.004581482676352702,1.225195246964191,0.0035097675242923287,1.4565869322574088,0.0001806054390162572,4.986120245575876e-06,0.4991091777029073,True
G1,log_400_shift0.25,spline_s2,"{'name': 'spline_s2', 'family': 'spline', 'degree': 7, 'spline_smoothing_factor': 2.0}",327,317,1.6428079774060336,6.781271465806221,0.9942578404104394,0.06196858376809161,146.25429093827506,0.2933602690613095,0.9302090600545615,132.27026414855027,6.528787138463683e-31,True
G1,log_400_shift0.5,cheb_d7,"{'name': 'cheb_d7', 'family': 'chebyshev', 'degree': 7, 'spline_smoothing_factor': 1.0}",330,322,1.5796701789119805,7.599771843290483,0.879035437344337,-0.1418112533410054,118.25736659862685,0.08958043195221252,0.8694245129870459,117.2041833528815,1.2949229086767878e-27,True
G1,log_400_shift0.5,cheb_d12,"{'name': 'cheb_d12', 'family': 'chebyshev', 'degree': 12, 'spline_smoothing_factor': 1.0}",330,330,1.1006047545947841,3.003825879733725,0.036199374729845954,-1.1531756428832713,0.2317818318331888,-0.9217839575900536,0.024110931223366067,0.09013787598883027,0.38200097399960464,True
G1,log_400_shift0.5,spline_s1,"{'name': 'spline_s1', 'family': 'spline', 'degree': 7, 'spline_smoothing_factor': 1.0}",330,330,1.0186195688291486,3.249032590750987,0.011369473810161686,1.2998473745673902,0.0220086278504823,1.531239059860608,-0.00042962859602033713,0.0,1.0,False
G1,log_400_shift0.5,spline_s2,"{'name': 'spline_s2', 'family': 'spline', 'degree': 7, 'spline_smoothing_factor': 2.0}",330,307,1.8954213762446195,8.951551124308205,0.9824993542094991,0.4200458032136413,144.24469717441252,0.6514374885068592,0.7351903771334991,83.80674622351148,2.7279157421152873e-20,True
G1,log_400_shift0.75,cheb_d7,"{'name': 'cheb_d7', 'family': 'chebyshev', 'degree': 7, 'spline_smoothing_factor': 1.0}",330,319,1.663978778411643,9.394495645070634,0.9134605623297009,-0.13149822918660103,127.05739098887386,0.09989345610661687,0.9019578320035411,125.64143185339037,1.8418868822938522e-29,True
G1,log_400_shift0.75,cheb_d12,"{'name': 'cheb_d12', 'family': 'chebyshev', 'degree': 12, 'spline_smoothing_factor': 1.0}",330,329,1.1314364583381091,4.4727129795933545,0.0306340567306193,-0.6007072236326682,0.15446621620657197,-0.36931553833945024,0.02941207092090236,0.13360158733109984,0.35736331599451654,True
G1,log_400_shift0.75,spline_s1,"{'name': 'spline_s1', 'family': 'spline', 'degree': 7, 'spline_smoothing_factor': 1.0}",330,330,1.01818201679771,3.34644712832487,0.009730117704803696,2.8104538168884297,0.01485872870006233,3.0418455021816477,-0.009755664556439012,0.0,1.0,False
G1,log_400_shift0.75,spline_s2,"{'name': 'spline_s2', 'family': 'spline', 'degree': 7, 'spline_smoothing_factor': 2.0}",330,309,1.901831150524747,9.543226876252833,0.9635736462234401,0.4038644527049525,138.52987396667618,0.6352561379981705,0.7319845337506572,82.74927906310086,4.6574890692948853e-20,True
G1,log_500_shift0.0,cheb_d7,"{'name': 'cheb_d7', 'family': 'chebyshev', 'degree': 7, 'spline_smoothing_factor': 1.0}",409,400,1.4791813996979704,6.4844197531332295,0.7835703680883279,-0.14035789347530903,116.0457572127392,0.09103379181790888,0.7749328926919347,114.97244206467076,3.989937056606563e-27,True
G1,log_500_shift0.0,cheb_d12,"{'name': 'cheb_d12', 'family': 'chebyshev', 'degree': 12, 'spline_smoothing_factor': 1.0}",409,407,1.1225091403450362,4.047433461485195,0.04391326046346214,-1.4176566879343917,0.4237139874343825,-1.1862650026411738,0.01955477412990117,0.07321012921329384,0.3933594614565931,True
G1,log_500_shift0.0,spline_s1,"{'name': 'spline_s1', 'family': 'spline', 'degree': 7, 'spline_smoothing_factor': 1.0}",409,408,1.0463727508913654,4.531202268813199,0.03241878481450396,-2.9774076006464356,0.19368448290077822,-2.7460159153532175,-0.02896945661925696,0.0,1.0,False
G1,log_500_shift0.0,spline_s2,"{'name': 'spline_s2', 'family': 'spline', 'degree': 7, 'spline_smoothing_factor': 2.0}",409,381,1.7526693850664623,7.6987730464825095,0.9043166998415071,0.3791703885860069,151.12374635851302,0.6105620738792248,0.7016775070792888,94.2628737077398,1.381420028617261e-22,True
G1,log_500_shift0.25,cheb_d7,"{'name': 'cheb_d7', 'family': 'chebyshev', 'degree': 7, 'spline_smoothing_factor': 1.0}",410,396,1.5468286812379852,8.13151713389749,0.8055710259046105,-0.10873887761171849,121.89663573813255,0.12265280768149942,0.7922080793458945,119.82914442068738,3.447538560247044e-28,True
G1,log_500_shift0.25,cheb_d12,"{'name': 'cheb_d12', 'family': 'chebyshev', 'degree': 12, 'spline_smoothing_factor': 1.0}",410,410,1.1154488180012183,3.3007319214912414,0.048186759347645665,-1.3602362963888006,0.5123310885005026,-1.1288446110955828,0.02384079592310137,0.1085239079582152,0.3709154721091822,True
G1,log_500_shift0.25,spline_s1,"{'name': 'spline_s1', 'family': 'spline', 'degree': 7, 'spline_smoothing_factor': 1.0}",410,410,1.0259146736069216,2.973115206310126,0.012469855086441446,1.952888427579544,0.03415010379274008,2.184280112872762,-0.007935485436023414,0.0,1.0,False
G1,log_500_shift0.25,spline_s2,"{'name': 'spline_s2', 'family': 'spline', 'degree': 7, 'spline_smoothing_factor': 2.0}",410,387,1.794732174513342,8.730835127908026,0.9182103237862486,0.39948341886476063,156.33776734130197,0.6308751041579785,0.7012884028576347,93.90251801337581,1.6572609746759703e-22,True
G1,log_500_shift0.5,cheb_d7,"{'name': 'cheb_d7', 'family': 'chebyshev', 'degree': 7, 'spline_smoothing_factor': 1.0}",411,404,1.5128892596118886,7.0152979979442,0.8191510420593359,-0.10259457537175612,126.97171598402474,0.12879710992146182,0.8046281967071255,124.6189810260687,3.083417851264161e-29,True
G1,log_500_shift0.5,cheb_d12,"{'name': 'cheb_d12', 'family': 'chebyshev', 'degree': 12, 'spline_smoothing_factor': 1.0}",411,411,1.120085121797148,3.225859184451117,0.04854154153019305,-1.5456726413497364,0.5164236486746177,-1.3142809560565185,0.01576873807668579,0.04786164042582186,0.4134134268768901,True
G1,log_500_shift0.5,spline_s1,"{'name': 'spline_s1', 'family': 'spline', 'degree': 7, 'spline_smoothing_factor': 1.0}",411,411,1.0229584054416523,3.3520881021206743,0.015805193815468768,2.75766361030536,0.04926703944016708,2.989055295598578,-0.01579829751752569,0.0,1.0,False
G1,log_500_shift0.5,spline_s2,"{'name': 'spline_s2', 'family': 'spline', 'degree': 7, 'spline_smoothing_factor': 2.0}",411,390,1.7783514316220683,7.568703528416194,0.9222074967846197,0.3663787263297533,158.1818240902969,0.5977704116229712,0.7241183618033178,100.92826815474609,4.768781286760651e-24,True
G1,log_500_shift0.75,cheb_d7,"{'name': 'cheb_d7', 'family': 'chebyshev', 'degree': 7, 'spline_smoothing_factor': 1.0}",411,403,1.507228925358892,6.264524705682828,0.8086921228038095,-0.11131094608778562,123.7341895808081,0.12008073920543229,0.795446242630975,121.74046765297498,1.3154943639567566e-28,True
G1,log_500_shift0.75,cheb_d12,"{'name': 'cheb_d12', 'family': 'chebyshev', 'degree': 12, 'spline_smoothing_factor': 1.0}",411,411,1.1156273608319993,3.281265534209135,0.04651592582659077,-1.3667734578001323,0.4783596203358229,-1.1353817725069144,0.022851239622125877,0.1004691724548934,0.3756336668012106,True
G1,log_500_shift0.75,spline_s1,"{'name': 'spline_s1', 'family': 'spline', 'degree': 7, 'spline_smoothing_factor': 1.0}",411,411,1.0246256510239435,2.9542893646319874,0.013551886713416112,2.5105836202517393,0.037864797207703305,2.7419753055449574,-0.012888111455597501,0.0,1.0,False
G1,log_500_shift0.75,spline_s2,"{'name': 'spline_s2', 'family': 'spline', 'degree': 7, 'spline_smoothing_factor': 2.0}",411,390,1.7616801438939815,7.056151197349193,0.8863926147158442,0.3966808815325729,145.8982115624667,0.6280725668257908,0.6773292613622829,88.26996862839292,2.8551931583328375e-21,True
G1,log_700_shift0.0,cheb_d7,"{'name': 'cheb_d7', 'family': 'chebyshev', 'degree': 7, 'spline_smoothing_factor': 1.0}",574,565,1.3690824108817878,5.927477662762022,0.6902276338592215,-0.0767474632043424,124.91766044020005,0.1546442220888755,0.674076449656365,121.55312490109395,1.4457695952295027e-28,True
G1,log_700_shift0.0,cheb_d12,"{'name': 'cheb_d12', 'family': 'chebyshev', 'degree': 12, 'spline_smoothing_factor': 1.0}",574,573,1.099654278346639,3.8610246124053993,0.03850356215500243,-1.3361189140915428,0.457735571880562,-1.104727228798325,0.019863226039208447,0.1055473634221471,0.3726357438339246,True
G1,log_700_shift0.0,spline_s1,"{'name': 'spline_s1', 'family': 'spline', 'degree': 7, 'spline_smoothing_factor': 1.0}",574,572,1.0543078249723645,3.965130370218093,0.03912872279838629,1.9310394728894515,0.47118349990239494,2.1624311581826694,-0.02424054802583306,0.0,1.0,False
G1,log_700_shift0.0,spline_s2,"{'name': 'spline_s2', 'family': 'spline', 'degree': 7, 'spline_smoothing_factor': 2.0}",574,561,1.5719227559143112,6.604034319893778,0.7805465924711379,0.31803526047216035,157.43414491902718,0.5494269457653782,0.6353262349311435,107.97952136865092,1.3578485715632995e-25,True
G1,log_700_shift0.25,cheb_d7,"{'name': 'cheb_d7', 'family': 'chebyshev', 'degree': 7, 'spline_smoothing_factor': 1.0}",573,565,1.3278383925197927,5.424776151442858,0.687175751575316,-0.09312716180589573,124.13961679337046,0.13826452348732218,0.6733824258153438,121.47955722584197,1.5003876791041725e-28,True
G1,log_700_shift0.25,cheb_d12,"{'name': 'cheb_d12', 'family': 'chebyshev', 'degree': 12, 'spline_smoothing_factor': 1.0}",573,572,1.0622461039989268,3.82144750289507,0.029180381444850318,-0.9359508764713432,0.2561115426788092,-0.7045591911781253,0.02367632985271968,0.15017872341661587,0.34918231115233517,True
G1,log_700_shift0.25,spline_s1,"{'name': 'spline_s1', 'family': 'spline', 'degree': 7, 'spline_smoothing_factor': 1.0}",573,573,1.0327771746044936,3.29016652735411,0.013287752084517738,2.3128303216150656,0.05235121672058085,2.5442220069082837,-0.011557522194914738,0.0,1.0,False
G1,log_700_shift0.25,spline_s2,"{'name': 'spline_s2', 'family': 'spline', 'degree': 7, 'spline_smoothing_factor': 2.0}",573,557,1.5415202603574527,6.977600935501101,0.7641930381122601,0.324135863265943,150.649949234107,0.5555275485591609,0.6184858713116053,102.48002219251907,2.1786991702241992e-24,True
G1,log_700_shift0.5,cheb_d7,"{'name': 'cheb_d7', 'family': 'chebyshev', 'degree': 7, 'spline_smoothing_factor': 1.0}",575,563,1.40914411368312,5.612723856945027,0.6815427644437397,-0.09105560237066715,122.86738629560898,0.14033608292255076,0.6677006974530074,120.16762937052556,2.906734394894788e-28,True
G1,log_700_shift0.5,cheb_d12,"{'name': 'cheb_d12', 'family': 'chebyshev', 'degree': 12, 'spline_smoothing_factor': 1.0}",575,575,1.11592817134733,3.349183281274547,0.04767691461721007,-1.3951939838526288,0.7017232453841871,-1.163802298559411,0.02215294393245545,0.132277729115458,0.35804100159724406,True
G1,log_700_shift0.5,spline_s1,"{'name': 'spline_s1', 'family': 'spline', 'degree': 7, 'spline_smoothing_factor': 1.0}",575,575,1.0364921772181699,3.4033354283208723,0.008773534924366335,1.5764071521206264,0.023569326955907854,1.8077988374138443,-0.0026988429196725563,0.0,1.0,False
G1,log_700_shift0.5,spline_s2,"{'name': 'spline_s2', 'family': 'spline', 'degree': 7, 'spline_smoothing_factor': 2.0}",575,556,1.6028657213240427,6.482976029201928,0.7338538234274967,0.3937602399799843,140.19353001607146,0.6251519252732022,0.5628892453448175,85.40233322492031,1.2171659800385297e-20,True
G1,log_700_shift0.75,cheb_d7,"{'name': 'cheb_d7', 'family': 'chebyshev', 'degree': 7, 'spline_smoothing_factor': 1.0}",575,569,1.3500220805975045,5.180974585265628,0.7106149910649922,-0.07831210239530044,133.02655128571644,0.15307958289791745,0.6941460366559817,129.5319853021224,2.5936890395744936e-30,True
G1,log_700_shift0.75,cheb_d12,"{'name': 'cheb_d12', 'family': 'chebyshev', 'degree': 12, 'spline_smoothing_factor': 1.0}",575,575,1.0776516123154534,3.01656644442614,0.03814779521245266,-1.420263115448633,0.4495986146039286,-1.188871430155415,0.016883499482335782,0.076630253623307,0.3909585089117368,True
G1,log_700_shift0.75,spline_s1,"{'name': 'spline_s1', 'family': 'spline', 'degree': 7, 'spline_smoothing_factor': 1.0}",575,575,1.033498551807145,2.89818489452576,0.018178860361756304,2.137060173115907,0.10041656940211396,2.368451858409125,-0.013966977190057855,0.0,1.0,False
G1,log_700_shift0.75,spline_s2,"{'name': 'spline_s2', 'family': 'spline', 'degree': 7, 'spline_smoothing_factor': 2.0}",575,558,1.5641440444510015,6.62058047617958,0.769540056555594,0.34166988615947963,153.55599577441694,0.5730615714526974,0.6151834808336987,101.73834191619994,3.168100058708015e-24,True
G1,linear_175,cheb_d7,"{'name': 'cheb_d7', 'family': 'chebyshev', 'degree': 7, 'spline_smoothing_factor': 1.0}",140,138,1.564656478424529,4.00551075821593,1.3016380556233176,-0.16208874737154874,95.32246283978319,0.06930293792166917,1.284050947886806,94.67499851659653,1.1217749490090678e-22,True
G1,linear_175,cheb_d12,"{'name': 'cheb_d12', 'family': 'chebyshev', 'degree': 12, 'spline_smoothing_factor': 1.0}",140,140,1.0587535270655988,2.5081574422548454,0.0639439439221324,-1.8057756447433344,0.33162953182463184,-1.5743839594501166,0.010030586167510977,0.005777280068173241,0.46970619928232704,True
G1,linear_175,spline_s1,"{'name': 'spline_s1', 'family': 'spline', 'degree': 7, 'spline_smoothing_factor': 1.0}",140,140,1.0170087086741202,2.5920679765263075,0.04577744370022888,-2.1313284621603525,0.15309170277461703,-1.8999367768671347,-0.007845743958096046,0.0,1.0,False
G1,linear_175,spline_s2,"{'name': 'spline_s2', 'family': 'spline', 'degree': 7, 'spline_smoothing_factor': 2.0}",140,140,1.4314519710803766,3.378343201352668,1.0554058107226187,-0.13153216018310243,62.18708751095801,0.09985952511011548,1.0332654439958637,61.30481780221206,2.444412794940397e-15,True
G1,linear_350,cheb_d7,"{'name': 'cheb_d7', 'family': 'chebyshev', 'degree': 7, 'spline_smoothing_factor': 1.0}",280,276,1.643907207804824,9.07870866149037,1.2563822236765019,-0.06720848160352194,173.533971258561,0.16418320368969597,1.2081001587799491,166.78918725409972,1.859723400420613e-38,True
G1,linear_350,cheb_d12,"{'name': 'cheb_d12', 'family': 'chebyshev', 'degree': 12, 'spline_smoothing_factor': 1.0}",280,280,1.1345691007889167,2.981561224968557,0.06894551739070398,-1.354378006716758,0.7947222395058589,-1.12298632142354,0.03935166129948129,0.17696531471358412,0.336997138700764,True
G1,linear_350,spline_s1,"{'name': 'spline_s1', 'family': 'spline', 'degree': 7, 'spline_smoothing_factor': 1.0}",280,280,1.0271916617591197,2.7130667367862618,0.05269128170680246,-1.139800721889119,0.44775506736550597,-0.9084090365959012,0.038755575039045254,0.17164469287484962,0.33932711728462245,True
G1,linear_350,spline_s2,"{'name': 'spline_s2', 'family': 'spline', 'degree': 7, 'spline_smoothing_factor': 2.0}",280,267,2.390318479433691,25.13290693312163,1.346196053973076,-0.08860517649165822,199.95611651435138,0.1427865088015597,1.3032167404775672,194.08649166793998,2.0387159532370322e-44,True
G1,linear_700,cheb_d7,"{'name': 'cheb_d7', 'family': 'chebyshev', 'degree': 7, 'spline_smoothing_factor': 1.0}",560,555,1.3354804856683602,5.151510612455074,0.9362874425691781,-0.1865553285897317,197.7623863250367,0.04483635670348621,0.9288292643174897,197.1989201077057,4.266593905003401e-45,True
G1,linear_700,cheb_d12,"{'name': 'cheb_d12', 'family': 'chebyshev', 'degree': 12, 'spline_smoothing_factor': 1.0}",513,558,1.0778350906355387,3.102554562126068,0.08072745040901261,-1.5771590391542545,1.9715782522224572,-1.3457673538610366,0.024064409944080167,0.12332980497444623,0.36272536834675284,True
G1,linear_700,spline_s1,"{'name': 'spline_s1', 'family': 'spline', 'degree': 7, 'spline_smoothing_factor': 1.0}",514,558,1.0686092571625658,3.1105003422162274,0.058554384069189544,-1.1876377415810964,0.9847946029499326,-0.9562460562878785,0.03751669909994222,0.29997080791281405,0.2919503610817126,True
G1,linear_700,spline_s2,"{'name': 'spline_s2', 'family': 'spline', 'degree': 7, 'spline_smoothing_factor': 2.0}",509,551,3.921318630735397,41.70055736456788,1.518707363269886,-0.09479635251697383,484.1878786590414,0.13659533277624408,1.489921109351615,471.5558248229336,7.348201285495819e-105,True
G1,quantile_175,cheb_d7,"{'name': 'cheb_d7', 'family': 'chebyshev', 'degree': 7, 'spline_smoothing_factor': 1.0}",92,92,0.046826426418168955,0.0782083147851745,0.0014627334348873314,2.6577369811606792,9.533154453890413e-05,2.8891286664538973,-0.0014332939678778655,0.0,1.0,False
G1,quantile_175,cheb_d12,"{'name': 'cheb_d12', 'family': 'chebyshev', 'degree': 12, 'spline_smoothing_factor': 1.0}",92,92,0.04670464910470615,0.07572988369450727,0.0008852780432238053,2.544821611163957,3.538012702256066e-05,2.776213296457175,-0.0008414953485924472,0.0,1.0,False
G1,quantile_175,spline_s1,"{'name': 'spline_s1', 'family': 'spline', 'degree': 7, 'spline_smoothing_factor': 1.0}",92,92,0.04688129543252573,0.0734352034987691,0.001295332592167817,2.905040105543544,7.281266375282203e-05,3.1364317908367623,-0.0012956250844868527,0.0,1.0,False
G1,quantile_175,spline_s2,"{'name': 'spline_s2', 'family': 'spline', 'degree': 7, 'spline_smoothing_factor': 2.0}",92,92,0.04688129543252573,0.0734352034987691,0.001295332592167817,2.905040105543544,7.281266375282203e-05,3.1364317908367623,-0.0012956250844868527,0.0,1.0,False
G1,quantile_350,cheb_d7,"{'name': 'cheb_d7', 'family': 'chebyshev', 'degree': 7, 'spline_smoothing_factor': 1.0}",185,185,0.06192569948199746,0.087933513709886,0.0019434539993868384,2.7976282222616033,0.00033756909219878617,3.0290199075548214,-0.0019422071676149164,0.0,1.0,False
G1,quantile_350,cheb_d12,"{'name': 'cheb_d12', 'family': 'chebyshev', 'degree': 12, 'spline_smoothing_factor': 1.0}",185,185,0.06179431756138319,0.08777923156126795,0.001812003806941699,2.418464368788744,0.00030587566781326014,2.6498560540819622,-0.0016406278271063012,0.0,1.0,False
G1,quantile_350,spline_s1,"{'name': 'spline_s1', 'family': 'spline', 'degree': 7, 'spline_smoothing_factor': 1.0}",185,185,0.061970446089691184,0.08031250761526969,0.0017183047225857845,2.7650593195996254,0.0002648399400951851,2.9964510048928434,-0.001712821393915013,0.0,1.0,False
G1,quantile_350,spline_s2,"{'name': 'spline_s2', 'family': 'spline', 'degree': 7, 'spline_smoothing_factor': 2.0}",185,185,0.061970446089691184,0.08031250761526969,0.0017183047225857845,2.7650593195996254,0.0002648399400951851,2.9964510048928434,-0.001712821393915013,0.0,1.0,False
G1,quantile_500,cheb_d7,"{'name': 'cheb_d7', 'family': 'chebyshev', 'degree': 7, 'spline_smoothing_factor': 1.0}",265,265,0.07524939618465856,0.20511942806986336,0.0007715942758638587,-1.4765258405759487,8.153968276969348e-05,-1.2451341552827309,0.00028261446745077426,1.0095266358534083e-05,0.4987324408747219,True
G1,quantile_500,cheb_d12,"{'name': 'cheb_d12', 'family': 'chebyshev', 'degree': 12, 'spline_smoothing_factor': 1.0}",265,265,0.0751775041346507,0.20207700156469718,0.0011735360616537819,-2.9247777827090764,0.00016938350479522857,-2.6933860974158583,-0.0010327487427046447,0.0,1.0,False
G1,quantile_500,spline_s1,"{'name': 'spline_s1', 'family': 'spline', 'degree': 7, 'spline_smoothing_factor': 1.0}",265,265,0.07535714746323077,0.1963013315043832,0.0009798812154854363,-0.225910223773161,0.00012129523376525064,0.005481461520056907,0.0009796038030688951,0.0001212913770023416,0.49560644315481045,True
G1,quantile_500,spline_s2,"{'name': 'spline_s2', 'family': 'spline', 'degree': 7, 'spline_smoothing_factor': 2.0}",265,265,0.07535714746323077,0.1963013315043832,0.0009798812154854363,-0.225910223773161,0.00012129523376525064,0.005481461520056907,0.0009796038030688951,0.0001212913770023416,0.49560644315481045,True
G1,window_2.2_110,cheb_d7,"{'name': 'cheb_d7', 'family': 'chebyshev', 'degree': 7, 'spline_smoothing_factor': 1.0}",286,275,1.6265405668660786,7.223564352986823,0.8508099591903522,-0.5368341006502683,100.07388759182061,-0.30544241535705036,0.818105503635272,90.44720842129823,9.498938753912576e-22,True
G1,window_2.2_110,cheb_d12,"{'name': 'cheb_d12', 'family': 'chebyshev', 'degree': 12, 'spline_smoothing_factor': 1.0}",286,286,1.154674656191519,3.3150643268155626,0.09875113133759862,-1.2767691196861515,1.43537781077805,-1.0453774343929336,0.05176035874975155,0.36205211944707116,0.2736843719786265,True
G1,window_2.2_110,spline_s1,"{'name': 'spline_s1', 'family': 'spline', 'degree': 7, 'spline_smoothing_factor': 1.0}",286,286,1.0198636309709757,3.055515063429533,0.021767633491301196,2.0620582548661193,0.06889316762010367,2.2934499401593373,-0.01482264985167298,0.0,1.0,False
G1,window_2.2_110,spline_s2,"{'name': 'spline_s2', 'family': 'spline', 'degree': 7, 'spline_smoothing_factor': 2.0}",286,271,1.899939948270228,10.099273519314636,0.929894611508763,0.1962549431360109,116.3399189926439,0.42764662842922885,0.8360890734669901,94.46732860805776,1.2458562415864837e-22,True
G1,window_2.5_110,cheb_d7,"{'name': 'cheb_d7', 'family': 'chebyshev', 'degree': 7, 'spline_smoothing_factor': 1.0}",282,273,1.5888254888311362,7.4103948975995,0.5725586503423069,-0.7384437634067585,44.617374677711496,-0.5070520781135406,0.5052270509945136,32.96247912642639,4.697736319631676e-09,True
G1,window_2.5_110,cheb_d12,"{'name': 'cheb_d12', 'family': 'chebyshev', 'degree': 12, 'spline_smoothing_factor': 1.0}",282,282,1.1063629556763461,3.0453115032715137,0.012592904694398282,3.1262304403951067,0.02049120212541311,-2.925563181491262,-0.012254491978018594,0.0,1.0,False
G1,window_2.5_110,spline_s1,"{'name': 'spline_s1', 'family': 'spline', 'degree': 7, 'spline_smoothing_factor': 1.0}",282,282,1.0172579913161723,3.1318788919460117,0.014023870019264063,2.4691095017933433,0.02650577114332009,2.7005011870865614,-0.0127829699529845,0.0,1.0,False
G1,window_2.5_110,spline_s2,"{'name': 'spline_s2', 'family': 'spline', 'degree': 7, 'spline_smoothing_factor': 2.0}",282,273,1.7750772237742118,8.10700102125626,0.9517965112072038,0.017638170661076893,117.23236676742124,0.24902985595429478,0.9184634003485929,108.93573960034632,8.381668378598918e-26,True
G1,window_3_120,cheb_d7,"{'name': 'cheb_d7', 'family': 'chebyshev', 'degree': 7, 'spline_smoothing_factor': 1.0}",284,278,1.3225106503957416,5.539744235397989,0.6410480520853542,-0.5131863334689404,57.216318695441885,-0.2817946481757224,0.6314878606732652,52.41387409799103,2.24768408418936e-13,True
G1,window_3_120,cheb_d12,"{'name': 'cheb_d12', 'family': 'chebyshev', 'degree': 12, 'spline_smoothing_factor': 1.0}",284,284,1.0557655336261023,2.9268064725132237,0.015580841890296558,-2.443091320175051,0.032440758198788444,-2.2116996348818327,-0.008214478762640457,0.0,1.0,False
G1,window_3_120,spline_s1,"{'name': 'spline_s1', 'family': 'spline', 'degree': 7, 'spline_smoothing_factor': 1.0}",284,284,1.0187174252914994,2.916742529724355,0.015272142994957511,2.585280992927536,0.0327845162045719,2.8166726782207543,-0.014903091120948331,0.0,1.0,False
G1,window_3_120,spline_s2,"{'name': 'spline_s2', 'family': 'spline', 'degree': 7, 'spline_smoothing_factor': 2.0}",284,274,1.6662301541504798,9.28886240077052,0.7188588624213288,-0.01722763452199372,65.91597020617928,0.21416405077122422,0.6889598239431053,62.3884279844566,1.4098762638275806e-15,True
G1,window_2_70,cheb_d7,"{'name': 'cheb_d7', 'family': 'chebyshev', 'degree': 7, 'spline_smoothing_factor': 1.0}",300,298,1.1824588488383583,5.06182373195887,0.1563225528889725,-0.5646161164760076,3.608058951889234,-0.3332244311827897,0.14838632455448278,3.214063222182915,0.03650398533287002,True
G1,window_2_70,cheb_d12,"{'name': 'cheb_d12', 'family': 'chebyshev', 'degree': 12, 'spline_smoothing_factor': 1.0}",300,299,1.1151630340193277,4.383991344429428,0.07528461381416392,0.3753957718338825,0.8260429688557451,0.6067874571271004,0.06128874456936136,0.5483124544820157,0.22950402262646014,True
G1,window_2_70,spline_s1,"{'name': 'spline_s1', 'family': 'spline', 'degree': 7, 'spline_smoothing_factor': 1.0}",300,300,1.0170768828044392,2.998478063196456,0.015346623332196873,1.7036210246149537,0.035652705288441666,1.9350127099081715,-0.0056525778863174584,0.0,1.0,False
G1,window_2_70,spline_s2,"{'name': 'spline_s2', 'family': 'spline', 'degree': 7, 'spline_smoothing_factor': 2.0}",300,285,1.7031453942458257,8.287599084455243,0.6035227531627134,0.47401089288723197,53.21573910435279,0.7054025781804498,0.45442128326811704,30.142827445258945,2.006844364250901e-08,True
G1,window_4_70,cheb_d7,"{'name': 'cheb_d7', 'family': 'chebyshev', 'degree': 7, 'spline_smoothing_factor': 1.0}",313,313,1.0567954973670093,3.3151696995653284,0.21069105063906912,-1.3474845365937496,7.201785398764287,-1.1160928513005317,0.09381918852839473,1.29583500756263,0.12748770559632228,True
G1,window_4_70,cheb_d12,"{'name': 'cheb_d12', 'family': 'chebyshev', 'degree': 12, 'spline_smoothing_factor': 1.0}",313,313,1.0182022432330329,3.1343375942134926,0.03459503032531328,2.2434521569459025,0.1854264528492422,2.4748438422391206,-0.02733122788344606,0.0,1.0,False
G1,window_4_70,spline_s1,"{'name': 'spline_s1', 'family': 'spline', 'degree': 7, 'spline_smoothing_factor': 1.0}",313,313,1.0250762856864133,3.1738775678770965,0.05977622666256501,-2.4622036753552305,0.5618975352344364,-2.2308119900620125,-0.03633008678285696,0.0,1.0,False
G1,window_4_70,spline_s2,"{'name': 'spline_s2', 'family': 'spline', 'degree': 7, 'spline_smoothing_factor': 2.0}",313,312,1.1765673123333202,3.753804438953308,0.5145550957392,-0.5885639086603768,39.72278410914862,-0.35717222336715887,0.4833020015801093,34.38773342329114,2.25780145438482e-09,True
G1,window_12_70,cheb_d7,"{'name': 'cheb_d7', 'family': 'chebyshev', 'degree': 7, 'spline_smoothing_factor': 1.0}",350,349,1.0524174593919842,3.598532061826059,0.014366100966005073,-2.7270395249795976,0.0365230528561824,-2.4956478396863795,-0.011545516691675452,0.0,1.0,False
G1,window_12_70,cheb_d12,"{'name': 'cheb_d12', 'family': 'chebyshev', 'degree': 12, 'spline_smoothing_factor': 1.0}",350,349,1.0443155755958422,3.824739685873469,0.022435370115965778,-2.998210158292845,0.08932177529715091,-2.766818472999627,-0.02094816336651229,0.0,1.0,False
G1,window_12_70,spline_s1,"{'name': 'spline_s1', 'family': 'spline', 'degree': 7, 'spline_smoothing_factor': 1.0}",350,350,1.0219798691924367,3.41493034083108,0.010367662770199801,1.4826094606725257,0.018554779175872227,1.7140011459657436,-0.001392135661806512,0.0,1.0,False
G1,window_12_70,spline_s2,"{'name': 'spline_s2', 'family': 'spline', 'degree': 7, 'spline_smoothing_factor': 2.0}",350,350,1.1535367872699358,3.21001563120126,0.5987193837275934,-0.911346732163536,62.339869243401495,-0.6799550468703182,0.4623550129795593,37.829928303321594,3.8594236966670016e-10,True
G1,window_2_30,cheb_d7,"{'name': 'cheb_d7', 'family': 'chebyshev', 'degree': 7, 'spline_smoothing_factor': 1.0}",283,281,1.116785198971431,4.080767883595936,0.1655390360545867,0.8692861075574462,3.7879317926818317,1.1006777928506641,0.07010192939755022,0.6486763358284975,0.21029316094145534,True
G1,window_2_30,cheb_d12,"{'name': 'cheb_d12', 'family': 'chebyshev', 'degree': 12, 'spline_smoothing_factor': 1.0}",283,283,1.0894039221951095,3.308116686180537,0.01317593862178475,2.623619301548254,0.023497382891662255,2.855010986841472,-0.012761874619265215,0.0,1.0,False
G1,window_2_30,spline_s1,"{'name': 'spline_s1', 'family': 'spline', 'degree': 7, 'spline_smoothing_factor': 1.0}",283,283,1.0356731427703008,3.184432740367158,0.027421974248916983,1.585886965514454,0.10949841079627731,1.817278650807672,-0.007571217022075201,0.0,1.0,False
G1,window_2_30,spline_s2,"{'name': 'spline_s2', 'family': 'spline', 'degree': 7, 'spline_smoothing_factor': 2.0}",283,270,1.576989280635078,6.829024865665049,0.6566329401588289,0.8223985383407308,59.295611455425956,1.0537902236339487,0.30566255365334233,12.33254153568464,0.000222564974587634,True
G2,log_175_shift0.0,cheb_d7,"{'name': 'cheb_d7', 'family': 'chebyshev', 'degree': 7, 'spline_smoothing_factor': 1.0}",145,134,2.5658642243098484,15.311995053500493,1.4563277772440113,-0.1636595125311554,143.120812628591,0.0677321727620625,1.4450437579629853,142.39576732282796,3.9839639119380115e-33,True
G2,log_175_shift0.0,cheb_d12,"{'name': 'cheb_d12', 'family': 'chebyshev', 'degree': 12, 'spline_smoothing_factor': 1.0}",145,145,1.1284824317650572,2.920000350078456,0.07115507296777569,2.7396476789692277,0.3555740021461702,2.9710393642624457,-0.07109613980967962,0.0,1.0,False
G2,log_175_shift0.0,spline_s1,"{'name': 'spline_s1', 'family': 'spline', 'degree': 7, 'spline_smoothing_factor': 1.0}",145,145,1.0081961168253761,2.4492217631807263,0.04504473633425322,0.12963976720419151,0.13273520982284026,0.3610314524974095,0.04085829677955906,0.11384018709549082,0.3679068953096024,True
G2,log_175_shift0.0,spline_s2,"{'name': 'spline_s2', 'family': 'spline', 'degree': 7, 'spline_smoothing_factor': 2.0}",145,137,2.422169635974911,14.166452467999433,1.410593883925894,-0.012132584622634434,131.6912894860228,0.21925910067058343,1.3520922322116564,124.66591216602978,3.0113477830736153e-29,True
G2,log_175_shift0.25,cheb_d7,"{'name': 'cheb_d7', 'family': 'chebyshev', 'degree': 7, 'spline_smoothing_factor': 1.0}",143,134,2.3219924751837175,14.716057322154128,1.2386396745959423,-0.21997514385576442,102.35296632832717,0.01141654143745349,1.2374603430263595,102.33817154025019,2.340426022663384e-24,True
G2,log_175_shift0.25,cheb_d12,"{'name': 'cheb_d12', 'family': 'chebyshev', 'degree': 12, 'spline_smoothing_factor': 1.0}",143,143,1.044915786968675,3.369356066531454,0.028192512538044976,2.6271929042226447,0.05579990843702376,2.858584589515863,-0.027682645792677853,0.0,1.0,False
G2,log_175_shift0.25,spline_s1,"{'name': 'spline_s1', 'family': 'spline', 'degree': 7, 'spline_smoothing_factor': 1.0}",143,143,1.0093343694026153,3.0497608081951917,0.06156806018202944,0.6082362465919595,0.2496476334412705,0.8396279318851775,0.03755076649494605,0.09423509788481965,0.37943030346937595,True
G2,log_175_shift0.25,spline_s2,"{'name': 'spline_s2', 'family': 'spline', 'degree': 7, 'spline_smoothing_factor': 2.0}",143,137,2.0338922998250726,12.149887182322882,1.2583693427431906,-0.004564254207205938,102.82812342908204,0.22682743108601197,1.2041498627737486,96.90276166513661,3.640852064768005e-23,True
G2,log_175_shift0.5,cheb_d7,"{'name': 'cheb_d7', 'family': 'chebyshev', 'degree': 7, 'spline_smoothing_factor': 1.0}",143,133,2.259676312774411,14.98724169006486,1.317185427127657,-0.2447058285179697,117.10770247927485,-0.013314143224751801,1.3183324532578553,117.08503011459493,1.3751021537363153e-27,True
G2,log_175_shift0.5,cheb_d12,"{'name': 'cheb_d12', 'family': 'chebyshev', 'degree': 12, 'spline_smoothing_factor': 1.0}",143,142,1.1186627799427848,5.271163786497893,0.12531369288801056,-0.5942170764972514,1.1217659390230494,-0.3628253912040335,0.12036062878654964,0.9759338494687597,0.16160236960688673,True
G2,log_175_shift0.5,spline_s1,"{'name': 'spline_s1', 'family': 'spline', 'degree': 7, 'spline_smoothing_factor': 1.0}",143,143,1.0081281036060303,3.4044288668050258,0.014519155776681416,0.7830969024883646,0.01430296733460068,1.0144885877815826,0.006778360986813819,0.003095286639990036,0.47781617123368025,True
G2,log_175_shift0.5,spline_s2,"{'name': 'spline_s2', 'family': 'spline', 'degree': 7, 'spline_smoothing_factor': 2.0}",143,139,2.0113563521447677,13.340330601661636,1.1986565138422018,-0.2117817124852748,96.52254307955599,0.019609972807943105,1.1967322381090768,96.48181536787672,4.503364406005334e-23,True
G2,log_175_shift0.75,cheb_d7,"{'name': 'cheb_d7', 'family': 'chebyshev', 'degree': 7, 'spline_smoothing_factor': 1.0}",144,133,2.3924575836541018,13.801227896561164,1.5008225777787074,-0.059659780007021476,149.5933065561734,0.17173190528619642,1.460368215686571,144.71915870562634,1.2368875970039059e-33,True
G2,log_175_shift0.75,cheb_d12,"{'name': 'cheb_d12', 'family': 'chebyshev', 'degree': 12, 'spline_smoothing_factor': 1.0}",144,144,1.090226821666341,3.1899283520417043,0.06796203201753552,2.826543809993962,0.31737788740727524,3.0579354952871802,-0.06813127476437375,0.0,1.0,False
G2,log_175_shift0.75,spline_s1,"{'name': 'spline_s1', 'family': 'spline', 'degree': 7, 'spline_smoothing_factor': 1.0}",144,144,1.0082171038182184,2.786906741211865,0.014705049765412677,1.8987947599666095,0.01664295251691783,2.1301864452598274,-0.008696606763553005,0.0,1.0,False
G2,log_175_shift0.75,spline_s2,"{'name': 'spline_s2', 'family': 'spline', 'degree': 7, 'spline_smoothing_factor': 2.0}",144,138,2.3658915824689912,13.99213554008439,1.3998287343875069,-0.02208281080835639,129.65358433594315,0.20930887448486152,1.3484353833424707,123.38477257532463,5.743347915578711e-29,True
G2,log_250_shift0.0,cheb_d7,"{'name': 'cheb_d7', 'family': 'chebyshev', 'degree': 7, 'spline_smoothing_factor': 1.0}",204,194,1.9444022021380953,12.816982835438191,1.1489162198372436,-0.14911384037204808,123.88332261823257,0.08227784492116982,1.1382939883244818,122.93835712300358,7.192465670674793e-29,True
G2,log_250_shift0.0,cheb_d12,"{'name': 'cheb_d12', 'family': 'chebyshev', 'degree': 12, 'spline_smoothing_factor': 1.0}",204,203,1.1107751958542882,4.808650892451394,0.07076718657784477,-0.5482967995429339,0.5008721750678831,-0.31690511424971596,0.06881640370400646,0.44932694886543345,0.25132737449986736,True
G2,log_250_shift0.0,spline_s1,"{'name': 'spline_s1', 'family': 'spline', 'degree': 7, 'spline_smoothing_factor': 1.0}",204,204,1.0110031216112203,3.3727457457463617,0.0028026988215759676,2.6351621998760746,0.0007798069925684104,2.8665538851692927,-0.002751655080155434,0.0,1.0,False
G2,log_250_shift0.0,spline_s2,"{'name': 'spline_s2', 'family': 'spline', 'degree': 7, 'spline_smoothing_factor': 2.0}",204,195,1.9456514493334847,11.6573089151009,1.163292580508303,0.0937248932335819,124.45298200940738,0.3251165785267998,1.0758458917788836,109.81929524706891,5.36717023373156e-26,True
G2,log_250_shift0.25,cheb_d7,"{'name': 'cheb_d7', 'family': 'chebyshev', 'degree': 7, 'spline_smoothing_factor': 1.0}",204,197,1.9562857259328401,12.403257739689831,1.1202057965906076,-0.22065330959170454,120.18576467028925,0.01073837570151337,1.1191804439797286,120.17057191584172,2.9024259731206793e-28,True
G2,log_250_shift0.25,cheb_d12,"{'name': 'cheb_d12', 'family': 'chebyshev', 'degree': 12, 'spline_smoothing_factor': 1.0}",204,204,1.1088326628637388,3.1561098195411272,0.05205951995776643,2.1465426094237285,0.2932975245417708,2.3779342947169466,-0.04047873319734868,0.0,1.0,False
G2,log_250_shift0.25,spline_s1,"{'name': 'spline_s1', 'family': 'spline', 'degree': 7, 'spline_smoothing_factor': 1.0}",204,204,1.0106927146787312,2.432928016091786,0.019318069882455855,-2.969040307579262,0.03429395777538957,-2.737648622286044,-0.017156856557214894,0.0,1.0,False
G2,log_250_shift0.25,spline_s2,"{'name': 'spline_s2', 'family': 'spline', 'degree': 7, 'spline_smoothing_factor': 2.0}",204,196,1.9153432677624935,10.965863054732573,1.1299005660420716,0.045376216103990265,118.26265066537712,0.2767679013972082,1.0622409994453617,108.25401733941476,1.182234806963339e-25,True
G2,log_250_shift0.5,cheb_d7,"{'name': 'cheb_d7', 'family': 'chebyshev', 'degree': 7, 'spline_smoothing_factor': 1.0}",207,199,2.0320992444375325,11.387414951923985,1.2320348329607418,-0.12382841394549181,145.9102356542262,0.1075632713477261,1.2149048723895386,144.04622706258886,1.7356174100352117e-33,True
G2,log_250_shift0.5,cheb_d12,"{'name': 'cheb_d12', 'family': 'chebyshev', 'degree': 12, 'spline_smoothing_factor': 1.0}",207,207,1.0369820297547763,3.0408155374619765,0.06386467366597486,2.8817624084600464,0.3997948098932511,3.1131540937532645,-0.06397627866680315,0.0,1.0,False
G2,log_250_shift0.5,spline_s1,"{'name': 'spline_s1', 'family': 'spline', 'degree': 7, 'spline_smoothing_factor': 1.0}",207,207,1.0115565233914996,3.0481669250731396,0.014412558113407479,2.3448529277206456,0.022227323540960242,2.5762446130138636,-0.012754298595579328,0.0,1.0,False
G2,log_250_shift0.5,spline_s2,"{'name': 'spline_s2', 'family': 'spline', 'degree': 7, 'spline_smoothing_factor': 2.0}",207,198,2.0390070291579407,10.975566927798829,1.1304060840610017,0.14461924695619957,119.89838940842037,0.37601093224941756,1.0200186181764992,101.53915331229484,3.5032385779687224e-24,True
G2,log_250_shift0.75,cheb_d7,"{'name': 'cheb_d7', 'family': 'chebyshev', 'degree': 7, 'spline_smoothing_factor': 1.0}",205,195,1.9368997449664864,12.449906173288607,1.0841854746679018,-0.12499161049107017,111.48197850073973,0.10640007480214773,1.0696087617315293,110.07769652866136,4.711213566158908e-26,True
G2,log_250_shift0.75,cheb_d12,"{'name': 'cheb_d12', 'family': 'chebyshev', 'degree': 12, 'spline_smoothing_factor': 1.0}",205,205,1.0362640645502101,3.455593920418278,0.03343275403419364,2.1166284804080933,0.12124246374744985,2.3480201657013113,-0.025194637311800726,0.0,1.0,False
G2,log_250_shift0.75,spline_s1,"{'name': 'spline_s1', 'family': 'spline', 'degree': 7, 'spline_smoothing_factor': 1.0}",205,204,1.0740954137064764,5.1863366857333135,0.09782018483554414,0.04046342333446043,0.8927962540939234,0.27185510862767837,0.09230103591919062,0.8197144291715972,0.1826318366260608,True
G2,log_250_shift0.75,spline_s2,"{'name': 'spline_s2', 'family': 'spline', 'degree': 7, 'spline_smoothing_factor': 2.0}",205,189,2.0578078660879466,9.87845105713076,1.0700581784521812,0.33779891632379266,106.23456521065339,0.5691906016170105,0.8590486927571896,71.00435586615254,1.78218539096707e-17,True
G2,log_300_shift0.0,cheb_d7,"{'name': 'cheb_d7', 'family': 'chebyshev', 'degree': 7, 'spline_smoothing_factor': 1.0}",245,237,1.7059653895040159,10.452470591068723,1.079727902281056,-0.10729007048693838,131.16869066099844,0.12410161480627953,1.0615419260363639,128.90012699871318,3.565908533700133e-30,True
G2,log_300_shift0.0,cheb_d12,"{'name': 'cheb_d12', 'family': 'chebyshev', 'degree': 12, 'spline_smoothing_factor': 1.0}",245,244,1.091193767561423,4.344064202614552,0.041518360837973306,-0.589333639307922,0.20954701975858825,-0.3579419540147041,0.0399624222604506,0.18267648697525374,0.3345415642109757,True
G2,log_300_shift0.0,spline_s1,"{'name': 'spline_s1', 'family': 'spline', 'degree': 7, 'spline_smoothing_factor': 1.0}",245,245,1.0133258794408886,3.056106616256236,0.0032440941941899422,0.5899409563824674,0.0011897027597171927,0.8213326416756852,0.0020344333118693697,0.0004734411023719076,0.49132021880005433,True
G2,log_300_shift0.0,spline_s2,"{'name': 'spline_s2', 'family': 'spline', 'degree': 7, 'spline_smoothing_factor': 2.0}",245,230,1.9206788791779421,9.579221978850438,0.9631018895179473,0.2798696023417259,102.34592676996965,0.5112612876349438,0.8051064731842194,74.14565040951743,3.628039269194396e-18,True
G2,log_300_shift0.25,cheb_d7,"{'name': 'cheb_d7', 'family': 'chebyshev', 'degree': 7, 'spline_smoothing_factor': 1.0}",247,238,1.8734354185100541,10.765350750455692,1.0844743789777467,-0.12887908914551793,133.848449911712,0.10251259614769997,1.0700716815404872,132.2750390165628,6.513102837337805e-31,True
G2,log_300_shift0.25,cheb_d12,"{'name': 'cheb_d12', 'family': 'chebyshev', 'degree': 12, 'spline_smoothing_factor': 1.0}",247,247,1.049369323609684,2.7736500515230644,0.04006807795680093,2.8532709109784746,0.18718044444324278,3.0846625962716927,-0.04018208436032195,0.0,1.0,False
G2,log_300_shift0.25,spline_s1,"{'name': 'spline_s1', 'family': 'spline', 'degree': 7, 'spline_smoothing_factor': 1.0}",247,247,1.0128914060019336,3.036218290472958,0.03336873828507425,-2.744499885754104,0.12400785457376173,-2.513108200460886,-0.025453012176114682,0.0,1.0,False
G2,log_300_shift0.25,spline_s2,"{'name': 'spline_s2', 'family': 'spline', 'degree': 7, 'spline_smoothing_factor': 2.0}",247,231,2.0802479447547584,11.999983115153482,1.095095651320602,0.3256404252307634,133.11546869028598,0.5570321105239813,0.8841128706489269,90.29580666956406,1.0254340021856296e-21,True
G2,log_300_shift0.5,cheb_d7,"{'name': 'cheb_d7', 'family': 'chebyshev', 'degree': 7, 'spline_smoothing_factor': 1.0}",248,239,1.8277094953608233,10.602668377412403,1.0696764105698118,-0.14722045489300167,132.33034374171586,0.08417123040021623,1.0589543230405485,131.299800969854,1.064490014491015e-30,True
G2,log_300_shift0.5,cheb_d12,"{'name': 'cheb_d12', 'family': 'chebyshev', 'degree': 12, 'spline_smoothing_factor': 1.0}",248,248,1.009645264216165,2.750102949812144,0.04180048721049212,2.49983735284603,0.21919621766892305,2.731229038139248,-0.03961603859685188,0.0,1.0,False
G2,log_300_shift0.5,spline_s1,"{'name': 'spline_s1', 'family': 'spline', 'degree': 7, 'spline_smoothing_factor': 1.0}",248,248,1.0138938538446112,2.91987129585868,0.06017493550720986,0.6886039704287523,0.41775122188983005,0.9199956557219702,0.032763413683985464,0.12568628895945722,0.3614736270981959,True
G2,log_300_shift0.5,spline_s2,"{'name': 'spline_s2', 'family': 'spline', 'degree': 7, 'spline_smoothing_factor': 2.0}",248,233,1.9710387204710675,8.650923827933113,0.999111357377464,0.3247301500713889,111.86687561136421,0.5561218353646068,0.8078804438706777,76.41943163299777,1.1469152081987582e-18,True
G2,log_300_shift0.75,cheb_d7,"{'name': 'cheb_d7', 'family': 'chebyshev', 'degree': 7, 'spline_smoothing_factor': 1.0}",246,237,1.8501840731562318,11.115210651356902,1.1114664684803437,-0.17195392159067358,141.2902096579237,0.05943776370254434,1.104513911883982,140.7366367981814,9.185466552166468e-33,True
G2,log_300_shift0.75,cheb_d12,"{'name': 'cheb_d12', 'family': 'chebyshev', 'degree': 12, 'spline_smoothing_factor': 1.0}",246,246,1.0345071447104037,3.0320674157535557,0.056537438439583323,2.40427855522953,0.401604909516152,2.635670240522748,-0.051525554733101546,0.0,1.0,False
G2,log_300_shift0.75,spline_s1,"{'name': 'spline_s1', 'family': 'spline', 'degree': 7, 'spline_smoothing_factor': 1.0}",246,246,1.0143258913160644,2.827896857691574,0.018074339423705767,0.43099562710825734,0.036442461518134905,0.6623873124014752,0.013412013764402968,0.020751656433077414,0.4427287751014849,True
G2,log_300_shift0.75,spline_s2,"{'name': 'spline_s2', 'family': 'spline', 'degree': 7, 'spline_smoothing_factor': 2.0}",246,235,1.9529238756672191,9.463955084558753,0.9237470112408043,0.21049098513366749,94.60526783336422,0.4418826704268854,0.8051645711429684,74.78837573605608,2.6198654807504397e-18,True
G2,log_350_shift0.0,cheb_d7,"{'name': 'cheb_d7', 'family': 'chebyshev', 'degree': 7, 'spline_smoothing_factor': 1.0}",287,277,1.7289454626933471,11.012296624668055,0.9901844674458389,-0.09371832069768864,129.02100885901962,0.13767336459552926,0.9708301026508942,126.2750007355512,1.3384731427173088e-29,True
G2,log_350_shift0.0,cheb_d12,"{'name': 'cheb_d12', 'family': 'chebyshev', 'degree': 12, 'spline_smoothing_factor': 1.0}",287,287,1.059678604752499,3.4996718102045925,0.031935618017364914,2.35218942290628,0.1500781533648592,2.583581108199498,-0.028333821479464234,0.0,1.0,False
G2,log_350_shift0.0,spline_s1,"{'name': 'spline_s1', 'family': 'spline', 'degree': 7, 'spline_smoothing_factor': 1.0}",287,287,1.016880461472629,3.387511231682829,0.010568796923351796,-2.17701720671517,0.015710118999550104,-1.9456255214219522,-0.0031467116401673054,0.0,1.0,False
G2,log_350_shift0.0,spline_s2,"{'name': 'spline_s2', 'family': 'spline', 'degree': 7, 'spline_smoothing_factor': 2.0}",287,271,1.9055406743386674,11.29392104270139,0.9757810628774144,0.35739860165889203,123.44450303586825,0.58879028695211,0.7716535511293263,79.77661958930628,2.0961213948785638e-19,True
G2,log_350_shift0.25,cheb_d7,"{'name': 'cheb_d7', 'family': 'chebyshev', 'degree': 7, 'spline_smoothing_factor': 1.0}",287,281,1.6624973110581065,8.88655098467015,1.0057712487452397,-0.11478568218279418,132.8449689137102,0.11660600311042373,0.990352843560558,130.80201108221945,1.3678799469745931e-30,True
G2,log_350_shift0.25,cheb_d12,"{'name': 'cheb_d12', 'family': 'chebyshev', 'degree': 12, 'spline_smoothing_factor': 1.0}",287,287,1.0402916185907412,2.5792084200317382,0.028852302929694,2.6274287018529434,0.11645845439596769,2.8588203871461615,-0.028297322282488366,0.0,1.0,False
G2,log_350_shift0.25,spline_s1,"{'name': 'spline_s1', 'family': 'spline', 'degree': 7, 'spline_smoothing_factor': 1.0}",287,287,1.0157314156199093,2.51987054074572,0.02544754023866725,0.6199109787964997,0.08614644102328839,0.8513026640897177,0.015365202326946548,0.03148553536709642,0.42958075137607676,True
G2,log_350_shift0.25,spline_s2,"{'name': 'spline_s2', 'family': 'spline', 'degree': 7, 'spline_smoothing_factor': 2.0}",287,271,1.9057542429519614,9.71596547160792,1.009258807466438,0.3180465513001048,131.56363630047042,0.5494382365933227,0.8220306841010357,90.11779839091275,1.1219699158817724e-21,True
G2,log_350_shift0.5,cheb_d7,"{'name': 'cheb_d7', 'family': 'chebyshev', 'degree': 7, 'spline_smoothing_factor': 1.0}",288,280,1.7287176742705053,10.263688953208483,1.0031491143578972,-0.19050577601258742,135.58749669054566,0.04088590928063049,0.9991801644350429,135.3380599773094,1.3923936538273465e-31,True
G2,log_350_shift0.5,cheb_d12,"{'name': 'cheb_d12', 'family': 'chebyshev', 'degree': 12, 'spline_smoothing_factor': 1.0}",288,288,0.996477928049556,2.946712214894714,0.038912389737441,2.6301536072933036,0.21516006388321784,2.8615452925865217,-0.03821763375910561,0.0,1.0,False
G2,log_350_shift0.5,spline_s1,"{'name': 'spline_s1', 'family': 'spline', 'degree': 7, 'spline_smoothing_factor': 1.0}",288,288,1.0164707441236995,2.9255886967737696,0.1214707718860307,0.37513240026060907,1.9223287541593663,0.606524085553827,0.09451805197387957,1.2110494125053606,0.1355621939913826,True
G2,log_350_shift0.5,spline_s2,"{'name': 'spline_s2', 'family': 'spline', 'degree': 7, 'spline_smoothing_factor': 2.0}",288,274,1.8677741325735475,8.431380019244497,0.9830512684637331,0.3144848721352062,125.66823937142158,0.5458765574284241,0.8012202020447592,87.02341482323482,5.362198371917972e-21,True
G2,log_350_shift0.75,cheb_d7,"{'name': 'cheb_d7', 'family': 'chebyshev', 'degree': 7, 'spline_smoothing_factor': 1.0}",287,276,1.7637206437170367,10.268527619915018,0.9867052288626776,-0.18739008315085087,130.43535147231069,0.04400160214236703,0.9824126608391925,130.15679795230199,1.8932682631475753e-30,True
G2,log_350_shift0.75,cheb_d12,"{'name': 'cheb_d12', 'family': 'chebyshev', 'degree': 12, 'spline_smoothing_factor': 1.0}",287,287,1.0645469088942432,3.090665073330321,0.04504489479968772,2.418242561107331,0.2974057471932383,2.649634246400549,-0.04133913815266221,0.0,1.0,False
G2,log_350_shift0.75,spline_s1,"{'name': 'spline_s1', 'family': 'spline', 'degree': 7, 'spline_smoothing_factor': 1.0}",287,287,1.016427180901757,3.0710854634350353,0.012051032905905538,-2.9500131473486575,0.018795622987909155,-2.7186214620554394,-0.01060863775607898,0.0,1.0,False
G2,log_350_shift0.75,spline_s2,"{'name': 'spline_s2', 'family': 'spline', 'degree': 7, 'spline_smoothing_factor': 2.0}",287,265,1.9188445846416446,8.549320952186209,0.9809817971644874,0.3024830101284528,124.475531789755,0.5338746954216707,0.8060836553748125,87.62725043764863,3.951415311129859e-21,True
G2,log_400_shift0.0,cheb_d7,"{'name': 'cheb_d7', 'family': 'chebyshev', 'degree': 7, 'spline_smoothing_factor': 1.0}",327,318,1.604189399254993,9.051995512890418,0.9300759649780168,-0.1324171132890165,130.13507923773614,0.0989745720042014,0.9188008267432184,128.70240064610118,3.9394382186694534e-30,True
G2,log_400_shift0.0,cheb_d12,"{'name': 'cheb_d12', 'family': 'chebyshev', 'degree': 12, 'spline_smoothing_factor': 1.0}",327,327,1.0473084442691378,2.8862158649016165,0.024557169486840235,2.1289867354545047,0.10404173721059351,2.3603784207477227,-0.01870204578830356,0.0,1.0,False
G2,log_400_shift0.0,spline_s1,"{'name': 'spline_s1', 'family': 'spline', 'degree': 7, 'spline_smoothing_factor': 1.0}",327,327,1.0191298697931286,2.7297418694071607,0.003880463764190123,2.5941843097614754,0.0024210517863139103,2.8255759950546935,-0.003776532282075377,0.0,1.0,False
G2,log_400_shift0.0,spline_s2,"{'name': 'spline_s2', 'family': 'spline', 'degree': 7, 'spline_smoothing_factor': 2.0}",327,308,1.8141586554369293,9.147027753512308,0.9438747449770881,0.3224019208138127,131.3646497616278,0.5537936061070305,0.7664840333819747,89.56743106369458,1.48181538218201e-21,True
G2,log_400_shift0.25,cheb_d7,"{'name': 'cheb_d7', 'family': 'chebyshev', 'degree': 7, 'spline_smoothing_factor': 1.0}",327,320,1.6205856797398421,9.790053696154331,0.9234167311252126,-0.14038876597434463,128.69640519860366,0.09100291931887329,0.9132994296799414,127.50507277345798,7.20161355790972e-30,True
G2,log_400_shift0.25,cheb_d12,"{'name': 'cheb_d12', 'family': 'chebyshev', 'degree': 12, 'spline_smoothing_factor': 1.0}",327,327,1.0500325455795916,3.1817402246106528,0.03351627099499393,2.2642807361621333,0.19109044238160777,2.4956724214553514,-0.02827797469720352,0.0,1.0,False
G2,log_400_shift0.25,spline_s1,"{'name': 'spline_s1', 'family': 'spline', 'degree': 7, 'spline_smoothing_factor': 1.0}",327,327,1.019205605239055,2.9970333186978597,0.005463523646092856,-1.7057529906114772,0.005136328125047385,-1.4743613053182594,0.0009340786765119807,0.0001333730266424027,0.49539282811340835,True
G2,log_400_shift0.25,spline_s2,"{'name': 'spline_s2', 'family': 'spline', 'degree': 7, 'spline_smoothing_factor': 2.0}",327,308,1.797580700346775,8.704344065227948,0.9392141324971848,0.3109091629978295,129.93297149018622,0.5423008482910474,0.7680895232167215,90.18301971746871,1.0855873832052527e-21,True
G2,log_400_shift0.5,cheb_d7,"{'name': 'cheb_d7', 'family': 'chebyshev', 'degree': 7, 'spline_smoothing_factor': 1.0}",330,320,1.6452336285443756,10.085520290116417,0.8987398579635331,-0.2170147970003474,124.96526594955765,0.01437688829287051,0.8976469791590188,124.93683477852585,2.627040062815265e-29,True
G2,log_400_shift0.5,cheb_d12,"{'name': 'cheb_d12', 'family': 'chebyshev', 'degree': 12, 'spline_smoothing_factor': 1.0}",330,330,1.0147661259481286,3.267232332101045,0.03398553296057839,2.6279161586672815,0.18795468498888113,2.8593078439604995,-0.033373115620958904,0.0,1.0,False
G2,log_400_shift0.5,spline_s1,"{'name': 'spline_s1', 'family': 'spline', 'degree': 7, 'spline_smoothing_factor': 1.0}",330,330,1.0202745730173817,3.1200279499109596,0.07271330616399092,0.46554062808879704,0.7925873593229085,0.696932313382015,0.0521454155829215,0.4216106936377173,0.2580672158716766,True
G2,log_400_shift0.5,spline_s2,"{'name': 'spline_s2', 'family': 'spline', 'degree': 7, 'spline_smoothing_factor': 2.0}",330,314,1.7305552778376272,7.485844054782539,0.9582283792636844,0.2539313633520439,136.5096060783344,0.4853230486452618,0.8129799246356095,102.47997117764726,2.1787552761568016e-24,True
G2,log_400_shift0.75,cheb_d7,"{'name': 'cheb_d7', 'family': 'chebyshev', 'degree': 7, 'spline_smoothing_factor': 1.0}",330,317,1.720467491376043,9.881223839782544,0.9457589404742826,-0.13079186693525613,136.1888573128831,0.10059981835796178,0.9337319327634465,134.64952698314335,1.9695490456564011e-31,True
G2,log_400_shift0.75,cheb_d12,"{'name': 'cheb_d12', 'family': 'chebyshev', 'degree': 12, 'spline_smoothing_factor': 1.0}",330,330,1.0568798989941426,3.442934625002811,0.041785935179214556,2.7203717170052797,0.27834791011343896,2.9517634022984978,-0.04163675767931643,0.0,1.0,False
G2,log_400_shift0.75,spline_s1,"{'name': 'spline_s1', 'family': 'spline', 'degree': 7, 'spline_smoothing_factor': 1.0}",330,330,1.0176987602473384,3.269812886180929,0.01733320393093863,-2.8272045162954966,0.04464225605266847,-2.5958128310022786,-0.014128756040669441,0.0,1.0,False
G2,log_400_shift0.75,spline_s2,"{'name': 'spline_s2', 'family': 'spline', 'degree': 7, 'spline_smoothing_factor': 2.0}",330,314,1.8343477999802804,9.256524984908697,0.982680333108648,0.29969688042618964,143.43222036739382,0.5310885657194075,0.8093573513683536,101.16750523831854,4.2262319419754224e-24,True
G2,log_500_shift0.0,cheb_d7,"{'name': 'cheb_d7', 'family': 'chebyshev', 'degree': 7, 'spline_smoothing_factor': 1.0}",409,405,1.4193811811034174,7.809294446975541,0.8546040585891014,-0.060747622131039944,136.73108782673012,0.17064406316217795,0.8312041500346824,132.27597497205704,6.510032867097614e-31,True
G2,log_500_shift0.0,cheb_d12,"{'name': 'cheb_d12', 'family': 'chebyshev', 'degree': 12, 'spline_smoothing_factor': 1.0}",409,409,1.0156229667855163,3.0753914440672645,0.025140591090563755,2.488376775054641,0.13009586406559492,2.719768460347859,-0.02371613928338881,0.0,1.0,False
G2,log_500_shift0.0,spline_s1,"{'name': 'spline_s1', 'family': 'spline', 'degree': 7, 'spline_smoothing_factor': 1.0}",409,409,1.0226151971666408,3.0138298465441795,0.07155229968396891,1.2511677596942459,1.0747104481153542,1.4825594449874637,0.0009093216894738181,0.00015830719956966277,0.4949806331224621,True
G2,log_500_shift0.0,spline_s2,"{'name': 'spline_s2', 'family': 'spline', 'degree': 7, 'spline_smoothing_factor': 2.0}",409,401,1.6149793021969299,7.88617246820925,0.8555831369725624,0.25506728374471643,134.76603467669827,0.48645896903793434,0.7260480401128936,100.92442420519399,4.778044846999524e-24,True
G2,log_500_shift0.25,cheb_d7,"{'name': 'cheb_d7', 'family': 'chebyshev', 'degree': 7, 'spline_smoothing_factor': 1.0}",410,399,1.5475800194856613,9.142316832837972,0.8281558759012343,-0.1472902368414595,129.43565426589225,0.0841014484517584,0.8200682408372034,128.4055839316693,4.574894467169096e-30,True
G2,log_500_shift0.25,cheb_d12,"{'name': 'cheb_d12', 'family': 'chebyshev', 'degree': 12, 'spline_smoothing_factor': 1.0}",410,410,1.0323548429825478,3.3438556346581363,0.027412146373276446,2.4284947890629613,0.15591543504280025,2.6598864743561794,-0.025234889999506963,0.0,1.0,False
G2,log_500_shift0.25,spline_s1,"{'name': 'spline_s1', 'family': 'spline', 'degree': 7, 'spline_smoothing_factor': 1.0}",410,409,1.036165139612901,3.4029048965896163,0.030766068771192253,1.0241186827536413,0.19246717082688747,1.2555103680468591,0.007370433637101462,0.010372179030071038,0.45944029163850103,True
G2,log_500_shift0.25,spline_s2,"{'name': 'spline_s2', 'family': 'spline', 'degree': 7, 'spline_smoothing_factor': 2.0}",410,396,1.6696547887747442,8.261317964153292,0.8845965919996887,0.2779961831911809,144.24344484634275,0.5093878684843989,0.7402916767223766,104.63805466116946,7.330687478891799e-25,True
G2,log_500_shift0.5,cheb_d7,"{'name': 'cheb_d7', 'family': 'chebyshev', 'degree': 7, 'spline_smoothing_factor': 1.0}",411,402,1.5420921749514427,8.731803106675518,0.8339142601490102,-0.14189278065569033,132.22003887066592,0.08949890463752758,0.8250949547274963,131.03929978577787,1.2137622308058117e-30,True
G2,log_500_shift0.5,cheb_d12,"{'name': 'cheb_d12', 'family': 'chebyshev', 'degree': 12, 'spline_smoothing_factor': 1.0}",411,411,1.0689638407821302,3.212104362710025,0.0293014801737949,2.014026385745495,0.18816492241825244,2.245418071038713,-0.019984683944484712,0.0,1.0,False
G2,log_500_shift0.5,spline_s1,"{'name': 'spline_s1', 'family': 'spline', 'degree': 7, 'spline_smoothing_factor': 1.0}",411,411,1.0243765287335802,2.9004200759967125,0.010929436618036607,-2.4143285970853476,0.02308999838970749,-2.1829369117921296,-0.005622427242529927,0.0,1.0,False
G2,log_500_shift0.5,spline_s2,"{'name': 'spline_s2', 'family': 'spline', 'degree': 7, 'spline_smoothing_factor': 2.0}",411,397,1.6579783554411924,8.165286932732919,0.8835435425988613,0.2422175939353125,144.71673046030537,0.47360927922853036,0.7566523675919604,110.20124256722215,4.4265539941599776e-26,True
G2,log_500_shift0.75,cheb_d7,"{'name': 'cheb_d7', 'family': 'chebyshev', 'degree': 7, 'spline_smoothing_factor': 1.0}",411,404,1.4632038700878,7.623596546942968,0.8551098552593156,-0.09057464189923703,137.9970581877052,0.14081704339398088,0.8374501569994098,134.93705668508346,1.7040171018396052e-31,True
G2,log_500_shift0.75,cheb_d12,"{'name': 'cheb_d12', 'family': 'chebyshev', 'degree': 12, 'spline_smoothing_factor': 1.0}",411,411,1.011792903812995,2.5828006135868216,0.03430171792679258,2.590981162036436,0.23917333095045024,2.822372847329654,-0.0333935980783416,0.0,1.0,False
G2,log_500_shift0.75,spline_s1,"{'name': 'spline_s1', 'family': 'spline', 'degree': 7, 'spline_smoothing_factor': 1.0}",411,411,1.0239920137983824,2.8552628574206933,0.09747475395668051,0.47684547800624993,1.7747915227195108,0.7082371632994678,0.06917486272466687,0.9206825420736209,0.1686479114057013,True
G2,log_500_shift0.75,spline_s2,"{'name': 'spline_s2', 'family': 'spline', 'degree': 7, 'spline_smoothing_factor': 2.0}",411,398,1.626933710375337,7.562480429850265,0.8694439380867685,0.25914278066418145,139.73392823655126,0.4905344659573994,0.7355376254797055,104.09337337581371,9.650132701479678e-25,True
G2,log_700_shift0.0,cheb_d7,"{'name': 'cheb_d7', 'family': 'chebyshev', 'degree': 7, 'spline_smoothing_factor': 1.0}",574,566,1.3502919601236487,7.172292100240736,0.732173246940281,-0.07130034014202778,140.47966839865103,0.1600913451511901,0.7141222887500518,136.42469638063994,8.05545509061824e-32,True
G2,log_700_shift0.0,cheb_d12,"{'name': 'cheb_d12', 'family': 'chebyshev', 'degree': 12, 'spline_smoothing_factor': 1.0}",574,574,1.031318337178176,3.074711029641732,0.024324481514993848,1.9388254789314383,0.18202256335109723,2.170217164224656,-0.015218083964140074,0.0,1.0,False
G2,log_700_shift0.0,spline_s1,"{'name': 'spline_s1', 'family': 'spline', 'degree': 7, 'spline_smoothing_factor': 1.0}",574,574,1.0353459603019748,3.2418828298673064,0.0804810580874521,0.11688476024668588,1.6738596452518095,0.3482764455399038,0.07360450733727611,1.4492944856081067,0.11432059599671976,True
G2,log_700_shift0.0,spline_s2,"{'name': 'spline_s2', 'family': 'spline', 'degree': 7, 'spline_smoothing_factor': 2.0}",574,562,1.4870286411916225,7.979994847912811,0.7545469374032618,0.23097625588602938,146.83848985953887,0.4623679411792473,0.6502629100317487,113.11645495170023,1.0173328930690409e-26,True
G2,log_700_shift0.25,cheb_d7,"{'name': 'cheb_d7', 'family': 'chebyshev', 'degree': 7, 'spline_smoothing_factor': 1.0}",573,563,1.3550937513912908,7.1932723840290365,0.7041716895374874,-0.13173948431367485,130.98140870093005,0.09965220097954305,0.6953261953987779,129.52596210932347,2.6015715449575604e-30,True
G2,log_700_shift0.25,cheb_d12,"{'name': 'cheb_d12', 'family': 'chebyshev', 'degree': 12, 'spline_smoothing_factor': 1.0}",573,573,1.0335988885870968,3.13502084350316,0.02094016184587285,2.6649869379059363,0.12248121123150213,2.8963786231991544,-0.02070210283437754,0.0,1.0,False
G2,log_700_shift0.25,spline_s1,"{'name': 'spline_s1', 'family': 'spline', 'degree': 7, 'spline_smoothing_factor': 1.0}",573,573,1.0335737840553632,3.3133363333298758,0.04533084969006489,0.6953797537921313,0.5498287554954686,0.9267714390853492,0.024448131067715487,0.16012936263541633,0.3445187218521747,True
G2,log_700_shift0.25,spline_s2,"{'name': 'spline_s2', 'family': 'spline', 'degree': 7, 'spline_smoothing_factor': 2.0}",573,564,1.4709024428084398,6.3639959343251915,0.7396716072492051,0.22003222522321267,140.92887571449728,0.4514239105164306,0.6409250854870115,110.0510485091902,4.774973826001813e-26,True
G2,log_700_shift0.5,cheb_d7,"{'name': 'cheb_d7', 'family': 'chebyshev', 'degree': 7, 'spline_smoothing_factor': 1.0}",575,568,1.3414157758154777,6.786401351282811,0.7271835034108289,-0.04873555430481473,139.2238735968432,0.18265613098840316,0.7051911407500421,134.0409598782021,2.67599312020608e-31,True
G2,log_700_shift0.5,cheb_d12,"{'name': 'cheb_d12', 'family': 'chebyshev', 'degree': 12, 'spline_smoothing_factor': 1.0}",575,575,1.0371417251051642,2.8828019719533597,0.02399857341698276,2.670115295865578,0.1615545428688847,2.901506981158796,-0.023737746686329213,0.0,1.0,False
G2,log_700_shift0.5,spline_s1,"{'name': 'spline_s1', 'family': 'spline', 'degree': 7, 'spline_smoothing_factor': 1.0}",575,575,1.0324027576786643,2.750533784485738,0.021067934627764587,1.4904073902954318,0.13490062999096608,1.7217990755886496,-0.00472960527819131,0.0,1.0,False
G2,log_700_shift0.5,spline_s2,"{'name': 'spline_s2', 'family': 'spline', 'degree': 7, 'spline_smoothing_factor': 2.0}",575,564,1.4740768720766473,6.677668295951944,0.7511986313836804,0.22288668228445893,146.27060209674096,0.4542783675776768,0.650315458028164,113.99137401416579,6.543829476203218e-27,True
G2,log_700_shift0.75,cheb_d7,"{'name': 'cheb_d7', 'family': 'chebyshev', 'degree': 7, 'spline_smoothing_factor': 1.0}",575,567,1.331068362814358,7.878429353983429,0.7148344741259685,-0.07641726336561515,134.5825595292207,0.15497442192760275,0.6979591403607048,130.95899193149535,1.2638729223982878e-30,True
G2,log_700_shift0.75,cheb_d12,"{'name': 'cheb_d12', 'family': 'chebyshev', 'degree': 12, 'spline_smoothing_factor': 1.0}",575,575,1.0141357990768103,3.408218925728724,0.025843632965378796,2.5541914634705822,0.19084310168648244,2.7855831487638003,-0.024901366056407012,0.0,1.0,False
G2,log_700_shift0.75,spline_s1,"{'name': 'spline_s1', 'family': 'spline', 'degree': 7, 'spline_smoothing_factor': 1.0}",575,574,1.0536564964792146,4.485782247824908,0.1716697252917648,0.019089864433437943,7.690919159645318,0.25048154972665587,0.16310833244892242,7.152001891426721,0.003744017985502373,True
G2,log_700_shift0.75,spline_s2,"{'name': 'spline_s2', 'family': 'spline', 'degree': 7, 'spline_smoothing_factor': 2.0}",575,564,1.4572282944322574,6.913802894041936,0.7328576853423276,0.23475082287871638,138.94321259192702,0.46614250817193426,0.6298661615805331,106.65270623333458,2.652176926096095e-25,True
G2,linear_175,cheb_d7,"{'name': 'cheb_d7', 'family': 'chebyshev', 'degree': 7, 'spline_smoothing_factor': 1.0}",140,134,1.6429937355271942,6.0333207482856945,1.4184363506785205,-0.1989730506093738,114.37801815042229,0.032418634683844094,1.4103140647390584,114.20956292944987,5.8619834890944035e-27,True
G2,linear_175,cheb_d12,"{'name': 'cheb_d12', 'family': 'chebyshev', 'degree': 12, 'spline_smoothing_factor': 1.0}",140,140,0.9942228436101835,2.3298391108203345,0.07188700701406829,-2.498880044288554,0.32207387650569785,-2.267488358995336,-0.03728210224421989,0.0,1.0,False
G2,linear_175,spline_s1,"{'name': 'spline_s1', 'family': 'spline', 'degree': 7, 'spline_smoothing_factor': 1.0}",140,140,1.0114993225585038,2.351456581015675,0.08165405664038852,-0.4303192983820575,0.4128327907982623,-0.1989276130888396,0.08263290004424931,0.39208189186322784,0.2656035480740192,True
G2,linear_175,spline_s2,"{'name': 'spline_s2', 'family': 'spline', 'degree': 7, 'spline_smoothing_factor': 2.0}",140,131,2.0480753030418883,8.064262728540983,1.9805532196179896,-0.3178399051810658,232.15114380269216,-0.0864482198878479,2.000595166384669,229.82074374838106,3.2614104104587438e-52,True
G2,linear_350,cheb_d7,"{'name': 'cheb_d7', 'family': 'chebyshev', 'degree': 7, 'spline_smoothing_factor': 1.0}",280,273,1.5936349354316102,6.7297534388125335,1.3569253315837555,-0.036672537934921014,201.53552622400537,0.1947191473582969,1.2911529233154486,190.5098237967161,1.2303205870386602e-43,True
G2,linear_350,cheb_d12,"{'name': 'cheb_d12', 'family': 'chebyshev', 'degree': 12, 'spline_smoothing_factor': 1.0}",280,279,1.0742619337175574,4.191964764549077,0.02815485670627381,-2.9670618073856563,0.08651612280954168,-2.735670122092438,-0.024167735493105656,0.0,1.0,False
G2,linear_350,spline_s1,"{'name': 'spline_s1', 'family': 'spline', 'degree': 7, 'spline_smoothing_factor': 1.0}",279,280,1.0290544939018471,3.085349515964846,0.041605235298632096,-1.703758868986152,0.28591918225225754,-1.4723671836929342,0.010301179974994992,0.01207312969324903,0.4562531467150909,True
G2,linear_350,spline_s2,"{'name': 'spline_s2', 'family': 'spline', 'degree': 7, 'spline_smoothing_factor': 2.0}",280,263,4.1517136041629765,37.771112508005466,1.9076142605418338,-0.006871906031021494,396.983439684891,0.2245197792621964,1.7948217853472235,368.13293576369415,2.3860778462495516e-82,True
G2,linear_700,cheb_d7,"{'name': 'cheb_d7', 'family': 'chebyshev', 'degree': 7, 'spline_smoothing_factor': 1.0}",537,551,1.3305010733583076,4.817163563579321,0.9520014062873658,-0.07378055062007359,193.13851647783918,0.1576111346731443,0.9225165595727992,186.1540434135036,1.0985870029319065e-42,True
G2,linear_700,cheb_d12,"{'name': 'cheb_d12', 'family': 'chebyshev', 'degree': 12, 'spline_smoothing_factor': 1.0}",509,558,1.039680691178734,3.3359296764124395,0.03112057336140328,-2.710788324766336,0.22236346124634565,-2.479396639473118,-0.023188484187154353,0.0,1.0,False
G2,linear_700,spline_s1,"{'name': 'spline_s1', 'family': 'spline', 'degree': 7, 'spline_smoothing_factor': 1.0}",516,558,1.0672854560958311,3.4016562342427314,0.19824755486813453,0.080150305454101,8.316332727856434,0.3115419907473189,0.18373845751430382,7.206040544138432,0.003632930541564718,True
G2,linear_700,spline_s2,"{'name': 'spline_s2', 'family': 'spline', 'degree': 7, 'spline_smoothing_factor': 2.0}",489,551,1.5313710026880376,7.791837552058247,1.0709726192125262,0.02199425085433182,241.24272452310208,0.2533859361475498,1.0238484730019575,221.26589278910467,2.3946035299081306e-50,True
G2,quantile_175,cheb_d7,"{'name': 'cheb_d7', 'family': 'chebyshev', 'degree': 7, 'spline_smoothing_factor': 1.0}",93,93,0.04656206966652932,0.07760191795697713,0.0013432583636648631,1.4654359517156936,8.624757373631997e-05,1.6968276370089115,-0.00025974374289411346,0.0,1.0,False
G2,quantile_175,cheb_d12,"{'name': 'cheb_d12', 'family': 'chebyshev', 'degree': 12, 'spline_smoothing_factor': 1.0}",93,93,0.04641016464437218,0.06991537327084149,0.0005039536340788233,3.00969269904985,1.115269071637337e-05,-3.042100922836519,-0.00049804704008956,0.0,1.0,False
G2,quantile_175,spline_s1,"{'name': 'spline_s1', 'family': 'spline', 'degree': 7, 'spline_smoothing_factor': 1.0}",93,93,0.046685623160069425,0.06861358560309487,0.0015126656964895232,0.9893961744109376,0.00010256418059025052,1.2207878597041555,0.0004217764794227048,7.914171869613518e-06,0.49887769155278466,True
G2,quantile_175,spline_s2,"{'name': 'spline_s2', 'family': 'spline', 'degree': 7, 'spline_smoothing_factor': 2.0}",93,93,0.046685623160069425,0.06861358560309487,0.0015126656964895232,0.9893961744109376,0.00010256418059025052,1.2207878597041555,0.0004217764794227048,7.914171869613518e-06,0.49887769155278466,True
G2,quantile_350,cheb_d7,"{'name': 'cheb_d7', 'family': 'chebyshev', 'degree': 7, 'spline_smoothing_factor': 1.0}",183,183,0.059895200909067206,0.07603844117995885,0.0011222552792569884,-1.9476337664352406,0.00011334123508033311,-1.7162420811420227,-9.029102363009055e-05,0.0,1.0,False
G2,quantile_350,cheb_d12,"{'name': 'cheb_d12', 'family': 'chebyshev', 'degree': 12, 'spline_smoothing_factor': 1.0}",183,183,0.05955892834368868,0.08398600483673764,0.0009177961847246448,-2.0614917048490997,7.465343800869273e-05,-1.8301000195558819,-0.0001775197741976298,0.0,1.0,False
G2,quantile_350,spline_s1,"{'name': 'spline_s1', 'family': 'spline', 'degree': 7, 'spline_smoothing_factor': 1.0}",183,183,0.059975277892531015,0.06827362430491793,0.0002709758928878157,-0.17399653011296654,6.407438718630809e-06,0.05739515518025137,0.0002695167303259727,6.385368603395447e-06,0.4989919023789205,True
G2,quantile_350,spline_s2,"{'name': 'spline_s2', 'family': 'spline', 'degree': 7, 'spline_smoothing_factor': 2.0}",183,183,0.059975277892531015,0.06827362430491793,0.0002709758928878157,-0.17399653011296654,6.407438718630809e-06,0.05739515518025137,0.0002695167303259727,6.385368603395447e-06,0.4989919023789205,True
G2,quantile_500,cheb_d7,"{'name': 'cheb_d7', 'family': 'chebyshev', 'degree': 7, 'spline_smoothing_factor': 1.0}",261,261,0.07291612462543785,0.2654989124906788,0.0015016442282402816,-2.816834969874955,0.00026852056403525726,-2.585443284581737,-0.0012233359474753897,0.0,1.0,False
G2,quantile_500,cheb_d12,"{'name': 'cheb_d12', 'family': 'chebyshev', 'degree': 12, 'spline_smoothing_factor': 1.0}",261,261,0.0728805895366369,0.26762152252300425,0.0004538885294449675,1.842140701585435,2.815001003675377e-05,2.073532386878653,-0.0002447845034344695,0.0,1.0,False
G2,quantile_500,spline_s1,"{'name': 'spline_s1', 'family': 'spline', 'degree': 7, 'spline_smoothing_factor': 1.0}",261,261,0.07292459138480316,0.2658273977475748,0.0011748623392891975,3.0349585334820093,0.00016921236717915011,-3.0168350884043593,-0.0011561413326090088,0.0,1.0,False
G2,quantile_500,spline_s2,"{'name': 'spline_s2', 'family': 'spline', 'degree': 7, 'spline_smoothing_factor': 2.0}",261,261,0.07292459138480316,0.2658273977475748,0.0011748623392891975,3.0349585334820093,0.00016921236717915011,-3.0168350884043593,-0.0011561413326090088,0.0,1.0,False
G2,window_2.2_110,cheb_d7,"{'name': 'cheb_d7', 'family': 'chebyshev', 'degree': 7, 'spline_smoothing_factor': 1.0}",286,277,1.7108832533482632,10.612883518417396,0.8911971095327956,-0.3961239986504512,108.49349946359632,-0.16473231335723335,0.8829458375765021,105.35245631329451,5.111681006491485e-25,True
G2,window_2.2_110,cheb_d12,"{'name': 'cheb_d12', 'family': 'chebyshev', 'degree': 12, 'spline_smoothing_factor': 1.0}",286,286,1.047215591859068,2.7553979076119766,0.09551839390574807,-1.4836083455430567,1.350983587738483,-1.2522166602498388,0.03228510084489571,0.14085777801426502,0.3537148748408114,True
G2,window_2.2_110,spline_s1,"{'name': 'spline_s1', 'family': 'spline', 'degree': 7, 'spline_smoothing_factor': 1.0}",286,286,1.0175267838157365,2.6157875949423297,0.03500365223148089,-2.5356363262481527,0.16940605705173084,-2.3042446409549346,-0.0227541579786664,0.0,1.0,False
G2,window_2.2_110,spline_s2,"{'name': 'spline_s2', 'family': 'spline', 'degree': 7, 'spline_smoothing_factor': 2.0}",286,273,1.9416837985741229,11.407549492828464,1.0050277579336893,0.10873302562969989,135.61048700675735,0.3401247109229178,0.9387040299566629,119.0786502644529,5.032910465787147e-28,True
G2,window_2.5_110,cheb_d7,"{'name': 'cheb_d7', 'family': 'chebyshev', 'degree': 7, 'spline_smoothing_factor': 1.0}",282,274,1.5766347697842398,9.28753527873775,0.7673212453439435,-0.30653014616007646,76.29746019932486,-0.07513846086685855,0.7661315262660225,75.79723168837779,1.5717073751290003e-18,True
G2,window_2.5_110,cheb_d12,"{'name': 'cheb_d12', 'family': 'chebyshev', 'degree': 12, 'spline_smoothing_factor': 1.0}",282,282,1.0399993727161165,3.3103619294169415,0.06607102526343825,-1.4835256558120251,0.654713160535664,-1.2521339705188073,0.021762246187195012,0.061158118280786766,0.4023373814285105,True
G2,window_2.5_110,spline_s1,"{'name': 'spline_s1', 'family': 'spline', 'degree': 7, 'spline_smoothing_factor': 1.0}",282,282,1.018274680720447,3.3354533777550386,0.047012155798521124,-0.45637787278817127,0.2898940167178239,-0.22498618749495336,0.04600490632709659,0.2733096575873333,0.30056010863661053,True
G2,window_2.5_110,spline_s2,"{'name': 'spline_s2', 'family': 'spline', 'degree': 7, 'spline_smoothing_factor': 2.0}",282,263,2.5029401620266487,16.520758565195564,1.040633535899189,-0.03500142841055848,139.83062989096948,0.19639025688265943,1.0171914963317923,133.61404694390808,3.3179564273152164e-31,True
G2,window_3_120,cheb_d7,"{'name': 'cheb_d7', 'family': 'chebyshev', 'degree': 7, 'spline_smoothing_factor': 1.0}",284,281,1.2871988882305019,5.969561631604214,0.65442681899796,-0.3689955712660595,57.80713822755001,-0.13760388597284157,0.6561590338879388,56.58931975405142,2.6851366577095566e-14,True
G2,window_3_120,cheb_d12,"{'name': 'cheb_d12', 'family': 'chebyshev', 'degree': 12, 'spline_smoothing_factor': 1.0}",284,284,1.021145201772307,3.017067174972436,0.0686974991166363,-2.3055218844021996,0.6490667460486179,-2.0741301991089816,-0.02782803863049354,0.0,1.0,False
G2,window_3_120,spline_s1,"{'name': 'spline_s1', 'family': 'spline', 'degree': 7, 'spline_smoothing_factor': 1.0}",284,284,1.0182678399656826,3.0345711790599768,0.04484486600958273,-2.491268467847598,0.2662576854768304,-2.2598767825543797,-0.025460518368128512,0.0,1.0,False
G2,window_3_120,spline_s2,"{'name': 'spline_s2', 'family': 'spline', 'degree': 7, 'spline_smoothing_factor': 2.0}",284,276,1.7130600732634655,7.848322468409946,0.8464662014994674,-0.045846170990972275,91.66770579923946,0.1855455143022456,0.8181629364490752,87.98240955699407,3.301957476392088e-21,True
G2,window_2_70,cheb_d7,"{'name': 'cheb_d7', 'family': 'chebyshev', 'degree': 7, 'spline_smoothing_factor': 1.0}",300,300,1.053570657167811,3.162366157408128,0.12939325235063603,-0.20411750801692546,2.442268784144801,0.02727417727629244,0.12929939704285462,2.440392373690372,0.0591233222474709,True
G2,window_2_70,cheb_d12,"{'name': 'cheb_d12', 'family': 'chebyshev', 'degree': 12, 'spline_smoothing_factor': 1.0}",300,300,1.0206540284256136,3.189590329157763,0.07088933037358394,-0.08721864808932403,0.7313372895808357,0.14417303720389388,0.07002185962147169,0.7157048178700052,0.19877821554357467,True
G2,window_2_70,spline_s1,"{'name': 'spline_s1', 'family': 'spline', 'degree': 7, 'spline_smoothing_factor': 1.0}",300,300,1.0206866931899665,3.0564887629053277,0.08466400974259435,0.013944152281190864,1.0419390029733222,0.24533583757440877,0.08186231140543684,0.9782157829753828,0.16131984896068224,True
G2,window_2_70,spline_s2,"{'name': 'spline_s2', 'family': 'spline', 'degree': 7, 'spline_smoothing_factor': 2.0}",300,290,1.5012330621334924,6.161453175035408,0.5168407120763611,0.4488199356258826,39.000356485991006,0.6802116209191005,0.39759950666302285,23.07588327750159,7.786591738722029e-07,True
G2,window_4_70,cheb_d7,"{'name': 'cheb_d7', 'family': 'chebyshev', 'degree': 7, 'spline_smoothing_factor': 1.0}",313,313,0.9980989684970054,3.289265784104271,0.1375475253851803,-1.29017613155192,3.054908243519378,-1.0587844462587022,0.06820268750997242,0.68480881241112,0.20396786440143044,True
G2,window_4_70,cheb_d12,"{'name': 'cheb_d12', 'family': 'chebyshev', 'degree': 12, 'spline_smoothing_factor': 1.0}",313,313,0.9820122759998892,2.9464869443001853,0.017346896659248833,2.9113816017384537,0.04429993199948967,-3.140412020147915,-0.01734674558337246,0.0,1.0,False
G2,window_4_70,spline_s1,"{'name': 'spline_s1', 'family': 'spline', 'degree': 7, 'spline_smoothing_factor': 1.0}",313,313,1.025281152191217,2.6881280331368176,0.3128539841461174,-0.7399337654512101,14.901761046531192,-0.5085420801579923,0.2742977313078317,11.076710242726847,0.0004370937721510561,True
G2,window_4_70,spline_s2,"{'name': 'spline_s2', 'family': 'spline', 'degree': 7, 'spline_smoothing_factor': 2.0}",313,313,1.1416154583776432,2.9809063028307237,0.560932615085503,-0.40301441593818543,46.58961951225149,-0.17162273064496752,0.5533420241871492,45.07686174196016,9.47253345315714e-12,True
G2,window_12_70,cheb_d7,"{'name': 'cheb_d7', 'family': 'chebyshev', 'degree': 7, 'spline_smoothing_factor': 1.0}",350,350,0.996111473057879,2.986997390032336,0.00912482189189504,1.7561859455082809,0.014363101323965566,1.9875776308014987,-0.003622762857950632,0.0,1.0,False
G2,window_12_70,cheb_d12,"{'name': 'cheb_d12', 'family': 'chebyshev', 'degree': 12, 'spline_smoothing_factor': 1.0}",350,350,0.9855052022055638,2.9049062958771374,0.01793646493345482,2.206463308986119,0.05591473491409715,2.4378549942793373,-0.013576321513628423,0.0,1.0,False
G2,window_12_70,spline_s1,"{'name': 'spline_s1', 'family': 'spline', 'degree': 7, 'spline_smoothing_factor': 1.0}",350,350,1.020512650997734,2.873519272318225,0.2346413072449584,0.28076337026865816,9.761128772731752,0.5121550555618761,0.20551501559422047,7.474316660193949,0.0031292657289089328,True
G2,window_12_70,spline_s2,"{'name': 'spline_s2', 'family': 'spline', 'degree': 7, 'spline_smoothing_factor': 2.0}",350,350,1.093507198688076,3.003862151923596,0.5271316290300891,-0.7937522836871778,48.47848904717449,-0.5623605983939599,0.44355631951818125,34.81624414362636,1.8116880605842234e-09,True
G2,window_2_30,cheb_d7,"{'name': 'cheb_d7', 'family': 'chebyshev', 'degree': 7, 'spline_smoothing_factor': 1.0}",283,283,1.059608290591917,2.7804037011782863,0.1523764375728602,0.7441730755116133,3.166101235222584,0.9755647608048312,0.08126043801908409,0.8716184820808621,0.17525381688884456,True
G2,window_2_30,cheb_d12,"{'name': 'cheb_d12', 'family': 'chebyshev', 'degree': 12, 'spline_smoothing_factor': 1.0}",283,283,1.0277193499031145,3.1228691482189412,0.018496478042204344,-1.849915790730331,0.0492087961702623,-1.6185241054371131,-0.0002707979984410358,0.0,1.0,False
G2,window_2_30,spline_s1,"{'name': 'spline_s1', 'family': 'spline', 'degree': 7, 'spline_smoothing_factor': 1.0}",283,283,1.0334889330024004,2.963898939064464,0.03812220411381708,-0.5018954044292175,0.19637857663377645,-0.27050371913599963,0.037073200140996215,0.18142129561300635,0.3350773180713858,True
G2,window_2_30,spline_s2,"{'name': 'spline_s2', 'family': 'spline', 'degree': 7, 'spline_smoothing_factor': 2.0}",283,281,1.2995211149273294,3.9902736345784895,0.5661036598380196,0.7591769033105238,43.77064463270648,0.9905685886037415,0.29467162329007895,11.461586694985215,0.0003552480504639807,True
