label,start,size,candidate,analysis_bins,background_fit_bins,residual_rms,residual_max_abs,fixed_omega_amplitude,fixed_omega_phase,fixed_omega_delta_chi2,phase_offset_from_prediction,locked_signed_amplitude,locked_delta_chi2,locked_local_p_one_sided,positive_sign
H2,0,1,"{'name': 'cheb_d7', 'family': 'chebyshev', 'degree': 7, 'spline_smoothing_factor': 1.0}",286,277,1.824397092169061,12.521216062715572,0.946653482372715,-0.31691250020581746,121.52898505994085,-0.08552081491259954,0.9489608251939852,120.56233146720058,2.3822984852322148e-28,True
H2,1,1,"{'name': 'cheb_d7', 'family': 'chebyshev', 'degree': 7, 'spline_smoothing_factor': 1.0}",286,277,1.8204695099021273,12.459743629999524,0.9370422323407902,-0.3085307100697341,118.86589783636146,-0.07713902477651619,0.9393781046866629,118.09457616878024,8.265725358575642e-28,True
H2,2,1,"{'name': 'cheb_d7', 'family': 'chebyshev', 'degree': 7, 'spline_smoothing_factor': 1.0}",286,277,1.8176985278382158,12.445396695582035,0.9351890973409025,-0.30823589862484174,118.33408729808775,-0.07684421333162383,0.9375006269425062,117.57123576072127,1.0761470409139918e-27,True
H2,3,1,"{'name': 'cheb_d7', 'family': 'chebyshev', 'degree': 7, 'spline_smoothing_factor': 1.0}",286,277,1.8162586939802172,12.44587945358142,0.9359024928627598,-0.3097670563383691,118.48254443526764,-0.07837537104515119,0.9381905694742364,117.68737641965083,1.0149416908702315e-27,True
H2,4,1,"{'name': 'cheb_d7', 'family': 'chebyshev', 'degree': 7, 'spline_smoothing_factor': 1.0}",286,277,1.8209048370845036,12.464601040736452,0.9392878501689945,-0.3097278887780032,119.27824367368146,-0.07833620348478532,0.9415766000545873,118.47763533619195,6.814106757865175e-28,True
H2,5,1,"{'name': 'cheb_d7', 'family': 'chebyshev', 'degree': 7, 'spline_smoothing_factor': 1.0}",286,277,1.8211626406679484,12.472265066490433,0.9418160058354703,-0.3086961332205771,119.83974860469914,-0.07730444792735919,0.9441177395673185,119.05538415208366,5.092289943014269e-28,True
H2,6,1,"{'name': 'cheb_d7', 'family': 'chebyshev', 'degree': 7, 'spline_smoothing_factor': 1.0}",286,277,1.8206906616244147,12.46944375762066,0.9419954489131017,-0.30780439781603663,119.80869379375451,-0.07641271252281874,0.9443097146164912,119.04155767525288,5.127909094596348e-28,True
H2,7,1,"{'name': 'cheb_d7', 'family': 'chebyshev', 'degree': 7, 'spline_smoothing_factor': 1.0}",286,277,1.821076197682422,12.467289361550964,0.9417223432982865,-0.3079298969577286,119.68538067209533,-0.07653821166451069,0.944048514952839,118.91576330102919,5.463640290770022e-28,True
H2,8,1,"{'name': 'cheb_d7', 'family': 'chebyshev', 'degree': 7, 'spline_smoothing_factor': 1.0}",286,277,1.815259796888373,12.478451540294676,0.9459097335332993,-0.31511292964487725,120.83723604415445,-0.08372124435165935,0.9482020957954679,119.90808339584896,3.313042769918939e-28,True
H2,9,1,"{'name': 'cheb_d7', 'family': 'chebyshev', 'degree': 7, 'spline_smoothing_factor': 1.0}",286,277,1.819521680161252,12.478945894311872,0.9451396461303532,-0.312435931662103,120.54643129359931,-0.08104424636888508,0.9474866397323495,119.67666878123623,3.7229812091006624e-28,True
H2,10,1,"{'name': 'cheb_d7', 'family': 'chebyshev', 'degree': 7, 'spline_smoothing_factor': 1.0}",286,277,1.821416811126115,12.468569462357214,0.9428846549467019,-0.3076320874937108,119.84597426291089,-0.07624040220049288,0.9452905610755646,119.07947030393382,5.030830253103273e-28,True
H2,11,1,"{'name': 'cheb_d7', 'family': 'chebyshev', 'degree': 7, 'spline_smoothing_factor': 1.0}",286,277,1.816123076614038,12.447245744888559,0.9405837039765098,-0.301803691121111,119.12598599931619,-0.07041200582789309,0.9430252486905472,118.47502130582325,6.823092772551462e-28,True
H2,12,1,"{'name': 'cheb_d7', 'family': 'chebyshev', 'degree': 7, 'spline_smoothing_factor': 1.0}",286,277,1.8209747003279682,12.464827815394074,0.9426625781070394,-0.3056599603833916,119.71049965079396,-0.0742682750901737,0.9451445124344813,118.98307432801062,5.281348184957773e-28,True
H2,13,1,"{'name': 'cheb_d7', 'family': 'chebyshev', 'degree': 7, 'spline_smoothing_factor': 1.0}",286,277,1.8186929920544077,12.453087935754622,0.9408294723712168,-0.30294870008770625,119.1883119129244,-0.07155701479448834,0.9433442300629249,118.5154989444436,6.685266031791991e-28,True
H2,14,1,"{'name': 'cheb_d7', 'family': 'chebyshev', 'degree': 7, 'spline_smoothing_factor': 1.0}",286,277,1.8212894394834505,12.4672937484914,0.943169514814249,-0.30508646826550734,119.82866961020875,-0.07369478297228942,0.9457298553138992,119.111572772572,4.950067407042879e-28,True
H2,15,1,"{'name': 'cheb_d7', 'family': 'chebyshev', 'degree': 7, 'spline_smoothing_factor': 1.0}",286,277,1.8216605594032937,12.471816744414278,0.9440830592334444,-0.3051423634950555,120.07825543363367,-0.07375067820183762,0.9466839436024053,119.35874320043888,4.370145025682817e-28,True
H2,16,1,"{'name': 'cheb_d7', 'family': 'chebyshev', 'degree': 7, 'spline_smoothing_factor': 1.0}",286,277,1.8213768146648444,12.468151184958154,0.9430750960618788,-0.30414108626535913,119.8287046629033,-0.07274940097214122,0.9457083003300016,119.13017892790015,4.903853271312649e-28,True
H2,17,1,"{'name': 'cheb_d7', 'family': 'chebyshev', 'degree': 7, 'spline_smoothing_factor': 1.0}",286,277,1.8213244719451247,12.46762183915374,0.9426884483661782,-0.3036248759527838,119.75591990536316,-0.07223319065956592,0.9453525744499722,119.06799620062225,5.060015192863093e-28,True
H2,18,1,"{'name': 'cheb_d7', 'family': 'chebyshev', 'degree': 7, 'spline_smoothing_factor': 1.0}",286,277,1.8212630529234315,12.467031499363303,0.9422046177340058,-0.30319857059686656,119.66846635499905,-0.07180688530364865,0.9448954030238361,118.98954703595837,5.264142629423754e-28,True
H2,19,1,"{'name': 'cheb_d7', 'family': 'chebyshev', 'degree': 7, 'spline_smoothing_factor': 1.0}",286,277,1.8216936685115692,12.4728755849445,0.9432919183295169,-0.30290429354041976,119.98997186552685,-0.07151260824720185,0.9460095032707029,119.31530771284713,4.466892586722194e-28,True
H2,20,1,"{'name': 'cheb_d7', 'family': 'chebyshev', 'degree': 7, 'spline_smoothing_factor': 1.0}",286,277,1.821711174632184,12.475079685045838,0.9434907237553853,-0.3023251305818605,120.08557401930989,-0.0709334452886426,0.9462257764498484,119.4217923054822,4.233427061575032e-28,True
H2,21,1,"{'name': 'cheb_d7', 'family': 'chebyshev', 'degree': 7, 'spline_smoothing_factor': 1.0}",286,277,1.8208425629402514,12.483278064623743,0.9457760913810069,-0.3006792539546393,120.69574083133966,-0.06928756866142138,0.9485217159186594,120.05959406265958,3.069425562546012e-28,True
H2,22,1,"{'name': 'cheb_d7', 'family': 'chebyshev', 'degree': 7, 'spline_smoothing_factor': 1.0}",286,277,1.821567205816017,12.475860828475591,0.9427819011359975,-0.30118780959445773,120.00530698206751,-0.06979612430123983,0.9455297128183495,119.36421175080216,4.3581139399602795e-28,True
H2,23,1,"{'name': 'cheb_d7', 'family': 'chebyshev', 'degree': 7, 'spline_smoothing_factor': 1.0}",286,277,1.819754707174835,12.458756657068822,0.9377628187366784,-0.3038806703280023,118.8462067268697,-0.0724889850347844,0.9405110734280498,118.16247607467756,7.9875558397731395e-28,True
H2,24,1,"{'name': 'cheb_d7', 'family': 'chebyshev', 'degree': 7, 'spline_smoothing_factor': 1.0}",286,277,1.8212293879752675,12.466781215195661,0.9391185617282536,-0.30279662752610365,119.22908263409442,-0.07140494223288574,0.9418609864026909,118.56403955851215,6.523651539302834e-28,True
H2,25,1,"{'name': 'cheb_d7', 'family': 'chebyshev', 'degree': 7, 'spline_smoothing_factor': 1.0}",286,277,1.8205579665731484,12.463052485360382,0.9377099338961231,-0.3042990963835498,118.95808081159032,-0.07290741109033187,0.9404427749294674,118.26722994988688,7.576656479074081e-28,True
H2,26,1,"{'name': 'cheb_d7', 'family': 'chebyshev', 'degree': 7, 'spline_smoothing_factor': 1.0}",286,277,1.8211479400967043,12.466311427750345,0.9380004416958097,-0.3037285995831522,119.07199257209572,-0.07233691428993427,0.9407145344075409,118.39178866907014,7.115495461063478e-28,True
H2,27,1,"{'name': 'cheb_d7', 'family': 'chebyshev', 'degree': 7, 'spline_smoothing_factor': 1.0}",286,277,1.8214234669110385,12.470280846992662,0.9385223872280217,-0.30178028213448777,119.21094076643396,-0.07038859684126986,0.9412067426454451,118.56637936798177,6.515960698080653e-28,True
H2,28,1,"{'name': 'cheb_d7', 'family': 'chebyshev', 'degree': 7, 'spline_smoothing_factor': 1.0}",286,277,1.8081010864346754,12.448398311418286,0.9352772439737619,-0.3161649766040676,118.70390138619484,-0.08477329131084971,0.9378944033964021,117.77645664397232,9.703668364112673e-28,True
H2,29,1,"{'name': 'cheb_d7', 'family': 'chebyshev', 'degree': 7, 'spline_smoothing_factor': 1.0}",286,277,1.820669834313363,12.471411158432597,0.9378725719014493,-0.2994419557645026,119.06364840076185,-0.0680502704712847,0.9404836741638192,118.46236647100159,6.866763001689264e-28,True
H2,30,1,"{'name': 'cheb_d7', 'family': 'chebyshev', 'degree': 7, 'spline_smoothing_factor': 1.0}",286,276,1.8142033018978003,12.440539023241621,0.9430204792471719,-0.30399177025645935,120.47887496240583,-0.07260008496324144,0.9456292211403601,119.78726859245933,3.521089254630241e-28,True
H2,31,1,"{'name': 'cheb_d7', 'family': 'chebyshev', 'degree': 7, 'spline_smoothing_factor': 1.0}",286,277,1.818625696628455,12.46584892282253,0.9378152201483202,-0.3130925918930079,119.33122082173429,-0.08170090659979001,0.9403422055389304,118.4655209021289,6.855851373763016e-28,True
H2,43,1,"{'name': 'cheb_d7', 'family': 'chebyshev', 'degree': 7, 'spline_smoothing_factor': 1.0}",286,277,1.819696703012663,12.459713921831787,0.9353854087931636,-0.3046006594408488,117.86721925655411,-0.07320897414763089,0.9376563404631708,117.17274840801645,1.3156101627792334e-27,True
H2,44,1,"{'name': 'cheb_d7', 'family': 'chebyshev', 'degree': 7, 'spline_smoothing_factor': 1.0}",286,277,1.8143420762502358,12.44907447144459,0.9265622220967631,-0.2995059597739154,115.48744958250415,-0.06811427448069751,0.9288295159632857,114.89712884821984,4.1443842717296496e-27,True
H2,45,1,"{'name': 'cheb_d7', 'family': 'chebyshev', 'degree': 7, 'spline_smoothing_factor': 1.0}",286,277,1.8169724037963673,12.452066308322392,0.9305092471781471,-0.30214547023941274,116.4491782720263,-0.07075378494619483,0.9328076554876962,115.80656673489807,2.619959373704898e-27,True
H2,46,1,"{'name': 'cheb_d7', 'family': 'chebyshev', 'degree': 7, 'spline_smoothing_factor': 1.0}",286,277,1.8179383120186918,12.453521532008807,0.932466249783439,-0.30330436521591964,116.89591262063402,-0.07191267992270173,0.9347950975589875,116.22904801400853,2.1172700025411138e-27,True
H2,47,1,"{'name': 'cheb_d7', 'family': 'chebyshev', 'degree': 7, 'spline_smoothing_factor': 1.0}",286,277,1.8182348721112984,12.453808619756266,0.9332934921006237,-0.30377294166414087,117.05612041216398,-0.07238125637092296,0.9356563251696086,116.37911957375741,1.9629672292760453e-27,True
H2,48,1,"{'name': 'cheb_d7', 'family': 'chebyshev', 'degree': 7, 'spline_smoothing_factor': 1.0}",286,277,1.8200325085204196,12.459662632949248,0.9380925663375353,-0.30520917283754045,118.24379557175678,-0.07381748754432255,0.9405031686679859,117.53225696145421,1.0975051885654951e-27,True
H2,56,1,"{'name': 'cheb_d7', 'family': 'chebyshev', 'degree': 7, 'spline_smoothing_factor': 1.0}",286,277,1.8197331723176497,12.45742025686919,0.9373322724259556,-0.3043030288119381,118.11195198692792,-0.0729113435187202,0.9400931456824704,117.41952223034468,1.1616935977869693e-27,True
H2,57,1,"{'name': 'cheb_d7', 'family': 'chebyshev', 'degree': 7, 'spline_smoothing_factor': 1.0}",286,277,1.819378681511393,12.455811444801471,0.9361683000918125,-0.30467081797139184,117.88745487282858,-0.07327913267817393,0.9389600875029067,117.19010195390615,1.3041493048762948e-27,True
H2,58,1,"{'name': 'cheb_d7', 'family': 'chebyshev', 'degree': 7, 'spline_smoothing_factor': 1.0}",286,277,1.821506838422299,12.469592572490779,0.9428821191034614,-0.30232968703448726,119.60727861008615,-0.07093800174126935,0.9457092278401047,118.9446396490473,5.384678865201572e-28,True
H2,59,1,"{'name': 'cheb_d7', 'family': 'chebyshev', 'degree': 7, 'spline_smoothing_factor': 1.0}",286,277,1.8191490949924594,12.454827783658837,0.9351295698704241,-0.3053921245109473,117.78503583009058,-0.07400043921772942,0.9379693499300593,117.07626314729407,1.3811939850599894e-27,True
H2,60,1,"{'name': 'cheb_d7', 'family': 'chebyshev', 'degree': 7, 'spline_smoothing_factor': 1.0}",286,277,1.8219085422110382,12.49093378216152,0.9496087783282178,-0.2985637237670879,121.40219278918653,-0.06717203847386999,0.952457748665858,120.80012479863308,2.113191962150314e-28,True
H2,61,1,"{'name': 'cheb_d7', 'family': 'chebyshev', 'degree': 7, 'spline_smoothing_factor': 1.0}",286,277,1.8194403510962374,12.456044021246218,0.9352399841951604,-0.3058125936794036,117.98331822393175,-0.0744209083861857,0.9381026063359152,117.26716239613575,1.2544502638137224e-27,True
H2,62,1,"{'name': 'cheb_d7', 'family': 'chebyshev', 'degree': 7, 'spline_smoothing_factor': 1.0}",286,277,1.8190047688508717,12.45433909210761,0.9341839611562119,-0.3069280671217813,117.8217813185953,-0.07553638182856337,0.9370461189359656,117.08613585524381,1.3743357275419491e-27,True
H2,63,1,"{'name': 'cheb_d7', 'family': 'chebyshev', 'degree': 7, 'spline_smoothing_factor': 1.0}",286,277,1.8214970616517177,12.49702348549573,0.9478786135949907,-0.2965269363736227,121.1712574699327,-0.0651352510804048,0.9506975786872399,120.60814550593784,2.327912200328135e-28,True
H2,64,1,"{'name': 'cheb_d7', 'family': 'chebyshev', 'degree': 7, 'spline_smoothing_factor': 1.0}",286,277,1.8210624852410564,12.465351765134045,0.9378825614804308,-0.30410973782206996,118.85898036021592,-0.07271805252885205,0.9407224295888876,118.17245425183307,7.947474359866736e-28,True
H2,65,1,"{'name': 'cheb_d7', 'family': 'chebyshev', 'degree': 7, 'spline_smoothing_factor': 1.0}",286,277,1.8219724617712578,12.483949773862191,0.9423186893516539,-0.29925157189025303,119.96140531856167,-0.06785988659703512,0.9451169473017468,119.35802889582874,4.371718982605109e-28,True
H2,66,1,"{'name': 'cheb_d7', 'family': 'chebyshev', 'degree': 7, 'spline_smoothing_factor': 1.0}",286,277,1.8199701868159324,12.458689777682812,0.9352605917915022,-0.307707508643754,118.40369646616284,-0.0763158233505361,0.9380527421264875,117.6525862678086,1.0329013185976693e-27,True
H2,67,1,"{'name': 'cheb_d7', 'family': 'chebyshev', 'degree': 7, 'spline_smoothing_factor': 1.0}",286,277,1.820494914782542,12.461514209248671,0.9359178722716679,-0.30718519281086126,118.6159861467429,-0.07579350751764335,0.9386774444990557,117.87431478188796,9.236531407806962e-28,True
H2,68,1,"{'name': 'cheb_d7', 'family': 'chebyshev', 'degree': 7, 'spline_smoothing_factor': 1.0}",286,277,1.8217342818075282,12.487764938966137,0.9401785386355357,-0.29910817166373904,119.58597842236179,-0.06771648637052113,0.9428784007716423,118.98848029769113,5.266974337612362e-28,True
H2,69,1,"{'name': 'cheb_d7', 'family': 'chebyshev', 'degree': 7, 'spline_smoothing_factor': 1.0}",286,277,1.8218222593141489,12.4754069718027,0.937819024537128,-0.30322534153169245,119.10336256612095,-0.07183365623847453,0.9404969111892031,118.43461257556555,6.963519491374326e-28,True
H2,70,1,"{'name': 'cheb_d7', 'family': 'chebyshev', 'degree': 7, 'spline_smoothing_factor': 1.0}",286,277,1.819202253058771,12.456029008771923,0.935422049735564,-0.31198188338406896,118.68908850124785,-0.08059019809085105,0.9380405919741115,117.85209383301606,9.340591976589133e-28,True
H2,71,1,"{'name': 'cheb_d7', 'family': 'chebyshev', 'degree': 7, 'spline_smoothing_factor': 1.0}",286,277,1.8192622835144254,12.456432536406883,0.9359976911549871,-0.3124846484527837,118.85648884953457,-0.08109296315956577,0.9385661338633624,118.00798227300231,8.634581424816072e-28,True
H2,72,1,"{'name': 'cheb_d7', 'family': 'chebyshev', 'degree': 7, 'spline_smoothing_factor': 1.0}",286,277,1.8207030319780557,12.462988900659388,0.9367151021675989,-0.30978049513853434,118.9866968186991,-0.07838880984531643,0.9392518850029338,118.19241563696357,7.867893901987274e-28,True
H2,73,1,"{'name': 'cheb_d7', 'family': 'chebyshev', 'degree': 7, 'spline_smoothing_factor': 1.0}",286,277,1.8216704537303252,12.472525388841786,0.9367314983358153,-0.30638004002646224,118.91501365042154,-0.07498835473324433,0.9392336811540077,118.18784725634532,7.886036141131121e-28,True
H2,74,1,"{'name': 'cheb_d7', 'family': 'chebyshev', 'degree': 7, 'spline_smoothing_factor': 1.0}",286,277,1.8213246019546327,12.467670796134003,0.9371883740952266,-0.3087575951682627,119.05374637484522,-0.07736590987504477,0.939641301063369,118.27885033847178,7.5323982414535175e-28,True
H2,75,1,"{'name': 'cheb_d7', 'family': 'chebyshev', 'degree': 7, 'spline_smoothing_factor': 1.0}",286,277,1.8203737010112349,12.46152236762409,0.93849048516287,-0.31194313483824576,119.41214914054456,-0.08055144954502787,0.9408854790838019,118.56961928266014,6.505326223749254e-28,True
H2,76,1,"{'name': 'cheb_d7', 'family': 'chebyshev', 'degree': 7, 'spline_smoothing_factor': 1.0}",286,277,1.8175843951045265,12.453849015743913,0.9413495407454856,-0.3168692940072508,120.19175816080019,-0.08547760871403288,0.9436604636414614,119.23707678826133,4.646578382759173e-28,True
H2,77,1,"{'name': 'cheb_d7', 'family': 'chebyshev', 'degree': 7, 'spline_smoothing_factor': 1.0}",286,277,1.821306030486889,12.46748749233617,0.93849168326536,-0.30983471311352,119.2821262715305,-0.0784430278203021,0.9408345476168439,118.48228238381648,6.798161238439851e-28,True
H2,78,1,"{'name': 'cheb_d7', 'family': 'chebyshev', 'degree': 7, 'spline_smoothing_factor': 1.0}",286,277,1.8207615879127366,12.46377376721782,0.9403159971406532,-0.3115315218208573,119.72258715371424,-0.0801398365276394,0.9426246600643035,118.88413608644896,5.55145327911999e-28,True
H2,79,1,"{'name': 'cheb_d7', 'family': 'chebyshev', 'degree': 7, 'spline_smoothing_factor': 1.0}",286,277,1.821546561587134,12.470941175360085,0.9382981934376162,-0.308829215790764,119.10004459863092,-0.07743753049754609,0.9406046311786367,118.31998165968105,7.377809655752949e-28,True
H2,80,1,"{'name': 'cheb_d7', 'family': 'chebyshev', 'degree': 7, 'spline_smoothing_factor': 1.0}",286,277,1.8212661094660787,12.467130743336456,0.9404094724661868,-0.3101409392802469,119.59897091168762,-0.07874925398702898,0.9427003665021894,118.78819780638878,5.826555597719643e-28,True
H2,81,1,"{'name': 'cheb_d7', 'family': 'chebyshev', 'degree': 7, 'spline_smoothing_factor': 1.0}",286,277,1.8203047378020398,12.483226749795588,0.9332863991999238,-0.3058112178631292,117.65368799440455,-0.0744195325699113,0.9355819642841008,116.9399644488002,1.4794502391511465e-27,True
H2,82,1,"{'name': 'cheb_d7', 'family': 'chebyshev', 'degree': 7, 'spline_smoothing_factor': 1.0}",286,277,1.8211827880598608,12.476440482623476,0.9362345862544208,-0.3073905456910194,118.36643528276181,-0.07599886039780152,0.9385332710709426,117.61701207910482,1.0515944005584436e-27,True
H2,83,1,"{'name': 'cheb_d7', 'family': 'chebyshev', 'degree': 7, 'spline_smoothing_factor': 1.0}",286,277,1.8209953963834489,12.465488408015023,0.9436132016889773,-0.30986226034333086,120.22729172214952,-0.07847057505011296,0.9459242306874924,119.41534173824539,4.247215970180637e-28,True
H2,84,1,"{'name': 'cheb_d7', 'family': 'chebyshev', 'degree': 7, 'spline_smoothing_factor': 1.0}",286,277,1.8206944005341723,12.464401924025452,0.9454449409590155,-0.30963389408753816,120.6366384162842,-0.07824220879432026,0.9477795125448062,119.82584880229388,3.453270855028052e-28,True
H2,85,1,"{'name': 'cheb_d7', 'family': 'chebyshev', 'degree': 7, 'spline_smoothing_factor': 1.0}",286,277,1.821417575025466,12.46884551928422,0.9418504632221666,-0.30821314463398436,119.64772853055581,-0.07682145934076645,0.9442084431906649,118.8716404836324,5.586535090461527e-28,True
H2,86,1,"{'name': 'cheb_d7', 'family': 'chebyshev', 'degree': 7, 'spline_smoothing_factor': 1.0}",286,277,1.8212738501210002,12.471786605781745,0.9390545937207784,-0.30760415989751594,118.88831084133858,-0.07621247460429803,0.941436805716089,118.12869008726375,8.124778488170607e-28,True
H2,87,1,"{'name': 'cheb_d7', 'family': 'chebyshev', 'degree': 7, 'spline_smoothing_factor': 1.0}",286,277,1.8212928875674463,12.46743922297711,0.9441309001581147,-0.30723852313130395,120.14002727557579,-0.07584683783808603,0.9465600814651245,119.3792722738882,4.325150997038694e-28,True
H2,88,1,"{'name': 'cheb_d7', 'family': 'chebyshev', 'degree': 7, 'spline_smoothing_factor': 1.0}",286,277,1.8197575455703396,12.474992117004385,0.9341602263513022,-0.30777711029448607,117.60616249843383,-0.07638542500126816,0.9365973317159083,116.8506262767504,1.5476157163567624e-27,True
H2,89,1,"{'name': 'cheb_d7', 'family': 'chebyshev', 'degree': 7, 'spline_smoothing_factor': 1.0}",286,277,1.8213540128385288,12.469256665130672,0.9415494052380768,-0.30641274299481736,119.43821043232106,-0.07502105770159945,0.944047940183171,118.69769616356018,6.0985543962526335e-28,True
H2,90,1,"{'name': 'cheb_d7', 'family': 'chebyshev', 'degree': 7, 'spline_smoothing_factor': 1.0}",286,277,1.8212417270826788,12.46737401943097,0.9454038888318124,-0.30502398650657503,120.39202632120032,-0.07363230121335711,0.9479530263189453,119.67273992582477,3.7303621740642576e-28,True
H2,91,1,"{'name': 'cheb_d7', 'family': 'chebyshev', 'degree': 7, 'spline_smoothing_factor': 1.0}",286,277,1.821054207993571,12.467118792845778,0.9468068213127773,-0.3038459148297734,120.73807525273162,-0.0724542295365555,0.9493972509579635,120.03954500163206,3.1006046106592804e-28,True
H2,92,1,"{'name': 'cheb_d7', 'family': 'chebyshev', 'degree': 7, 'spline_smoothing_factor': 1.0}",286,277,1.8213701581980168,12.468108965464262,0.9435323231007794,-0.3042526407828932,119.9341186164412,-0.0728609554896753,0.9461511291674154,119.23271087251214,4.656816629774884e-28,True
H2,93,1,"{'name': 'cheb_d7', 'family': 'chebyshev', 'degree': 7, 'spline_smoothing_factor': 1.0}",286,277,1.8207609325056398,12.46763202552482,0.9480417438751472,-0.30148822536207887,121.0602472655878,-0.07009654006886096,0.9506988271520541,120.40489228698618,2.5790685436881497e-28,True
H2,94,1,"{'name': 'cheb_d7', 'family': 'chebyshev', 'degree': 7, 'spline_smoothing_factor': 1.0}",286,277,1.8213663584292634,12.468144439825105,0.9425874674063252,-0.3034765613121727,119.75061841237903,-0.0720848760189548,0.945267625106281,119.06577788939398,5.065677078071766e-28,True
H2,95,1,"{'name': 'cheb_d7', 'family': 'chebyshev', 'degree': 7, 'spline_smoothing_factor': 1.0}",286,277,1.8213669067745504,12.46828755464991,0.9435576021348056,-0.3021955873334124,120.01985847037486,-0.07080390204019449,0.9462623348954559,119.35798351766516,4.371818991695054e-28,True
H2,96,1,"{'name': 'cheb_d7', 'family': 'chebyshev', 'degree': 7, 'spline_smoothing_factor': 1.0}",286,277,1.8199231673588085,12.469799871714324,0.9491526923028001,-0.29721500618641694,121.40221358466943,-0.06582332089319903,0.9518584180361007,120.82349114382407,2.088448076350301e-28,True
H2,97,1,"{'name': 'cheb_d7', 'family': 'chebyshev', 'degree': 7, 'spline_smoothing_factor': 1.0}",286,277,1.8193554237886156,12.465119459703267,0.935278554276528,-0.3081873396419298,118.15209182928515,-0.07679565434871187,0.9380117958950714,117.38796961460844,1.180322168672979e-27,True
H2,98,1,"{'name': 'cheb_d7', 'family': 'chebyshev', 'degree': 7, 'spline_smoothing_factor': 1.0}",286,277,1.8202205253548358,12.471343018633034,0.9468887049937375,-0.2961903573012019,120.92444591433821,-0.064798672007984,0.9496021031671478,120.36679103979179,2.6290817694189166e-28,True
H2,99,1,"{'name': 'cheb_d7', 'family': 'chebyshev', 'degree': 7, 'spline_smoothing_factor': 1.0}",286,277,1.819733503559928,12.472756398872601,0.9468348490461477,-0.29457006364380106,120.94160007348239,-0.06317837835058314,0.9495325793484523,120.41178394199574,2.5701244337811838e-28,True
H2,100,1,"{'name': 'cheb_d7', 'family': 'chebyshev', 'degree': 7, 'spline_smoothing_factor': 1.0}",286,277,1.8207930030572448,12.472230891770355,0.9437870594714566,-0.29665556006295185,120.26789208890648,-0.06526387476973394,0.9464984728684328,119.70649788266132,3.6674169608943977e-28,True
H2,101,1,"{'name': 'cheb_d7', 'family': 'chebyshev', 'degree': 7, 'spline_smoothing_factor': 1.0}",286,277,1.821416470726763,12.468571037949852,0.9395318114918859,-0.30193836905714533,119.34907754024539,-0.07054668376392742,0.9422655202100828,118.69950899373225,6.092983304023055e-28,True
H2,102,1,"{'name': 'cheb_d7', 'family': 'chebyshev', 'degree': 7, 'spline_smoothing_factor': 1.0}",286,277,1.8209798889858009,12.473447050369892,0.9415233295823626,-0.29680653699111137,119.80880800001387,-0.06541485169789346,0.9442083992759583,119.24807671213557,4.620882822874411e-28,True
H2,103,1,"{'name': 'cheb_d7', 'family': 'chebyshev', 'degree': 7, 'spline_smoothing_factor': 1.0}",286,277,1.8192145750624398,12.460160385455959,0.9360193386321448,-0.30945095961925356,118.70704567427993,-0.07805927432603565,0.9387193014199295,117.91872426890825,9.03202332509444e-28,True
H2,104,1,"{'name': 'cheb_d7', 'family': 'chebyshev', 'degree': 7, 'spline_smoothing_factor': 1.0}",286,277,1.8215255124522323,12.470364671981098,0.9382905002759511,-0.3014460943093308,119.1666735940313,-0.07005440901611287,0.940957923397046,118.52865665116599,6.641066338587318e-28,True
H2,105,1,"{'name': 'cheb_d7', 'family': 'chebyshev', 'degree': 7, 'spline_smoothing_factor': 1.0}",286,277,1.8211066604641173,12.475759729883505,0.9384951700439862,-0.2973703030054874,119.17099123459525,-0.06597861771226948,0.9411064427426193,118.60488856415839,6.390677718134889e-28,True
H2,106,1,"{'name': 'cheb_d7', 'family': 'chebyshev', 'degree': 7, 'spline_smoothing_factor': 1.0}",286,277,1.8187384179299997,12.456884122836437,0.9370129618396649,-0.31112055702815694,119.0808094912669,-0.07972887173493903,0.9396107537669028,118.25753203675981,7.613791676918766e-28,True
H2,107,1,"{'name': 'cheb_d7', 'family': 'chebyshev', 'degree': 7, 'spline_smoothing_factor': 1.0}",286,277,1.8189770691785159,12.457018433910289,0.9375212618925846,-0.31098977597830646,119.21596669482676,-0.07959809068508855,0.9400801405787843,118.39463588425485,7.105288943122752e-28,True
H2,108,1,"{'name': 'cheb_d7', 'family': 'chebyshev', 'degree': 7, 'spline_smoothing_factor': 1.0}",286,277,1.8212149784481821,12.478343047949506,0.935762247596959,-0.298718539122626,118.5334181105444,-0.06732685382940812,0.9382737523820526,117.94771204388383,8.900982142395702e-28,True
H2,109,1,"{'name': 'cheb_d7', 'family': 'chebyshev', 'degree': 7, 'spline_smoothing_factor': 1.0}",286,277,1.821638390267869,12.475433119926967,0.9356008039544471,-0.30178346304002224,118.53646522338386,-0.07039177774680432,0.9380864266566392,117.8965328904834,9.13364338113862e-28,True
H2,110,1,"{'name': 'cheb_d7', 'family': 'chebyshev', 'degree': 7, 'spline_smoothing_factor': 1.0}",286,277,1.8215241372798663,12.478268940665656,0.9346504926442626,-0.3011216871210385,118.25799310095942,-0.06973000182782058,0.9370939962703712,117.63124051168563,1.0440775595830724e-27,True
H2,111,1,"{'name': 'cheb_d7', 'family': 'chebyshev', 'degree': 7, 'spline_smoothing_factor': 1.0}",286,277,1.819445300781017,12.456972094716011,0.9397967549615235,-0.3110513990326824,119.71258033459367,-0.07965971373946451,0.9421892109977914,118.88585455023485,5.546645901672512e-28,True
H2,112,1,"{'name': 'cheb_d7', 'family': 'chebyshev', 'degree': 7, 'spline_smoothing_factor': 1.0}",286,277,1.8215882622219555,12.470510627735413,0.9365985510216348,-0.3064477892515231,118.76504585727582,-0.07505610395830521,0.9389705397009721,118.03574677423876,8.514556897432049e-28,True
H2,113,1,"{'name': 'cheb_d7', 'family': 'chebyshev', 'degree': 7, 'spline_smoothing_factor': 1.0}",286,277,1.8214216959218688,12.482759867466093,0.9324613672440467,-0.3022318775004072,117.58409133930934,-0.07084019220718929,0.9347987219853578,116.93980919139256,1.479566057477791e-27,True
H2,114,1,"{'name': 'cheb_d7', 'family': 'chebyshev', 'degree': 7, 'spline_smoothing_factor': 1.0}",286,277,1.821766513639632,12.473238939008544,0.9361875312004759,-0.30661512708222444,118.53979420281291,-0.07522344178900653,0.9384962863493541,117.8073720632475,9.553591875177006e-28,True
H2,115,1,"{'name': 'cheb_d7', 'family': 'chebyshev', 'degree': 7, 'spline_smoothing_factor': 1.0}",286,277,1.8218865726594666,12.476792159465287,0.935064453768547,-0.30616806480192027,118.17452934261587,-0.07477637950870236,0.937349554467779,117.4521896830745,1.1427165878977213e-27,True
H2,116,1,"{'name': 'cheb_d7', 'family': 'chebyshev', 'degree': 7, 'spline_smoothing_factor': 1.0}",286,277,1.8202739353683925,12.460044859828681,0.9422979386266025,-0.309953312946653,120.00053074669961,-0.0785616276534351,0.9445591877168145,119.19059366280078,4.756749207393619e-28,True
H2,117,1,"{'name': 'cheb_d7', 'family': 'chebyshev', 'degree': 7, 'spline_smoothing_factor': 1.0}",286,277,1.8205223672442095,12.461497267262459,0.9424387614585535,-0.30955540847242063,119.94639651112868,-0.07816372317920273,0.9446930042282462,119.14397932320685,4.869854676175946e-28,True
H2,118,1,"{'name': 'cheb_d7', 'family': 'chebyshev', 'degree': 7, 'spline_smoothing_factor': 1.0}",286,277,1.8219628159294952,12.48181707044969,0.9336984896356916,-0.3068809249410231,117.60118717327668,-0.07548923964780518,0.9359468432714537,116.86607614227876,1.5356066996779288e-27,True
H2,119,1,"{'name': 'cheb_d7', 'family': 'chebyshev', 'degree': 7, 'spline_smoothing_factor': 1.0}",286,277,1.8174439893740424,12.445047593944684,0.9508618250698195,-0.30967720996040277,121.93226764785084,-0.07828552466718486,0.9531365426805835,121.11204620051092,1.8057390798630725e-28,True
H2,120,1,"{'name': 'cheb_d7', 'family': 'chebyshev', 'degree': 7, 'spline_smoothing_factor': 1.0}",286,277,1.8211948572339012,12.466474281919478,0.9422155579044096,-0.30846266104491177,119.62210391745089,-0.07707097575169385,0.944490725398425,118.8410838353276,5.673260778195238e-28,True
H2,121,1,"{'name': 'cheb_d7', 'family': 'chebyshev', 'degree': 7, 'spline_smoothing_factor': 1.0}",286,277,1.8219091930369637,12.48728688697528,0.9318124015256718,-0.30797859122602844,116.91244513341019,-0.07658690593281053,0.9340845124181258,116.15776511561103,2.194755497789344e-27,True
H2,122,1,"{'name': 'cheb_d7', 'family': 'chebyshev', 'degree': 7, 'spline_smoothing_factor': 1.0}",286,277,1.820648131121812,12.46201923752869,0.9455068553371382,-0.3075591259708979,120.2967743015605,-0.07616744067768001,0.947840775325691,119.52788961622684,4.0129487250095604e-28,True
H2,123,1,"{'name': 'cheb_d7', 'family': 'chebyshev', 'degree': 7, 'spline_smoothing_factor': 1.0}",286,277,1.8191299230573887,12.452244268697081,0.9506560592049803,-0.3061183920752125,121.5213286171388,-0.07472670678199461,0.9530413213971722,120.7728393691516,2.1424573169505e-28,True
H2,150,1,"{'name': 'cheb_d7', 'family': 'chebyshev', 'degree': 7, 'spline_smoothing_factor': 1.0}",286,277,1.8211871434356437,12.466182161149469,0.9371379500142378,-0.3067920337387176,119.01516197285946,-0.0754003484454997,0.939616659797323,118.27924929268875,7.530883355678565e-28,True
H2,151,1,"{'name': 'cheb_d7', 'family': 'chebyshev', 'degree': 7, 'spline_smoothing_factor': 1.0}",286,277,1.8130699741151004,12.426950239820549,0.9392493498873414,-0.2827753126686728,119.07861748449238,-0.05138362737545488,0.9414952886834953,118.73484496974686,5.985401532583001e-28,True
H2,152,1,"{'name': 'cheb_d7', 'family': 'chebyshev', 'degree': 7, 'spline_smoothing_factor': 1.0}",286,277,1.8217461340850085,12.473595384329666,0.937655468322646,-0.3126550246478266,119.1910708489761,-0.08126333935460867,0.9400209418306938,118.33493961857744,7.322381675150903e-28,True
H2,153,1,"{'name': 'cheb_d7', 'family': 'chebyshev', 'degree': 7, 'spline_smoothing_factor': 1.0}",286,277,1.817129211714055,12.443385786801155,0.9373587047631334,-0.2933070536317435,118.71290201526597,-0.061915368338525574,0.9396966874776146,118.2155312323523,7.776733784923612e-28,True
H2,154,1,"{'name': 'cheb_d7', 'family': 'chebyshev', 'degree': 7, 'spline_smoothing_factor': 1.0}",286,277,1.8166891616380345,12.442247373007879,0.9368628374061668,-0.2928611957522302,118.5281234210587,-0.061469510459012285,0.9391739594012238,118.03814203222623,8.504280838011553e-28,True
H2,155,1,"{'name': 'cheb_d7', 'family': 'chebyshev', 'degree': 7, 'spline_smoothing_factor': 1.0}",286,277,1.8201518836938049,12.458581093669153,0.9378887746329236,-0.30331250696417067,118.92163736213365,-0.07192082167095276,0.9402231152180981,118.24933772713837,7.645311135504766e-28,True
H2,156,1,"{'name': 'cheb_d7', 'family': 'chebyshev', 'degree': 7, 'spline_smoothing_factor': 1.0}",286,277,1.8158092307184213,12.440687401987258,0.9357075466523906,-0.29229269639678807,118.10952974442114,-0.06090101110357016,0.9379831245214915,117.62919172519833,1.045156606828556e-27,True
H2,157,1,"{'name': 'cheb_d7', 'family': 'chebyshev', 'degree': 7, 'spline_smoothing_factor': 1.0}",286,277,1.8195808214010651,12.45598597505296,0.9376560294336103,-0.3017798188529154,118.71205641319204,-0.07038813355969747,0.9399714633006028,118.06761761140945,8.378836523423247e-28,True
H2,158,1,"{'name': 'cheb_d7', 'family': 'chebyshev', 'degree': 7, 'spline_smoothing_factor': 1.0}",286,277,1.8185138537874939,12.451824244055501,0.9367122456651048,-0.29919758193890694,118.36467559082541,-0.06780589664568903,0.9390228039660885,117.76743414466773,9.747910223760585e-28,True
H2,159,1,"{'name': 'cheb_d7', 'family': 'chebyshev', 'degree': 7, 'spline_smoothing_factor': 1.0}",286,277,1.8215309444596912,12.475829431637033,0.9438057065805529,-0.3141018487120368,120.38147069211573,-0.08271016341881887,0.9460703500747564,119.47947112917484,4.1121042580259995e-28,True
H2,160,1,"{'name': 'cheb_d7', 'family': 'chebyshev', 'degree': 7, 'spline_smoothing_factor': 1.0}",286,277,1.8147016499487514,12.44216038356535,0.9332489347460199,-0.2934924034002055,117.27390344375851,-0.062100718106987585,0.9355399755436123,116.77596738985108,1.6069842031175284e-27,True
H2,161,1,"{'name': 'cheb_d7', 'family': 'chebyshev', 'degree': 7, 'spline_smoothing_factor': 1.0}",286,277,1.8207893127423747,12.463372912035984,0.9400576014094619,-0.3056042758636686,119.16405754502125,-0.07421259057045071,0.9424117471317155,118.44258734056655,6.9355788467619925e-28,True
H2,162,1,"{'name': 'cheb_d7', 'family': 'chebyshev', 'degree': 7, 'spline_smoothing_factor': 1.0}",286,277,1.8214732594086331,12.46990121721188,0.9434361632996294,-0.3089694612696067,120.04261148930993,-0.07757777597638882,0.9458088382850484,119.24835438188484,4.620236035252685e-28,True
H2,163,1,"{'name': 'cheb_d7', 'family': 'chebyshev', 'degree': 7, 'spline_smoothing_factor': 1.0}",286,277,1.8189611454238728,12.456869598863914,0.9366241901802982,-0.30141069666116266,118.14076077647223,-0.07001901136794475,0.9390266373466104,117.50259228201105,1.1140433842545078e-27,True
H2,164,1,"{'name': 'cheb_d7', 'family': 'chebyshev', 'degree': 7, 'spline_smoothing_factor': 1.0}",286,277,1.82134299864671,12.467713372986173,0.9427861750085816,-0.3066766176682469,119.7749027910204,-0.07528493237502898,0.9452331962670746,119.02738931587123,5.16466750164107e-28,True
H2,165,1,"{'name': 'cheb_d7', 'family': 'chebyshev', 'degree': 7, 'spline_smoothing_factor': 1.0}",286,277,1.8145710174455456,12.450460296197575,0.9308530778036038,-0.29813296987395504,116.58897273464208,-0.06674128458073714,0.9332933049289283,116.01593860517107,2.357459771170413e-27,True
H2,166,1,"{'name': 'cheb_d7', 'family': 'chebyshev', 'degree': 7, 'spline_smoothing_factor': 1.0}",286,277,1.8213759902215387,12.470100950537953,0.9452512054588663,-0.30652720861146565,120.38061118628025,-0.07513552331824774,0.9477808501408151,119.63196050065835,3.8078423291280766e-28,True
H2,167,1,"{'name': 'cheb_d7', 'family': 'chebyshev', 'degree': 7, 'spline_smoothing_factor': 1.0}",286,277,1.8210808974047707,12.466035306290093,0.9409551347159693,-0.3044712589217494,119.25596692578699,-0.07307957362853151,0.943513291403165,118.55408248490562,6.556481614518903e-28,True
H2,168,1,"{'name': 'cheb_d7', 'family': 'chebyshev', 'degree': 7, 'spline_smoothing_factor': 1.0}",286,277,1.8204620903622304,12.464561785031332,0.9384071905716067,-0.30379294913664984,118.6149342722058,-0.07240126384343193,0.9409948742045409,117.92978833763846,8.981781312519995e-28,True
H2,169,1,"{'name': 'cheb_d7', 'family': 'chebyshev', 'degree': 7, 'spline_smoothing_factor': 1.0}",286,277,1.821314416634573,12.469019536265167,0.9446469245526455,-0.30411952856737373,120.23134822548616,-0.07272784327415582,0.9472880876178182,119.5309227682211,4.0068173745848347e-28,True
H2,170,1,"{'name': 'cheb_d7', 'family': 'chebyshev', 'degree': 7, 'spline_smoothing_factor': 1.0}",286,277,1.8205375336543645,12.469962168965349,0.9477560615412818,-0.30298092374129926,121.03833887736744,-0.07158923844808135,0.9504357640970607,120.35534181844594,2.644299157563017e-28,True
H2,171,1,"{'name': 'cheb_d7', 'family': 'chebyshev', 'degree': 7, 'spline_smoothing_factor': 1.0}",286,277,1.820851986976803,12.468915828214366,0.9460177174331861,-0.30229169675395573,120.62597280493264,-0.07090001146073782,0.9487185370126445,119.95872246034696,3.229540185206244e-28,True
H2,172,1,"{'name': 'cheb_d7', 'family': 'chebyshev', 'degree': 7, 'spline_smoothing_factor': 1.0}",286,277,1.8212768694959922,12.468205371565114,0.9431911784108926,-0.3024186072398322,119.96033135740527,-0.07102692194661431,0.945908602519476,119.29495645399413,4.512956775532486e-28,True
H2,173,1,"{'name': 'cheb_d7', 'family': 'chebyshev', 'degree': 7, 'spline_smoothing_factor': 1.0}",286,277,1.820632425162375,12.467673010135053,0.9451523379918088,-0.3006424730505151,120.48141146329056,-0.0692507877572972,0.9478840798577302,119.84649900747843,3.417509175565219e-28,True
H2,174,1,"{'name': 'cheb_d7', 'family': 'chebyshev', 'degree': 7, 'spline_smoothing_factor': 1.0}",286,277,1.8206103278255794,12.467052972994194,0.9443310837217869,-0.30009433458045665,120.32196657923703,-0.06870264928723874,0.947069445450084,119.69844062913933,3.682343355168697e-28,True
H2,175,1,"{'name': 'cheb_d7', 'family': 'chebyshev', 'degree': 7, 'spline_smoothing_factor': 1.0}",286,277,1.8201303170958303,12.471829724922252,0.9346409246307674,-0.30766210206173056,118.0756041147207,-0.07627041676851265,0.9373868464998658,117.32349848969966,1.2193198180073204e-27,True
H2,176,1,"{'name': 'cheb_d7', 'family': 'chebyshev', 'degree': 7, 'spline_smoothing_factor': 1.0}",286,277,1.8203780102640676,12.46561916127477,0.9429866313478165,-0.29896051644427707,120.08219759918586,-0.06756883115105916,0.9457195182333925,119.48139049963174,4.1081273586374005e-28,True
H2,177,1,"{'name': 'cheb_d7', 'family': 'chebyshev', 'degree': 7, 'spline_smoothing_factor': 1.0}",286,277,1.821153279799451,12.472151564453949,0.9362578451277709,-0.3069268300845902,118.59134746589962,-0.0755351447913723,0.9390027217959123,117.85186052947915,9.341690732618064e-28,True
H2,178,1,"{'name': 'cheb_d7', 'family': 'chebyshev', 'degree': 7, 'spline_smoothing_factor': 1.0}",286,277,1.8213678037906698,12.468077334282077,0.9388780163889536,-0.3026584132126,119.22785844766543,-0.0712667279193821,0.9416061737237869,118.56608659312724,6.516922538385391e-28,True
H2,179,1,"{'name': 'cheb_d7', 'family': 'chebyshev', 'degree': 7, 'spline_smoothing_factor': 1.0}",286,277,1.8183551183801958,12.460265482176867,0.9421770922163221,-0.2946764928208535,119.96117689142432,-0.06328480752763561,0.9448307072725622,119.43572275239649,4.203801515259854e-28,True
H2,180,1,"{'name': 'cheb_d7', 'family': 'chebyshev', 'degree': 7, 'spline_smoothing_factor': 1.0}",286,277,1.8209225482332196,12.465608068058579,0.9387149758621938,-0.30101152618022436,119.2490392951861,-0.06961984088700644,0.9413931230973378,118.61822450867749,6.347855523700909e-28,True
H2,181,1,"{'name': 'cheb_d7', 'family': 'chebyshev', 'degree': 7, 'spline_smoothing_factor': 1.0}",286,277,1.819025109930908,12.45975649148636,0.9394686499061459,-0.2961392553476924,119.38152950320205,-0.0647475700544745,0.9420841613685289,118.83511832839133,5.690348492223061e-28,True
H2,182,1,"{'name': 'cheb_d7', 'family': 'chebyshev', 'degree': 7, 'spline_smoothing_factor': 1.0}",286,277,1.8213466519668495,12.47792542395347,0.9361066599917458,-0.31169531307067955,118.85429470599593,-0.08030362777746164,0.9387165239508884,118.02065770235163,8.579577692967942e-28,True
H2,183,1,"{'name': 'cheb_d7', 'family': 'chebyshev', 'degree': 7, 'spline_smoothing_factor': 1.0}",286,277,1.8203896903939647,12.462697711538505,0.9373237259411097,-0.3004652246468391,118.96111251655816,-0.0690735393536212,0.9399014744468225,118.34251306298086,7.294476650680537e-28,True
H2,184,1,"{'name': 'cheb_d7', 'family': 'chebyshev', 'degree': 7, 'spline_smoothing_factor': 1.0}",286,277,1.8216252559404387,12.477925072950176,0.9369353041559674,-0.3120113372609067,119.08627231322396,-0.08061965196768878,0.9394629149036702,118.24487443709893,7.66253407099117e-28,True
H2,185,1,"{'name': 'cheb_d7', 'family': 'chebyshev', 'degree': 7, 'spline_smoothing_factor': 1.0}",286,277,1.8214328393401926,12.468668429575326,0.9368378964788019,-0.3061653223798793,118.9405755916788,-0.0747736370866614,0.9393463430687051,118.21674160422344,7.771989697766603e-28,True
H2,186,1,"{'name': 'cheb_d7', 'family': 'chebyshev', 'degree': 7, 'spline_smoothing_factor': 1.0}",286,277,1.8164925204310824,12.450219045607561,0.9349273578030828,-0.29360890187691546,118.20161409268121,-0.06221721658369756,0.9373422457277443,117.70220315796848,1.0073829543246238e-27,True
H2,187,1,"{'name': 'cheb_d7', 'family': 'chebyshev', 'degree': 7, 'spline_smoothing_factor': 1.0}",286,277,1.8207098854009316,12.463397937120929,0.9363030459734324,-0.30389050121415656,118.70895174743441,-0.07249881592093865,0.9387326792355764,118.02907274271172,8.543255170930149e-28,True
H2,188,1,"{'name': 'cheb_d7', 'family': 'chebyshev', 'degree': 7, 'spline_smoothing_factor': 1.0}",286,277,1.818200863503647,12.453046843167995,0.9343411739292822,-0.2980205465912215,118.06127977133644,-0.0666288612980036,0.936718848066763,117.48916509347566,1.1216108208330438e-27,True
H2,189,1,"{'name': 'cheb_d7', 'family': 'chebyshev', 'degree': 7, 'spline_smoothing_factor': 1.0}",286,277,1.8215724159604223,12.470217860086237,0.9380043007950671,-0.308868307776187,119.1356736429301,-0.0774766224829691,0.940348928143934,118.35620732753375,7.244288677807677e-28,True
H2,190,1,"{'name': 'cheb_d7', 'family': 'chebyshev', 'degree': 7, 'spline_smoothing_factor': 1.0}",286,277,1.821799612516149,12.47354519337541,0.9392678031713579,-0.3108253228841837,119.4297643690918,-0.07943363759096578,0.9415692508959139,118.60800477828514,6.380645646939415e-28,True
H2,191,1,"{'name': 'cheb_d7', 'family': 'chebyshev', 'degree': 7, 'spline_smoothing_factor': 1.0}",286,277,1.8204471862719833,12.461319109080447,0.936520774409125,-0.30506430783175686,118.55628439590532,-0.07367262253853896,0.9388231971267533,117.85303000988449,9.336184299135185e-28,True
H2,192,1,"{'name': 'cheb_d7', 'family': 'chebyshev', 'degree': 7, 'spline_smoothing_factor': 1.0}",286,277,1.8146154312407234,12.441052515051325,0.9299908863926158,-0.2952014852904753,116.658077334891,-0.06380979999725739,0.9322478240378758,116.1373685319927,2.2174442534456116e-27,True
H2,193,1,"{'name': 'cheb_d7', 'family': 'chebyshev', 'degree': 7, 'spline_smoothing_factor': 1.0}",286,277,1.8195126482486343,12.45607279003414,0.9355007688932155,-0.3035476591708396,118.11472705164454,-0.07215597387762168,0.9377731364134642,117.440901927592,1.149238497042794e-27,True
H2,194,1,"{'name': 'cheb_d7', 'family': 'chebyshev', 'degree': 7, 'spline_smoothing_factor': 1.0}",286,277,1.8216831939717706,12.495038117724365,0.9486582406929706,-0.31847234158753607,121.65544050982442,-0.08708065629431816,0.9508141235496913,120.64651817148331,2.283316431185657e-28,True
H2,195,1,"{'name': 'cheb_d7', 'family': 'chebyshev', 'degree': 7, 'spline_smoothing_factor': 1.0}",286,277,1.8129239604017027,12.435192951206677,0.9273272225099278,-0.29577208907804786,115.76040033323045,-0.06438040378482995,0.9295651390401019,115.23257136333211,3.4994284258553216e-27,True
H2,196,1,"{'name': 'cheb_d7', 'family': 'chebyshev', 'degree': 7, 'spline_smoothing_factor': 1.0}",286,277,1.8207490288922563,12.462813685944843,0.9393047371640498,-0.3068621150448303,118.89008243174112,-0.07547042975161239,0.9415765149485559,118.14589042252692,8.0546267867373e-28,True
H2,197,1,"{'name': 'cheb_d7', 'family': 'chebyshev', 'degree': 7, 'spline_smoothing_factor': 1.0}",286,277,1.8205965838916518,12.46166429756578,0.9393550335932608,-0.3064630334351413,118.81790132160393,-0.0750713481419234,0.9416445421656164,118.08110447937634,8.322056903266874e-28,True
H2,198,1,"{'name': 'cheb_d7', 'family': 'chebyshev', 'degree': 7, 'spline_smoothing_factor': 1.0}",286,277,1.821263985772108,12.46701854767698,0.9420161669365527,-0.30777463879686723,119.4441612732453,-0.07638295350364932,0.9443278702946423,118.67676990502878,6.163233870238303e-28,True
H2,199,1,"{'name': 'cheb_d7', 'family': 'chebyshev', 'degree': 7, 'spline_smoothing_factor': 1.0}",286,277,1.8161056688235082,12.441508350556463,0.9310021905238299,-0.30123373204414,116.48534039074502,-0.0698420467509221,0.9333309148800686,115.8582137962793,2.5526091572017553e-27,True
H2,200,1,"{'name': 'cheb_d7', 'family': 'chebyshev', 'degree': 7, 'spline_smoothing_factor': 1.0}",286,277,1.818614343803216,12.450517547853046,0.9356083430751453,-0.3036597974618809,117.63014892572869,-0.07226811216866297,0.9379808500414415,116.95188563967247,1.4705843386071476e-27,True
H2,201,1,"{'name': 'cheb_d7', 'family': 'chebyshev', 'degree': 7, 'spline_smoothing_factor': 1.0}",286,277,1.8107555429584548,12.427806842180669,0.9236825347806426,-0.2995535654057107,114.53257707065347,-0.0681618801124928,0.9260565203617972,113.9442161790555,6.701322323066529e-27,True
H2,202,1,"{'name': 'cheb_d7', 'family': 'chebyshev', 'degree': 7, 'spline_smoothing_factor': 1.0}",286,277,1.817054001772508,12.444056836754134,0.9328100395949624,-0.3028952035841517,116.83574856395308,-0.07150351829093377,0.9352544404169619,116.17540716917938,2.1753181791472885e-27,True
H2,203,1,"{'name': 'cheb_d7', 'family': 'chebyshev', 'degree': 7, 'spline_smoothing_factor': 1.0}",286,277,1.8172351801475801,12.44460605640049,0.9331839486364294,-0.30322385995426504,116.91465702475796,-0.07183217466104712,0.9356735682281209,116.24764343041124,2.0975104642283004e-27,True
H2,204,1,"{'name': 'cheb_d7', 'family': 'chebyshev', 'degree': 7, 'spline_smoothing_factor': 1.0}",286,277,1.8185139465382372,12.449667953420951,0.9357840577468635,-0.3038186907631331,117.57025636405649,-0.0724270054699152,0.9383272591894569,116.88838231349143,1.5184325762078294e-27,True
H2,205,1,"{'name': 'cheb_d7', 'family': 'chebyshev', 'degree': 7, 'spline_smoothing_factor': 1.0}",286,277,1.8208164317913058,12.462929646107122,0.9420526632681615,-0.30439890071808984,119.16705354923249,-0.07300721542487193,0.9446607582232125,118.46497849016191,6.857726418900621e-28,True
H2,206,1,"{'name': 'cheb_d7', 'family': 'chebyshev', 'degree': 7, 'spline_smoothing_factor': 1.0}",286,277,1.8185099523965815,12.449615530645668,0.9356501509888229,-0.3039891091730396,117.56280798787884,-0.07259742387982171,0.9382859887001739,116.87810512416695,1.5263212663627914e-27,True
H2,207,1,"{'name': 'cheb_d7', 'family': 'chebyshev', 'degree': 7, 'spline_smoothing_factor': 1.0}",286,277,1.813631669154887,12.434034093777365,0.9271630887717227,-0.30493014397711266,115.48764413646018,-0.07353845868389475,0.9298210731306851,114.79797823736885,4.3568703424716995e-27,True
H2,208,1,"{'name': 'cheb_d7', 'family': 'chebyshev', 'degree': 7, 'spline_smoothing_factor': 1.0}",286,277,1.821639755025461,12.471530203847566,0.9452605018129967,-0.3030334420488073,120.04512128904582,-0.07164175675558937,0.9480059221631418,119.3649438385188,4.35650582636286e-28,True
H2,209,1,"{'name': 'cheb_d7', 'family': 'chebyshev', 'degree': 7, 'spline_smoothing_factor': 1.0}",286,277,1.818054058940807,12.447932474111914,0.93417853643968,-0.30480166289731914,117.33427457765652,-0.07340997760410123,0.9369354828945059,116.63710650116559,1.723530549267236e-27,True
H2,210,1,"{'name': 'cheb_d7', 'family': 'chebyshev', 'degree': 7, 'spline_smoothing_factor': 1.0}",286,277,1.8185986941553745,12.450307361503386,0.9350255091598773,-0.30486408288444766,117.61051220492402,-0.07347239759122975,0.9378177151267837,116.91122994709474,1.5010407000706152e-27,True
H2,211,1,"{'name': 'cheb_d7', 'family': 'chebyshev', 'degree': 7, 'spline_smoothing_factor': 1.0}",286,277,1.8134235779694654,12.435036299770656,0.9268923199932125,-0.3086023504583528,115.71559781554117,-0.07721066516513492,0.9296948142134785,114.95726821688993,4.0205844261267055e-27,True
H2,212,1,"{'name': 'cheb_d7', 'family': 'chebyshev', 'degree': 7, 'spline_smoothing_factor': 1.0}",286,277,1.8203020012463418,12.459180940899788,0.9382416855414342,-0.30391462469933656,118.54870978576287,-0.07252293940611865,0.9410861897083532,117.86341062608892,9.287449812509588e-28,True
H2,213,1,"{'name': 'cheb_d7', 'family': 'chebyshev', 'degree': 7, 'spline_smoothing_factor': 1.0}",286,277,1.8199866001553118,12.457385176523701,0.9370174807971214,-0.3046460994161774,118.33469082385011,-0.07325441412295947,0.9398750137767374,117.63775712906465,1.0406528143090734e-27,True
H2,214,1,"{'name': 'cheb_d7', 'family': 'chebyshev', 'degree': 7, 'spline_smoothing_factor': 1.0}",286,277,1.818177481291738,12.44965745515876,0.9333205616517393,-0.30745933793710917,117.54110296601175,-0.07606765264389126,0.936182207661913,116.7960787177343,1.5907711593316043e-27,True
H2,215,1,"{'name': 'cheb_d7', 'family': 'chebyshev', 'degree': 7, 'spline_smoothing_factor': 1.0}",286,277,1.8177535060004344,12.448653041265874,0.9326027964750354,-0.30876374692234304,117.46850131749648,-0.07737206162912512,0.9354626401046334,116.69939506135802,1.6702411147097907e-27,True
H2,216,1,"{'name': 'cheb_d7', 'family': 'chebyshev', 'degree': 7, 'spline_smoothing_factor': 1.0}",286,277,1.8208004354789542,12.462712399575821,0.9376699848240831,-0.304464212072997,118.7426872712839,-0.0730725267797791,0.9405245938979955,118.04945022702134,8.455934040144615e-28,True
H2,217,1,"{'name': 'cheb_d7', 'family': 'chebyshev', 'degree': 7, 'spline_smoothing_factor': 1.0}",286,277,1.8189721887542365,12.500086573564507,0.9478895896512666,-0.29270657016549667,121.18461495910049,-0.06131488487227876,0.950640185585267,120.68582056749483,2.238525748189425e-28,True
H2,218,1,"{'name': 'cheb_d7', 'family': 'chebyshev', 'degree': 7, 'spline_smoothing_factor': 1.0}",286,277,1.8179277235773585,12.450928249552264,0.9330594688837353,-0.3113584305184683,117.8623371643099,-0.07996674522525038,0.9358689523482525,117.04137220965822,1.405707012912661e-27,True
H2,219,1,"{'name': 'cheb_d7', 'family': 'chebyshev', 'degree': 7, 'spline_smoothing_factor': 1.0}",286,277,1.8191221676228828,12.455235987884357,0.9344312173250338,-0.3103323092545495,118.25208028801183,-0.07894062396133161,0.9372163629101462,117.44997950183722,1.1439906790463293e-27,True
H2,220,1,"{'name': 'cheb_d7', 'family': 'chebyshev', 'degree': 7, 'spline_smoothing_factor': 1.0}",286,277,1.8215150081258913,12.471814654461618,0.938316349536677,-0.30247325818943654,119.1368031252523,-0.07108157289621864,0.9410649274749092,118.48100313390194,6.80254703126026e-28,True
H2,221,1,"{'name': 'cheb_d7', 'family': 'chebyshev', 'degree': 7, 'spline_smoothing_factor': 1.0}",286,277,1.8206116728807635,12.481839594694483,0.939409270992909,-0.29758052263216034,119.36483540902725,-0.06618883733894243,0.9420899623350911,118.79489912142049,5.806904331347756e-28,True
H2,222,1,"{'name': 'cheb_d7', 'family': 'chebyshev', 'degree': 7, 'spline_smoothing_factor': 1.0}",286,277,1.8190867328822098,12.457061942928227,0.9354605529615658,-0.3132793958424431,118.70381465858907,-0.08188771054922517,0.9381146675747302,117.83958540340359,9.39968381763964e-28,True
H2,223,1,"{'name': 'cheb_d7', 'family': 'chebyshev', 'degree': 7, 'spline_smoothing_factor': 1.0}",286,277,1.811137001988624,12.447018127058017,0.9350274849700869,-0.32516932583198094,118.84775482673126,-0.09377764053876303,0.9374878117766253,117.7162504329998,1.0002735375087958e-27,True
H2,224,1,"{'name': 'cheb_d7', 'family': 'chebyshev', 'degree': 7, 'spline_smoothing_factor': 1.0}",286,277,1.8214068207604734,12.469382862034623,0.9367153874544778,-0.3056506510993262,118.90795035391977,-0.0742589658061083,0.9393027346545302,118.19508190347574,7.857324754361386e-28,True
H2,225,1,"{'name': 'cheb_d7', 'family': 'chebyshev', 'degree': 7, 'spline_smoothing_factor': 1.0}",286,277,1.820025026869818,12.47682760361205,0.9357003579975639,-0.2995121266597548,118.53380364789166,-0.06812044136653689,0.9382262015095396,117.93497178098471,8.95833950640908e-28,True
H2,226,1,"{'name': 'cheb_d7', 'family': 'chebyshev', 'degree': 7, 'spline_smoothing_factor': 1.0}",286,277,1.8153558026793437,12.456946524638376,0.9401407553678675,-0.32252166851807995,120.08993301222654,-0.09112998322486204,0.9424940561506384,119.00912792234419,5.212433872046216e-28,True
H2,227,1,"{'name': 'cheb_d7', 'family': 'chebyshev', 'degree': 7, 'spline_smoothing_factor': 1.0}",286,277,1.821147092449747,12.466177826578702,0.9380908197496708,-0.31104817732600815,119.32344186515184,-0.07965649203279024,0.940528550790966,118.50046873907945,6.736115977949302e-28,True
H2,228,1,"{'name': 'cheb_d7', 'family': 'chebyshev', 'degree': 7, 'spline_smoothing_factor': 1.0}",286,277,1.8206065493684034,12.470864793272256,0.935189177277908,-0.30393621679037813,118.42069617292509,-0.07254453149716023,0.9376070413486673,117.74183143392963,9.87455474758463e-28,True
H2,229,1,"{'name': 'cheb_d7', 'family': 'chebyshev', 'degree': 7, 'spline_smoothing_factor': 1.0}",286,277,1.81673133987653,12.472700674544544,0.9309956064767176,-0.2977952784082596,117.20823641332436,-0.06640359311504168,0.9333590564629475,116.64411664851502,1.7174492613903616e-27,True
H2,230,1,"{'name': 'cheb_d7', 'family': 'chebyshev', 'degree': 7, 'spline_smoothing_factor': 1.0}",286,277,1.8173709206394313,12.469946407916575,0.931089582106772,-0.29959278287487134,117.21635799351634,-0.06820109758165344,0.9334338779516003,116.62091167166648,1.737662002527294e-27,True
H2,231,1,"{'name': 'cheb_d7', 'family': 'chebyshev', 'degree': 7, 'spline_smoothing_factor': 1.0}",286,277,1.8201189471153103,12.467909007848998,0.9346759888346606,-0.3048340162729169,118.16201154458338,-0.07344233097969899,0.9370073244441827,117.46598998751153,1.1347932347031493e-27,True
H2,232,1,"{'name': 'cheb_d7', 'family': 'chebyshev', 'degree': 7, 'spline_smoothing_factor': 1.0}",286,277,1.821153443995038,12.467757442457415,0.9379159978188439,-0.30825601306759404,118.98615599844152,-0.07686432777437613,0.9402236735009649,118.2181549973435,7.766453526321106e-28,True
H2,233,1,"{'name': 'cheb_d7', 'family': 'chebyshev', 'degree': 7, 'spline_smoothing_factor': 1.0}",286,277,1.8214849363943193,12.469100610554191,0.9417786359172994,-0.31118113197020075,119.96029246554644,-0.07978944667698284,0.9440632446539716,119.12552784330182,4.915365066849005e-28,True
H2,234,1,"{'name': 'cheb_d7', 'family': 'chebyshev', 'degree': 7, 'spline_smoothing_factor': 1.0}",286,277,1.8138325053487088,12.458317368853,0.9264460288231959,-0.29983027495865167,115.82245792792924,-0.06843858966543376,0.9287316486539132,115.22745523404365,3.5084682385697166e-27,True
H2,235,1,"{'name': 'cheb_d7', 'family': 'chebyshev', 'degree': 7, 'spline_smoothing_factor': 1.0}",286,277,1.816818927942236,12.458971505067753,0.9301210270430406,-0.3028981032586948,116.73848458251484,-0.07150641796547691,0.9324201119038454,116.08349540961501,2.2785061103970606e-27,True
H2,236,1,"{'name': 'cheb_d7', 'family': 'chebyshev', 'degree': 7, 'spline_smoothing_factor': 1.0}",286,277,1.817828053824514,12.45876569018289,0.9319193560647073,-0.30423895010043855,117.15786300294383,-0.07284726480722065,0.9342308411689214,116.47511898904213,1.870212454664722e-27,True
H2,237,1,"{'name': 'cheb_d7', 'family': 'chebyshev', 'degree': 7, 'spline_smoothing_factor': 1.0}",286,277,1.8138248057169521,12.450282184312927,0.9264301960861572,-0.3021905508558683,115.69373571900678,-0.07079886556265041,0.928746735860397,115.05603955567426,3.825232879069199e-27,True
H2,238,1,"{'name': 'cheb_d7', 'family': 'chebyshev', 'degree': 7, 'spline_smoothing_factor': 1.0}",286,277,1.8179830217165684,12.456281324770014,0.9328355313318984,-0.30495526096592435,117.30403597827183,-0.07356357567270644,0.9351864955581652,116.60579134838736,1.7509604371291925e-27,True
H2,239,1,"{'name': 'cheb_d7', 'family': 'chebyshev', 'degree': 7, 'spline_smoothing_factor': 1.0}",286,277,1.821419631348295,12.468458149034264,0.9428658709023142,-0.3077250617467064,119.85403794827334,-0.07633337645348848,0.9452603877846341,119.08578417754461,5.014842479740377e-28,True
H2,240,1,"{'name': 'cheb_d7', 'family': 'chebyshev', 'degree': 7, 'spline_smoothing_factor': 1.0}",286,277,1.8218580938029552,12.474231789653048,0.9472170546798937,-0.3079853921802801,120.93846898249205,-0.07659370688706217,0.9496546602893178,120.15758579480985,2.921488250132732e-28,True
H2,241,1,"{'name': 'cheb_d7', 'family': 'chebyshev', 'degree': 7, 'spline_smoothing_factor': 1.0}",286,277,1.819344599975352,12.457637445215413,0.9366515717593965,-0.3056808809941519,118.19325335872202,-0.07428919570093401,0.9391049875603841,117.47471040444645,1.1298148196706637e-27,True
H2,242,1,"{'name': 'cheb_d7', 'family': 'chebyshev', 'degree': 7, 'spline_smoothing_factor': 1.0}",286,277,1.812867059149458,12.436851810890204,0.9262374572987709,-0.3046092846890687,115.55121782809476,-0.07321759939585082,0.9287014147857738,114.86856623646429,4.204510058215445e-27,True
H2,243,1,"{'name': 'cheb_d7', 'family': 'chebyshev', 'degree': 7, 'spline_smoothing_factor': 1.0}",286,277,1.8147679485179733,12.440175596446098,0.929047056052863,-0.3051175935078865,116.26459189485422,-0.07372590821466857,0.9315560093577322,115.5682159532945,2.954552696815056e-27,True
H2,244,1,"{'name': 'cheb_d7', 'family': 'chebyshev', 'degree': 7, 'spline_smoothing_factor': 1.0}",286,277,1.8184423752479497,12.451837652930235,0.9353113853819864,-0.305185212912092,117.85145151200322,-0.07379352761887409,0.9378752595313824,117.14439971439435,1.3345496697400726e-27,True
H2,245,1,"{'name': 'cheb_d7', 'family': 'chebyshev', 'degree': 7, 'spline_smoothing_factor': 1.0}",286,277,1.820910914766334,12.464515614510105,0.9413711046004106,-0.30451463548232993,119.39326072676988,-0.07312295018911202,0.9439880006290104,118.6900547470741,6.122093638686569e-28,True
H2,246,1,"{'name': 'cheb_d7', 'family': 'chebyshev', 'degree': 7, 'spline_smoothing_factor': 1.0}",286,277,1.8198645367659894,12.457731039453712,0.9384199303330901,-0.30456365257119383,118.67905262966599,-0.07317196727797592,0.9410630457989408,117.97947383200074,8.759582952476952e-28,True
H2,247,1,"{'name': 'cheb_d7', 'family': 'chebyshev', 'degree': 7, 'spline_smoothing_factor': 1.0}",286,277,1.8110932006023446,12.421914064434993,0.9254926075323826,-0.3070285303295399,115.51869973117675,-0.07563684503632201,0.928132322126362,114.7919593932379,4.3701144028801004e-27,True
H2,248,1,"{'name': 'cheb_d7', 'family': 'chebyshev', 'degree': 7, 'spline_smoothing_factor': 1.0}",286,277,1.82242387362887,12.486537300770804,0.9491545890856188,-0.3009567205070622,121.42850184937197,-0.06956503521384427,0.9518712295653354,120.7819733034064,2.132615734608531e-28,True
H2,249,1,"{'name': 'cheb_d7', 'family': 'chebyshev', 'degree': 7, 'spline_smoothing_factor': 1.0}",286,277,1.8192807303451235,12.453288840991545,0.9367791778804236,-0.3045121009282699,118.40651638282384,-0.073120415635052,0.9394971921007861,117.71113496662633,1.0028566798660708e-27,True
H2,250,1,"{'name': 'cheb_d7', 'family': 'chebyshev', 'degree': 7, 'spline_smoothing_factor': 1.0}",286,277,1.8198112772597679,12.456204224089156,0.937558385104655,-0.30413217439127904,118.65472689257024,-0.07274048909806113,0.9402936195788584,117.96572196424381,8.82052652578725e-28,True
H2,251,1,"{'name': 'cheb_d7', 'family': 'chebyshev', 'degree': 7, 'spline_smoothing_factor': 1.0}",286,277,1.817499935602831,12.44264353497779,0.9337563814559025,-0.3059390137899099,117.79065489399488,-0.074547328496692,0.9364953739034404,117.07327895183346,1.3832737401674971e-27,True
H2,252,1,"{'name': 'cheb_d7', 'family': 'chebyshev', 'degree': 7, 'spline_smoothing_factor': 1.0}",286,277,1.8109210841949346,12.413414224924846,0.92719561520649,-0.3099288301050615,116.27956125989044,-0.07853714481184361,0.929919156883766,115.4950595880722,3.0655800471758777e-27,True
H2,253,1,"{'name': 'cheb_d7', 'family': 'chebyshev', 'degree': 7, 'spline_smoothing_factor': 1.0}",286,277,1.8187489375034176,12.44859990728915,0.935230727048542,-0.30554842760446577,118.27776081333593,-0.07415674231124786,0.9379739488555919,117.5663670282504,1.0787919405725005e-27,True
H2,254,1,"{'name': 'cheb_d7', 'family': 'chebyshev', 'degree': 7, 'spline_smoothing_factor': 1.0}",286,277,1.8173727413762049,12.440280187891526,0.93360290845874,-0.30710052329964477,117.95441462008057,-0.07570883800642686,0.9363339470981253,117.21594175050996,1.287268622329792e-27,True
H2,255,1,"{'name': 'cheb_d7', 'family': 'chebyshev', 'degree': 7, 'spline_smoothing_factor': 1.0}",286,277,1.8176004801415635,12.4410534930846,0.9338965520343859,-0.3073734561158834,118.08677041654357,-0.0759817708226655,0.9366123244281672,117.34286287276905,1.207473085504518e-27,True
H2,256,1,"{'name': 'cheb_d7', 'family': 'chebyshev', 'degree': 7, 'spline_smoothing_factor': 1.0}",286,277,1.8202871056707073,12.458399470246437,0.9366059095425538,-0.30494509653405605,118.77196678414225,-0.07355341124083814,0.9393046809642359,118.07102134173215,8.36447039409679e-28,True
H2,257,1,"{'name': 'cheb_d7', 'family': 'chebyshev', 'degree': 7, 'spline_smoothing_factor': 1.0}",286,277,1.8162549016573335,12.432741166263513,0.933322825326261,-0.30961466703376095,118.06985146563454,-0.07822298174054304,0.9359834084757147,117.2831180781792,1.2443990039827092e-27,True
H2,258,1,"{'name': 'cheb_d7', 'family': 'chebyshev', 'degree': 7, 'spline_smoothing_factor': 1.0}",286,277,1.8193299289292852,12.45088065897344,0.9355763286232861,-0.30714378182713353,118.62179146744961,-0.07575209653391562,0.9382143893740502,117.88055151707022,9.20753375544435e-28,True
H2,259,1,"{'name': 'cheb_d7', 'family': 'chebyshev', 'degree': 7, 'spline_smoothing_factor': 1.0}",286,277,1.8220927869597072,12.477374366275274,0.9378229471412055,-0.30277861926383365,119.12700621735007,-0.07138693397061574,0.9404271282049491,118.465588328443,6.855618325907439e-28,True
H2,260,1,"{'name': 'cheb_d7', 'family': 'chebyshev', 'degree': 7, 'spline_smoothing_factor': 1.0}",286,277,1.8202456713103268,12.457447240980903,0.9363124084076019,-0.3070307705607457,118.83305855057858,-0.07563908526752777,0.938877229081761,118.09316744136993,8.271598019519499e-28,True
H2,261,1,"{'name': 'cheb_d7', 'family': 'chebyshev', 'degree': 7, 'spline_smoothing_factor': 1.0}",286,277,1.8218799711125446,12.474542714230196,0.9370165127567306,-0.3043772281799295,118.95754348084358,-0.07298554288671161,0.93954467745072,118.26758449913939,7.57530227868707e-28,True
H2,262,1,"{'name': 'cheb_d7', 'family': 'chebyshev', 'degree': 7, 'spline_smoothing_factor': 1.0}",286,277,1.8192317711452242,12.449267824152011,0.9366948963978947,-0.30950969718564825,118.95730597608906,-0.07811801189243034,0.9391688037149878,118.1676398712791,7.966788136581196e-28,True
H2,263,1,"{'name': 'cheb_d7', 'family': 'chebyshev', 'degree': 7, 'spline_smoothing_factor': 1.0}",286,277,1.8207978677462027,12.461972876050087,0.9370424161170609,-0.3077821438191004,118.98524898211383,-0.0763904585258825,0.9394830100916591,118.22942622104176,7.7224457587373665e-28,True
H2,264,1,"{'name': 'cheb_d7', 'family': 'chebyshev', 'degree': 7, 'spline_smoothing_factor': 1.0}",286,277,1.8107109123612513,12.404321982468359,0.9395494266094966,-0.31722869452380076,119.76147472160505,-0.08583700923058285,0.9418725373950029,118.80236992051914,5.785074722938224e-28,True
H2,265,1,"{'name': 'cheb_d7', 'family': 'chebyshev', 'degree': 7, 'spline_smoothing_factor': 1.0}",286,277,1.820177214808283,12.456051366893812,0.9382393504899905,-0.30969782748948155,119.23628123962794,-0.07830614219626364,0.9405949485190092,118.43977994796705,6.945402106882268e-28,True
H2,266,1,"{'name': 'cheb_d7', 'family': 'chebyshev', 'degree': 7, 'spline_smoothing_factor': 1.0}",286,277,1.820920496515937,12.509185602590245,0.9332452534370396,-0.29953100773033636,117.72647588631708,-0.06813932243711845,0.9355785539411264,117.12928571428017,1.344758396417442e-27,True
H2,267,1,"{'name': 'cheb_d7', 'family': 'chebyshev', 'degree': 7, 'spline_smoothing_factor': 1.0}",286,277,1.8219329691682362,12.478345159019275,0.9369006032201413,-0.30648382654416034,118.71071766195348,-0.07509214125094243,0.9392090545271768,117.9797014071396,8.758577967638976e-28,True
H2,268,1,"{'name': 'cheb_d7', 'family': 'chebyshev', 'degree': 7, 'spline_smoothing_factor': 1.0}",286,277,1.8208516993188182,12.503651742430824,0.9325432633074433,-0.3016987844433898,117.44976476860404,-0.07030709915017193,0.9348309026134579,116.81446211771208,1.5760942692205355e-27,True
H2,269,1,"{'name': 'cheb_d7', 'family': 'chebyshev', 'degree': 7, 'spline_smoothing_factor': 1.0}",286,277,1.8209958373021886,12.498984434853776,0.9328789014934484,-0.30305158980489727,117.48072971354952,-0.07165990451167936,0.935150748431536,116.8199914284844,1.5717063434163173e-27,True
H2,270,1,"{'name': 'cheb_d7', 'family': 'chebyshev', 'degree': 7, 'spline_smoothing_factor': 1.0}",286,277,1.8203375373220625,12.500584161064994,0.9317791026699266,-0.3029691376060471,117.12153463717027,-0.07157745231282919,0.9340395237316866,116.46353131290255,1.881171649432792e-27,True
H2,271,1,"{'name': 'cheb_d7', 'family': 'chebyshev', 'degree': 7, 'spline_smoothing_factor': 1.0}",286,277,1.8214217274601119,12.486441836767959,0.9353626166914603,-0.3058559767332883,117.99360627315298,-0.07446429144007038,0.9376202668369307,117.27569368576587,1.249065930424594e-27,True
H2,272,1,"{'name': 'cheb_d7', 'family': 'chebyshev', 'degree': 7, 'spline_smoothing_factor': 1.0}",286,277,1.8215711076306569,12.47412909423206,0.9391930589306752,-0.30782567115203086,118.91555803174117,-0.07643398585881293,0.9414542000595796,118.15263478992642,8.027285459250362e-28,True
H2,273,1,"{'name': 'cheb_d7', 'family': 'chebyshev', 'degree': 7, 'spline_smoothing_factor': 1.0}",286,277,1.821015315857659,12.46254039336029,0.9436289612616015,-0.30917837284348104,119.98641171197232,-0.07778668755026313,0.9459040603032683,119.1884186344123,4.76196780247915e-28,True
H2,274,1,"{'name': 'cheb_d7', 'family': 'chebyshev', 'degree': 7, 'spline_smoothing_factor': 1.0}",286,277,1.8185746536383285,12.49376691563163,0.9300942711191931,-0.3046468451259348,116.41421400246327,-0.07325515983271691,0.9323795283181944,115.72616409008879,2.7283625775820245e-27,True
H2,275,1,"{'name': 'cheb_d7', 'family': 'chebyshev', 'degree': 7, 'spline_smoothing_factor': 1.0}",286,277,1.820886043675909,12.47895826261514,0.9370952662861346,-0.306679821264419,118.14300922417033,-0.0752881359712011,0.9394158064525521,117.40501814745073,1.1702199652066306e-27,True
H2,276,1,"{'name': 'cheb_d7', 'family': 'chebyshev', 'degree': 7, 'spline_smoothing_factor': 1.0}",286,277,1.8212044417750568,12.473160005679164,0.9401355767460032,-0.30702181318656907,118.85766837510948,-0.07563012789335116,0.9424944031496467,118.10785481257778,8.210574240410457e-28,True
H2,277,1,"{'name': 'cheb_d7', 'family': 'chebyshev', 'degree': 7, 'spline_smoothing_factor': 1.0}",286,277,1.8186178241396203,12.481869784815924,0.9323575144810978,-0.30602051409528114,116.83180674608434,-0.07462882880206323,0.9347376746640838,116.1134960202404,2.244297692596696e-27,True
H2,278,1,"{'name': 'cheb_d7', 'family': 'chebyshev', 'degree': 7, 'spline_smoothing_factor': 1.0}",286,277,1.8189781342580718,12.477559289237533,0.9340194827801879,-0.3062125263230996,117.21420896208099,-0.07482084102988168,0.9364447276726032,116.48946784558188,1.8567302871289523e-27,True
H2,279,1,"{'name': 'cheb_d7', 'family': 'chebyshev', 'degree': 7, 'spline_smoothing_factor': 1.0}",286,277,1.8207077715770263,12.470977376051996,0.9401361807716704,-0.3060672471607697,118.72526884429817,-0.07467556186755181,0.9426226550086139,117.99374836627942,8.696768508094057e-28,True
H2,280,1,"{'name': 'cheb_d7', 'family': 'chebyshev', 'degree': 7, 'spline_smoothing_factor': 1.0}",286,277,1.8131345463873372,12.474674098787045,0.9256070861056517,-0.306895811938312,115.08623766481617,-0.07550412664509411,0.9281002719989385,114.36132677563103,5.430076789983871e-27,True
H2,281,1,"{'name': 'cheb_d7', 'family': 'chebyshev', 'degree': 7, 'spline_smoothing_factor': 1.0}",286,277,1.8186581401675768,12.468910911129473,0.9356526026891646,-0.3059865203810758,117.57996633603125,-0.07459483508785791,0.938222270773033,116.8569694634516,1.5426739008085194e-27,True
H2,282,1,"{'name': 'cheb_d7', 'family': 'chebyshev', 'degree': 7, 'spline_smoothing_factor': 1.0}",286,277,1.8159936374729626,12.4653980161016,0.9314143837382882,-0.3066633708724983,116.54255784660359,-0.07527168557928038,0.9340198523524004,115.81316051555928,2.6112627709959594e-27,True
H2,283,1,"{'name': 'cheb_d7', 'family': 'chebyshev', 'degree': 7, 'spline_smoothing_factor': 1.0}",286,277,1.8146973007153677,12.460847819059419,0.9301936020870227,-0.30707284352202396,116.27017744484613,-0.07568115822880606,0.9328421730037221,115.53493664484108,3.0045521832111194e-27,True
H2,284,1,"{'name': 'cheb_d7', 'family': 'chebyshev', 'degree': 7, 'spline_smoothing_factor': 1.0}",286,277,1.8094393650117573,12.452469655280808,0.924474566626923,-0.3090150338940952,114.91877788507543,-0.07762334860087727,0.927149627825713,114.15511140996387,6.0251852268544936e-27,True
H2,285,1,"{'name': 'cheb_d7', 'family': 'chebyshev', 'degree': 7, 'spline_smoothing_factor': 1.0}",286,277,1.820656293013827,12.465576746274131,0.9417201351500352,-0.30358801247289224,119.18685648182316,-0.07219632717967435,0.9444786441019163,118.50144362635024,6.732806055169974e-28,True
H2,286,1,"{'name': 'cheb_d7', 'family': 'chebyshev', 'degree': 7, 'spline_smoothing_factor': 1.0}",286,277,1.822594421653026,12.474853272263688,0.9466071946105665,-0.30146012635483327,120.44339249877123,-0.07006844106161536,0.9494027492875613,119.79130015380406,3.5139404762285497e-28,True
H2,287,1,"{'name': 'cheb_d7', 'family': 'chebyshev', 'degree': 7, 'spline_smoothing_factor': 1.0}",286,277,1.817508381553267,12.453711134086722,0.9363424356780331,-0.30514537484676646,117.98550967670587,-0.07375368955354855,0.939155145116838,117.2790895979906,1.2469291130347114e-27,True
H2,288,1,"{'name': 'cheb_d7', 'family': 'chebyshev', 'degree': 7, 'spline_smoothing_factor': 1.0}",286,277,1.8202873093674878,12.462762203191133,0.9403656211445556,-0.3031150522798835,119.0348612938966,-0.0717233669866656,0.9432040833483744,118.3613521537543,7.225522829590571e-28,True
H2,289,1,"{'name': 'cheb_d7', 'family': 'chebyshev', 'degree': 7, 'spline_smoothing_factor': 1.0}",286,277,1.8157638777212364,12.444218357922432,0.9347776097887928,-0.3059534173050198,117.75958704012817,-0.07456173201180188,0.9376283831122424,117.04085909576554,1.4060707346664369e-27,True
H2,290,1,"{'name': 'cheb_d7', 'family': 'chebyshev', 'degree': 7, 'spline_smoothing_factor': 1.0}",286,277,1.8206815554339306,12.46414001093842,0.9401213055279112,-0.3027339239612988,119.12696457562129,-0.07134223866808088,0.9429818686345443,118.46171167683906,6.869030204267822e-28,True
H2,291,1,"{'name': 'cheb_d7', 'family': 'chebyshev', 'degree': 7, 'spline_smoothing_factor': 1.0}",286,277,1.817006645598548,12.445423836459367,0.9362795846862845,-0.3051645687907136,118.28707930594169,-0.07377288349749567,0.939143299826093,117.58202690074972,1.0703079352578115e-27,True
H2,292,1,"{'name': 'cheb_d7', 'family': 'chebyshev', 'degree': 7, 'spline_smoothing_factor': 1.0}",286,277,1.8171083411656366,12.444581345323346,0.9363894751968408,-0.3051828282479474,118.39714617108291,-0.0737911429547295,0.9392481370117132,117.69198614715503,1.0125855749759868e-27,True
H2,293,1,"{'name': 'cheb_d7', 'family': 'chebyshev', 'degree': 7, 'spline_smoothing_factor': 1.0}",286,277,1.8151245358175812,12.433911988948774,0.9352267430676596,-0.30643151783750605,118.20710919433805,-0.07503983254428813,0.9380733708242105,117.48013250777092,1.1267304043709779e-27,True
H2,294,1,"{'name': 'cheb_d7', 'family': 'chebyshev', 'degree': 7, 'spline_smoothing_factor': 1.0}",286,277,1.823256887343053,12.481882537923605,0.9396665902999886,-0.30218626215033473,119.32142213994916,-0.0707945768571168,0.9424876929669059,118.66840610002782,6.189276451187108e-28,True
H2,295,1,"{'name': 'cheb_d7', 'family': 'chebyshev', 'degree': 7, 'spline_smoothing_factor': 1.0}",286,277,1.8205740513421338,12.462638679040953,0.9377780608203657,-0.3040788616517111,118.94810758000403,-0.0726871763584932,0.9405786512606099,118.26283712634745,7.593454959721539e-28,True
H2,296,1,"{'name': 'cheb_d7', 'family': 'chebyshev', 'degree': 7, 'spline_smoothing_factor': 1.0}",286,277,1.8111742103502027,12.409774781192704,0.9348916252597301,-0.308824066220119,118.37015370095048,-0.07743238092690108,0.9376608142063222,117.59773870599975,1.0618628565766567e-27,True
H2,297,1,"{'name': 'cheb_d7', 'family': 'chebyshev', 'degree': 7, 'spline_smoothing_factor': 1.0}",286,277,1.8244396034857329,12.49225414178061,0.9378185157260107,-0.30356546314565874,119.05862478399968,-0.07217377785244083,0.9405507448515081,118.38336979009159,7.1457607901192905e-28,True
H2,298,1,"{'name': 'cheb_d7', 'family': 'chebyshev', 'degree': 7, 'spline_smoothing_factor': 1.0}",286,277,1.8220442912931554,12.473188928715382,0.9370649348195667,-0.3050988363558703,118.93725751354566,-0.07370715106265241,0.9397600086386488,118.23433107807409,7.703373022738666e-28,True
H2,299,1,"{'name': 'cheb_d7', 'family': 'chebyshev', 'degree': 7, 'spline_smoothing_factor': 1.0}",286,277,1.8124430119228947,12.410232588952514,0.9369450985983373,-0.3086971232363884,119.00517143727234,-0.07730543794317053,0.9395960711018035,118.23236030272119,7.71103079445425e-28,True
H2,300,1,"{'name': 'cheb_d7', 'family': 'chebyshev', 'degree': 7, 'spline_smoothing_factor': 1.0}",286,277,1.8223991548483947,12.476149906498115,0.9366110563602431,-0.30629978219326787,118.89034535461974,-0.07490809690004996,0.939218265617239,118.16516224747045,7.976745870025176e-28,True
H2,301,1,"{'name': 'cheb_d7', 'family': 'chebyshev', 'degree': 7, 'spline_smoothing_factor': 1.0}",286,277,1.8310629599895212,12.557051484755995,0.9343670988037124,-0.30607421038998534,118.32170752943807,-0.07468252509676743,0.9369229385296037,117.6042689118035,1.058372513555259e-27,True
H2,302,1,"{'name': 'cheb_d7', 'family': 'chebyshev', 'degree': 7, 'spline_smoothing_factor': 1.0}",286,277,1.826712501177236,12.51379647569166,0.9352319483602296,-0.30726770722200086,118.556403198711,-0.07587602192878296,0.9377433334922295,117.81439418249909,9.519828366829224e-28,True
H2,303,1,"{'name': 'cheb_d7', 'family': 'chebyshev', 'degree': 7, 'spline_smoothing_factor': 1.0}",286,277,1.8245342867050822,12.494535500159015,0.9358891023055074,-0.30808042247367406,118.71997801115958,-0.07668873718045616,0.9383560204133404,117.96075439263518,8.842645209219485e-28,True
H2,304,1,"{'name': 'cheb_d7', 'family': 'chebyshev', 'degree': 7, 'spline_smoothing_factor': 1.0}",286,277,1.8113576420277608,12.396255304839993,0.9410657952946917,-0.30910328321496067,120.02708358103644,-0.07771159792174276,0.9435002309667936,119.23859310652244,4.643027825431383e-28,True
H2,305,1,"{'name': 'cheb_d7', 'family': 'chebyshev', 'degree': 7, 'spline_smoothing_factor': 1.0}",286,278,1.8054392977573361,12.468144924877633,0.9301045592180959,-0.2808059838042972,116.69810881972546,-0.04941429851107931,0.9322624261337308,116.38617952226889,1.9559918718021578e-27,True
H2,306,1,"{'name': 'cheb_d7', 'family': 'chebyshev', 'degree': 7, 'spline_smoothing_factor': 1.0}",286,277,1.8306208158421666,12.5529905813836,0.9329230723087919,-0.3110056546051643,117.90978028400332,-0.07961396931194636,0.9352533049846731,117.09582226704163,1.367639986205524e-27,True
H2,307,1,"{'name': 'cheb_d7', 'family': 'chebyshev', 'degree': 7, 'spline_smoothing_factor': 1.0}",286,277,1.8365096876094598,12.61647608249701,0.9290486563391497,-0.3137727103401961,116.9306207844038,-0.0823810250469782,0.931315634031256,116.06599432375674,2.298702187243288e-27,True
H2,308,1,"{'name': 'cheb_d7', 'family': 'chebyshev', 'degree': 7, 'spline_smoothing_factor': 1.0}",286,277,1.849679690997295,12.785138817220368,0.9184861427405767,-0.3220141717636248,114.3783116464731,-0.09062248647040688,0.9205845710683019,113.35559819518437,9.017433769710912e-27,True
H2,309,1,"{'name': 'cheb_d7', 'family': 'chebyshev', 'degree': 7, 'spline_smoothing_factor': 1.0}",286,278,1.7935025721752031,12.468144924877633,0.9180651518521679,-0.28058036686201115,113.49052281626666,-0.04918868156879325,0.9201327155426071,113.18873022288676,9.80917222368116e-27,True
H2,310,1,"{'name': 'cheb_d7', 'family': 'chebyshev', 'degree': 7, 'spline_smoothing_factor': 1.0}",286,278,1.797706585275602,12.468144924877633,0.9179125808308416,-0.28515365362400175,113.47161916758091,-0.05376196833078384,0.920054674471994,113.11106182569392,1.0201038036261107e-26,True
H2,311,1,"{'name': 'cheb_d7', 'family': 'chebyshev', 'degree': 7, 'spline_smoothing_factor': 1.0}",286,277,1.8347484757832646,12.59838343275515,0.9306700070666069,-0.31581381039666984,117.13715724130896,-0.08442212510345193,0.9328745476013672,116.22395620403586,2.1227129674516495e-27,True
H2,312,1,"{'name': 'cheb_d7', 'family': 'chebyshev', 'degree': 7, 'spline_smoothing_factor': 1.0}",286,278,1.7752732881751192,12.468144924877633,0.9047884190311846,-0.282188292251966,110.08756526448246,-0.05079660695874811,0.9068573293812368,109.77443245693019,5.490025734099265e-26,True
H2,313,1,"{'name': 'cheb_d7', 'family': 'chebyshev', 'degree': 7, 'spline_smoothing_factor': 1.0}",286,278,1.7809243514814082,12.468144924877633,0.9052347425842266,-0.28722738174794216,110.22819889568711,-0.05583569645472425,0.9073927320762677,109.84935407423882,5.286397150554303e-26,True
H2,314,1,"{'name': 'cheb_d7', 'family': 'chebyshev', 'degree': 7, 'spline_smoothing_factor': 1.0}",286,278,1.7300350223446364,12.468144924877633,0.8850306812121042,-0.28137205843806945,105.22390812549338,-0.04998037314485154,0.8870618333001762,104.933555417256,6.315043290972773e-25,True
H2,334,1,"{'name': 'cheb_d7', 'family': 'chebyshev', 'degree': 7, 'spline_smoothing_factor': 1.0}",286,278,1.6654957258735428,9.871411767696518,0.9147108702180097,-0.3904403141556029,114.98349254423783,-0.15904862886238497,0.9140840560941322,111.87991258778948,1.8981084406865944e-26,True
H2,335,1,"{'name': 'cheb_d7', 'family': 'chebyshev', 'degree': 7, 'spline_smoothing_factor': 1.0}",286,278,1.7253138026832637,12.468144924877633,0.9244057957631907,-0.37340568135807317,117.10470872651445,-0.1420139960648553,0.924896307413246,114.57398585384942,4.8778785161366286e-27,True
H2,336,1,"{'name': 'cheb_d7', 'family': 'chebyshev', 'degree': 7, 'spline_smoothing_factor': 1.0}",286,278,1.7935146981057632,12.468144924877633,0.9326943176613115,-0.3425683691721585,118.60301296564967,-0.11117668387894057,0.9346287047477584,117.02028537693366,1.420732264420674e-27,True
H2,337,1,"{'name': 'cheb_d7', 'family': 'chebyshev', 'degree': 7, 'spline_smoothing_factor': 1.0}",286,277,1.851161130277117,12.971199196832377,0.9259744146709288,-0.3286963320428373,116.6309320067785,-0.09730464674961942,0.9282305665552397,115.43493031637752,3.159954056571724e-27,True
H2,338,1,"{'name': 'cheb_d7', 'family': 'chebyshev', 'degree': 7, 'spline_smoothing_factor': 1.0}",286,277,1.8403610272233064,12.773467057128519,0.93153796022771,-0.3182844978450576,117.82513780244494,-0.08689281255183967,0.9339399204402261,116.85931303428788,1.540852079663608e-27,True
H2,339,1,"{'name': 'cheb_d7', 'family': 'chebyshev', 'degree': 7, 'spline_smoothing_factor': 1.0}",286,277,1.8365531689805168,12.716247073717783,0.9338105013426107,-0.314333923947089,118.30251698164318,-0.08294223865387107,0.936216932684924,117.41797462398972,1.1626004042466492e-27,True
H2,340,1,"{'name': 'cheb_d7', 'family': 'chebyshev', 'degree': 7, 'spline_smoothing_factor': 1.0}",286,277,1.8388011307652006,12.782701474851274,0.9346799847250489,-0.3131779244231125,118.46662504542121,-0.08178623912989458,0.937055917365055,117.60479084451822,1.0580940403721161e-27,True
H2,341,1,"{'name': 'cheb_d7', 'family': 'chebyshev', 'degree': 7, 'spline_smoothing_factor': 1.0}",286,277,1.8236368295090521,12.50312771403031,0.9371887289763436,-0.3076478363627077,118.95481734506996,-0.0762561510694898,0.9395696541848799,118.20117803207154,7.833212864568621e-28,True
H2,342,1,"{'name': 'cheb_d7', 'family': 'chebyshev', 'degree': 7, 'spline_smoothing_factor': 1.0}",286,277,1.8262437877740332,12.552459666272474,0.9379802155944031,-0.3075183954698757,119.09840317220085,-0.07612671017665779,0.9403287839017868,118.34582319899096,7.28231358823439e-28,True
H2,343,1,"{'name': 'cheb_d7', 'family': 'chebyshev', 'degree': 7, 'spline_smoothing_factor': 1.0}",286,277,1.8168550382038522,12.399192006604453,0.9367096409944509,-0.3084662960950162,118.72968612748025,-0.07707461080179828,0.9390190155338315,117.96009364624456,8.84559143545038e-28,True
H2,344,1,"{'name': 'cheb_d7', 'family': 'chebyshev', 'degree': 7, 'spline_smoothing_factor': 1.0}",286,277,1.8095294153509884,12.311693917523584,0.9334421114490659,-0.3109145759463459,117.87671043258274,-0.07952289065312801,0.9356991469529573,117.06291601114742,1.3905202673389674e-27,True
H2,345,1,"{'name': 'cheb_d7', 'family': 'chebyshev', 'degree': 7, 'spline_smoothing_factor': 1.0}",286,277,1.8128001994443146,12.337022185298276,0.93393572417644,-0.3141131409538192,117.98317728828567,-0.0827214556606013,0.9361400937669683,117.10141071930138,1.3637918149928012e-27,True
H2,346,1,"{'name': 'cheb_d7', 'family': 'chebyshev', 'degree': 7, 'spline_smoothing_factor': 1.0}",286,277,1.8124106183583752,12.3255397386242,0.9324594770975285,-0.3182062131980557,117.60485274310304,-0.08681452790483779,0.9345889006303254,116.63647534950769,1.7240791276317024e-27,True
H2,347,1,"{'name': 'cheb_d7', 'family': 'chebyshev', 'degree': 7, 'spline_smoothing_factor': 1.0}",286,277,1.808915651720454,12.293828693820819,0.9278278812020604,-0.32431660111247695,116.46905018160669,-0.09292491581925906,0.9298251642781512,115.37038537649244,3.2644946095145996e-27,True
H2,348,1,"{'name': 'cheb_d7', 'family': 'chebyshev', 'degree': 7, 'spline_smoothing_factor': 1.0}",286,277,1.8177783837822172,12.373314589504657,0.9345941395948186,-0.3218898698299776,118.04722731741356,-0.09049818453675967,0.9366584014320484,116.98923302455182,1.4431512837539842e-27,True
H2,349,1,"{'name': 'cheb_d7', 'family': 'chebyshev', 'degree': 7, 'spline_smoothing_factor': 1.0}",286,277,1.8116872265216397,12.30119043560151,0.9247940325518791,-0.3374374873434,115.790270170447,-0.10604580205018212,0.9264361592023985,114.36854989025915,5.4103331352961774e-27,True
H2,0,8,"{'name': 'cheb_d7', 'family': 'chebyshev', 'degree': 7, 'spline_smoothing_factor': 1.0}",279,269,1.8298252051524013,12.391123576140016,0.9590777952368518,-0.32092573898028653,122.0405844380756,-0.08953405368706863,0.959490739677445,120.98161155005585,1.9284518259738234e-28,True
H2,8,8,"{'name': 'cheb_d7', 'family': 'chebyshev', 'degree': 7, 'spline_smoothing_factor': 1.0}",279,269,1.8259067607627353,12.423935976476136,0.9956333478705996,-0.301117874564819,128.02942515009852,-0.06972618927160107,0.9977050319905423,127.31639683505716,7.919850333339013e-30,True
H2,16,8,"{'name': 'cheb_d7', 'family': 'chebyshev', 'degree': 7, 'spline_smoothing_factor': 1.0}",279,270,1.8434882865643405,12.501889383122228,0.9893890248782018,-0.27901481255481453,127.45214060967498,-0.04762312726159662,0.9927519099742578,127.12666352549275,8.71436973923537e-30,True
H2,24,8,"{'name': 'cheb_d7', 'family': 'chebyshev', 'degree': 7, 'spline_smoothing_factor': 1.0}",279,270,1.8151266585062227,12.415139530227233,0.9398936710933146,-0.32876257521564434,119.53466879654559,-0.09737088992242643,0.9436829962006733,118.34576037122486,7.282544259295952e-28,True
H2,32,8,"{'name': 'cheb_d7', 'family': 'chebyshev', 'degree': 7, 'spline_smoothing_factor': 1.0}",287,278,1.818203709755131,12.468144924877633,0.9368149217260264,-0.30600431407727013,118.94119682705798,-0.07461262878405223,0.9393397880435947,118.21602392303464,7.7748023202879245e-28,True
H2,40,8,"{'name': 'cheb_d7', 'family': 'chebyshev', 'degree': 7, 'spline_smoothing_factor': 1.0}",282,273,1.8126245183532037,12.388944071992366,0.9055680130590935,-0.28606689498078963,106.92322328421164,-0.054675209687571724,0.9070625509685647,106.56168177857239,2.7768363315006357e-25,True
H2,48,8,"{'name': 'cheb_d7', 'family': 'chebyshev', 'degree': 7, 'spline_smoothing_factor': 1.0}",286,277,1.8200325085204196,12.459662632949248,0.9380925663375353,-0.30520917283754045,118.24379557175678,-0.07381748754432255,0.9405031686679859,117.53225696145421,1.0975051885654951e-27,True
H2,56,8,"{'name': 'cheb_d7', 'family': 'chebyshev', 'degree': 7, 'spline_smoothing_factor': 1.0}",279,270,1.8344683268723905,12.45655995882593,0.9627557868685798,-0.2813240833073144,119.11500335127153,-0.04993239801409649,0.9669302728617164,118.78089234159734,5.848054286254584e-28,True
H2,64,8,"{'name': 'cheb_d7', 'family': 'chebyshev', 'degree': 7, 'spline_smoothing_factor': 1.0}",279,270,1.8385482965929452,12.46753433751714,0.9430089649748743,-0.3026828187403683,119.42294531038692,-0.07129113344715038,0.9471986926652162,118.78989065863948,5.821585124545703e-28,True
H2,72,8,"{'name': 'cheb_d7', 'family': 'chebyshev', 'degree': 7, 'spline_smoothing_factor': 1.0}",279,270,1.8378458950168193,12.440118454691053,0.9517689791885793,-0.3454083555277899,122.49344366088337,-0.114016670234572,0.9521614323700567,120.83651014493068,2.074787473649349e-28,True
H2,80,8,"{'name': 'cheb_d7', 'family': 'chebyshev', 'degree': 7, 'spline_smoothing_factor': 1.0}",279,270,1.8416307242183951,12.490182537169565,0.9668234420513274,-0.3242418365100618,122.38101718561575,-0.09285015121684387,0.9672374685686487,121.20542869615122,1.7227114327049675e-28,True
H2,88,8,"{'name': 'cheb_d7', 'family': 'chebyshev', 'degree': 7, 'spline_smoothing_factor': 1.0}",279,270,1.8413397498500224,12.473849607165858,0.9914286372265908,-0.29245709165978095,126.83159926881717,-0.06106540636656304,0.994424677828925,126.28868867970607,1.32927300058516e-29,True
H2,96,8,"{'name': 'cheb_d7', 'family': 'chebyshev', 'degree': 7, 'spline_smoothing_factor': 1.0}",279,270,1.8347478698490907,12.478005628639092,0.9864540390656831,-0.2559464923624779,127.88136737733578,-0.02455480706926,0.988545062364488,127.79649164683201,6.2181436979983226e-30,True
H2,104,8,"{'name': 'cheb_d7', 'family': 'chebyshev', 'degree': 7, 'spline_smoothing_factor': 1.0}",279,270,1.8373441120819278,12.472874771226795,0.939375317467035,-0.2902464528723435,119.04945250242088,-0.05885476757912561,0.9419603317361098,118.61746625319086,6.350282596296755e-28,True
H2,112,8,"{'name': 'cheb_d7', 'family': 'chebyshev', 'degree': 7, 'spline_smoothing_factor': 1.0}",279,270,1.8401621044977479,12.476760199940488,0.9519069058367682,-0.31625679795510997,119.75314027740001,-0.08486511266189206,0.9522113764561841,118.81905094472438,5.736628681017537e-28,True
H2,120,8,"{'name': 'cheb_d7', 'family': 'chebyshev', 'degree': 7, 'spline_smoothing_factor': 1.0}",283,274,1.8283839635897368,12.463449065154068,0.9606041521155702,-0.31229357585781775,121.60924888219915,-0.08090189056459983,0.9621821580895248,120.71809549702255,2.2024017474527684e-28,True
H2,128,8,"{'name': 'cheb_d7', 'family': 'chebyshev', 'degree': 7, 'spline_smoothing_factor': 1.0}",287,278,1.818203709755131,12.468144924877633,0.9368149217260264,-0.30600431407727013,118.94119682705798,-0.07461262878405223,0.9393397880435947,118.21602392303464,7.7748023202879245e-28,True
H2,136,8,"{'name': 'cheb_d7', 'family': 'chebyshev', 'degree': 7, 'spline_smoothing_factor': 1.0}",287,278,1.818203709755131,12.468144924877633,0.9368149217260264,-0.30600431407727013,118.94119682705798,-0.07461262878405223,0.9393397880435947,118.21602392303464,7.7748023202879245e-28,True
H2,144,8,"{'name': 'cheb_d7', 'family': 'chebyshev', 'degree': 7, 'spline_smoothing_factor': 1.0}",285,276,1.815922382242625,12.423727886352998,0.9396489496472668,-0.28259523248054313,119.15971633278195,-0.05120354718732523,0.9418607801083052,118.8204563907359,5.732565480610925e-28,True
H2,152,8,"{'name': 'cheb_d7', 'family': 'chebyshev', 'degree': 7, 'spline_smoothing_factor': 1.0}",279,270,1.8205287230278273,12.34108738371223,0.9434358011724343,-0.25146624206271706,117.61450673524485,-0.020074556769499152,0.9442070187725737,117.56307666183022,1.080583086178862e-27,True
H2,160,8,"{'name': 'cheb_d7', 'family': 'chebyshev', 'degree': 7, 'spline_smoothing_factor': 1.0}",279,270,1.8253665561317793,12.398686359416667,0.9506457406514903,-0.2783162440719119,116.49621180304587,-0.046924558778694,0.9523289043037714,116.20201833587612,2.146324263500607e-27,True
H2,168,8,"{'name': 'cheb_d7', 'family': 'chebyshev', 'degree': 7, 'spline_smoothing_factor': 1.0}",279,270,1.8388429268379576,12.470312132815469,0.9908671808862296,-0.28107575161541065,127.49136425038671,-0.049684066322192744,0.9942194457347502,127.13500480881396,8.677820534213939e-30,True
H2,176,8,"{'name': 'cheb_d7', 'family': 'chebyshev', 'degree': 7, 'spline_smoothing_factor': 1.0}",279,270,1.8356615341878315,12.453234782374604,0.9564480074538529,-0.26715132448602175,122.06108646933251,-0.03575963919280384,0.9590129759868999,121.89413214575552,1.2174512422270257e-28,True
H2,184,8,"{'name': 'cheb_d7', 'family': 'chebyshev', 'degree': 7, 'spline_smoothing_factor': 1.0}",279,270,1.8348376928309278,12.437820075675036,0.9347074319503175,-0.2940769320075796,117.32918676591885,-0.06268524671436171,0.9364177289361765,116.84328198962248,1.5533572453758296e-27,True
H2,192,8,"{'name': 'cheb_d7', 'family': 'chebyshev', 'degree': 7, 'spline_smoothing_factor': 1.0}",279,270,1.8186122678337253,12.37162539246232,0.9311823462512063,-0.2896781012221508,112.0700932598404,-0.05828641592893291,0.9319910579297481,111.64190567355877,2.1402183136859572e-26,True
H2,200,8,"{'name': 'cheb_d7', 'family': 'chebyshev', 'degree': 7, 'spline_smoothing_factor': 1.0}",279,270,1.803346147569626,12.2625060862788,0.8960962818832301,-0.28145671512156106,100.649429051413,-0.050065029828343155,0.8982696998164735,100.3509486358256,6.3825291460949586e-24,True
H2,208,8,"{'name': 'cheb_d7', 'family': 'chebyshev', 'degree': 7, 'spline_smoothing_factor': 1.0}",279,270,1.817902647731,12.324732735578356,0.9172016409312774,-0.307091882966419,108.25484926883917,-0.07570019767320109,0.9222178737539025,107.55571566289893,1.681583247418778e-25,True
H2,216,8,"{'name': 'cheb_d7', 'family': 'chebyshev', 'degree': 7, 'spline_smoothing_factor': 1.0}",279,270,1.821728267695255,12.444911364684948,0.9419305001725383,-0.317348006015999,119.15294078624459,-0.08595632072278109,0.9466770024813128,118.2336292056558,7.706099391011867e-28,True
H2,224,8,"{'name': 'cheb_d7', 'family': 'chebyshev', 'degree': 7, 'spline_smoothing_factor': 1.0}",279,270,1.8252988929330216,12.47653780602072,0.9231356515966891,-0.29886672752901544,114.77866061201541,-0.06747504223579753,0.9250381145024895,114.23278811252408,5.7937252210697776e-27,True
H2,232,8,"{'name': 'cheb_d7', 'family': 'chebyshev', 'degree': 7, 'spline_smoothing_factor': 1.0}",279,270,1.8139731799778314,12.402548005068903,0.903268688148358,-0.2938357615797048,106.78335417890708,-0.062444076286486905,0.9043156899435809,106.32025911202084,3.136593378392029e-25,True
H2,240,8,"{'name': 'cheb_d7', 'family': 'chebyshev', 'degree': 7, 'spline_smoothing_factor': 1.0}",279,270,1.8076875428492025,12.30634629364839,0.9113569717420683,-0.3026223739565696,107.2591398016923,-0.0712306886633517,0.9139877366879088,106.6347975284591,2.6762527708762875e-25,True
H2,248,8,"{'name': 'cheb_d7', 'family': 'chebyshev', 'degree': 7, 'spline_smoothing_factor': 1.0}",279,270,1.812414360053156,12.277029543057429,0.9223559337706633,-0.3070464507260576,112.57740006850293,-0.07565476543283967,0.9265936743550378,111.87161991564028,1.906064406355911e-26,True
H2,256,8,"{'name': 'cheb_d7', 'family': 'chebyshev', 'degree': 7, 'spline_smoothing_factor': 1.0}",279,270,1.8313683599298292,12.369696814390323,0.9316397527307655,-0.3142786645638055,117.53740791068287,-0.08288697927058758,0.9346195078582914,116.69486571384721,1.6740599051652524e-27,True
H2,264,8,"{'name': 'cheb_d7', 'family': 'chebyshev', 'degree': 7, 'spline_smoothing_factor': 1.0}",279,270,1.8315516874315458,12.580990475411385,0.9199850558807982,-0.3006670632243594,112.17805394196841,-0.06927537793114147,0.9208514181160978,111.59805612937919,2.1880826619698078e-26,True
H2,272,8,"{'name': 'cheb_d7', 'family': 'chebyshev', 'degree': 7, 'spline_smoothing_factor': 1.0}",279,270,1.8338466164534433,12.549305917593898,0.9325108867310986,-0.31056777949587966,110.69723568226527,-0.07917609420266175,0.9334313215806368,109.89545191401533,5.164880173676507e-26,True
H2,280,8,"{'name': 'cheb_d7', 'family': 'chebyshev', 'degree': 7, 'spline_smoothing_factor': 1.0}",279,270,1.7998084481547347,12.42897265426428,0.9017197977712004,-0.30705185794246576,102.74761984711574,-0.07566017264924785,0.9054868586274628,102.06128176921072,2.6915230188449287e-24,True
H2,288,8,"{'name': 'cheb_d7', 'family': 'chebyshev', 'degree': 7, 'spline_smoothing_factor': 1.0}",279,270,1.8180272762728786,12.33558538299357,0.9403507134324274,-0.29423355720256233,115.67546914886236,-0.06284187190934443,0.9451503328641315,115.17710926168388,3.5986810440062106e-27,True
H2,296,8,"{'name': 'cheb_d7', 'family': 'chebyshev', 'degree': 7, 'spline_smoothing_factor': 1.0}",279,270,1.8508001383124493,12.570545906659566,0.9309169031282868,-0.31172631752495716,117.23160495983188,-0.08033463223173926,0.9343080139354761,116.45063530296898,1.893443750140568e-27,True
H2,304,8,"{'name': 'cheb_d7', 'family': 'chebyshev', 'degree': 7, 'spline_smoothing_factor': 1.0}",279,273,1.8376202211650534,13.275284662758219,0.8384215632245942,-0.2623892800590923,93.30505815317179,-0.03099759476587438,0.8393828953801671,93.2086212560281,2.353133270337091e-22,True
H2,312,8,"{'name': 'cheb_d7', 'family': 'chebyshev', 'degree': 7, 'spline_smoothing_factor': 1.0}",284,278,1.6432723759687902,12.468144924877633,0.8208463555497956,-0.23096403361947676,89.1277597431764,0.0004276516737411473,0.8208234904167395,89.12774151632152,1.850620620332842e-21,True
H2,320,8,"{'name': 'cheb_d7', 'family': 'chebyshev', 'degree': 7, 'spline_smoothing_factor': 1.0}",287,278,1.818203709755131,12.468144924877633,0.9368149217260264,-0.30600431407727013,118.94119682705798,-0.07461262878405223,0.9393397880435947,118.21602392303464,7.7748023202879245e-28,True
H2,328,8,"{'name': 'cheb_d7', 'family': 'chebyshev', 'degree': 7, 'spline_smoothing_factor': 1.0}",285,278,1.562593176902176,9.632191884294311,0.9075523144940902,-0.46173521190844324,114.61445707867222,-0.23034352661522534,0.8994902331647504,108.30298449354598,1.153384719149071e-25,True
H2,336,8,"{'name': 'cheb_d7', 'family': 'chebyshev', 'degree': 7, 'spline_smoothing_factor': 1.0}",279,269,2.0309797618373855,15.684622205205661,0.9109112884006785,-0.5083900906191603,115.04465044901758,-0.2769984053259424,0.8922282600299738,106.26060704690872,3.2324452477370187e-25,True
H2,0,16,"{'name': 'cheb_d7', 'family': 'chebyshev', 'degree': 7, 'spline_smoothing_factor': 1.0}",271,261,1.8112181841913346,12.100773735730717,0.9673501270184887,-0.33653213683307825,118.19644059675227,-0.10514045153986035,0.9658746923879599,116.71897216524019,1.653835196257624e-27,True
H2,8,16,"{'name': 'cheb_d7', 'family': 'chebyshev', 'degree': 7, 'spline_smoothing_factor': 1.0}",271,261,1.8498388742038587,12.430163587281541,1.0495227905849052,-0.27459366765775073,136.10862659646625,-0.04320198236453282,1.0525212101909458,135.80807348372377,1.0988990432877145e-31,True
H2,16,16,"{'name': 'cheb_d7', 'family': 'chebyshev', 'degree': 7, 'spline_smoothing_factor': 1.0}",271,262,1.8317272848715656,12.35652662694102,0.9698044671854273,-0.30731031311908924,122.33618645790477,-0.07591862782587132,0.9754224456836869,121.57816637905091,1.4276356234304897e-28,True
H2,24,16,"{'name': 'cheb_d7', 'family': 'chebyshev', 'degree': 7, 'spline_smoothing_factor': 1.0}",279,270,1.8151266585062227,12.415139530227233,0.9398936710933146,-0.32876257521564434,119.53466879654559,-0.09737088992242643,0.9436829962006733,118.34576037122486,7.282544259295952e-28,True
H2,32,16,"{'name': 'cheb_d7', 'family': 'chebyshev', 'degree': 7, 'spline_smoothing_factor': 1.0}",282,273,1.8126245183532037,12.388944071992366,0.9055680130590935,-0.28606689498078963,106.92322328421164,-0.054675209687571724,0.9070625509685647,106.56168177857239,2.7768363315006357e-25,True
H2,40,16,"{'name': 'cheb_d7', 'family': 'chebyshev', 'degree': 7, 'spline_smoothing_factor': 1.0}",281,272,1.8138562962860731,12.377226599610326,0.9045775299824617,-0.28439627336073636,105.70852254187662,-0.053004588067518454,0.905968820228972,105.36959487655577,5.067660013994118e-25,True
H2,48,16,"{'name': 'cheb_d7', 'family': 'chebyshev', 'degree': 7, 'spline_smoothing_factor': 1.0}",278,269,1.836116693824082,12.445638339614414,0.9634886591580636,-0.2807924320061285,118.17978218012888,-0.049400746712910615,0.9675710812048397,117.8522997900667,9.339622117778542e-28,True
H2,56,16,"{'name': 'cheb_d7', 'family': 'chebyshev', 'degree': 7, 'spline_smoothing_factor': 1.0}",271,262,1.8554003566419672,12.453030293500289,0.9704918696997488,-0.2754399974277175,119.48927373208357,-0.04404831213449961,0.9755596174619849,119.24149532181343,4.636239665613832e-28,True
H2,64,16,"{'name': 'cheb_d7', 'family': 'chebyshev', 'degree': 7, 'spline_smoothing_factor': 1.0}",271,262,1.85832079681307,12.431699342244537,0.9557283566241903,-0.3481864230541263,122.74765726298006,-0.11679473776090837,0.9587381432241119,121.1036970932795,1.8133545033332622e-28,True
H2,72,16,"{'name': 'cheb_d7', 'family': 'chebyshev', 'degree': 7, 'spline_smoothing_factor': 1.0}",271,262,1.8626813576713048,12.463877066606091,0.9869230398815145,-0.36514918392781565,126.80522270579979,-0.13375749863459774,0.9828728798432017,124.40453566276824,3.435316952896059e-29,True
H2,80,16,"{'name': 'cheb_d7', 'family': 'chebyshev', 'degree': 7, 'spline_smoothing_factor': 1.0}",271,262,1.8658917871535268,12.497709890625082,1.0239015399333509,-0.31193088638197913,130.24492718628176,-0.08053920108876123,1.025196930495349,129.25447106604986,2.9828962337466274e-30,True
H2,88,16,"{'name': 'cheb_d7', 'family': 'chebyshev', 'degree': 7, 'spline_smoothing_factor': 1.0}",271,262,1.8588105337217766,12.482932908279285,1.0528064555086962,-0.24109880565354835,138.0070925297697,-0.009707120360330446,1.0538604958215656,137.99203308308938,3.6584880260963395e-32,True
H2,96,16,"{'name': 'cheb_d7', 'family': 'chebyshev', 'degree': 7, 'spline_smoothing_factor': 1.0}",271,262,1.8553063919690949,12.488339002031529,0.9918617072815791,-0.23245308024120806,128.37931659325125,-0.0010613949479901519,0.9919691631974723,128.37916459548774,4.636198032492869e-30,True
H2,104,16,"{'name': 'cheb_d7', 'family': 'chebyshev', 'degree': 7, 'spline_smoothing_factor': 1.0}",271,262,1.8606205689678577,12.48488310831926,0.952845422092577,-0.29972817425777754,119.5231067395265,-0.06833648896455963,0.9537480160372442,118.947701704304,5.376372995379528e-28,True
H2,112,16,"{'name': 'cheb_d7', 'family': 'chebyshev', 'degree': 7, 'spline_smoothing_factor': 1.0}",275,266,1.850916293023408,12.4728646055987,0.9775246286629005,-0.3240079382948608,122.50539743125398,-0.09261625300164289,0.9761860569879308,121.34103281419698,1.6088943137015523e-28,True
H2,120,16,"{'name': 'cheb_d7', 'family': 'chebyshev', 'degree': 7, 'spline_smoothing_factor': 1.0}",283,274,1.8283839635897368,12.463449065154068,0.9606041521155702,-0.31229357585781775,121.60924888219915,-0.08090189056459983,0.9621821580895248,120.71809549702255,2.2024017474527684e-28,True
H2,128,16,"{'name': 'cheb_d7', 'family': 'chebyshev', 'degree': 7, 'spline_smoothing_factor': 1.0}",287,278,1.818203709755131,12.468144924877633,0.9368149217260264,-0.30600431407727013,118.94119682705798,-0.07461262878405223,0.9393397880435947,118.21602392303464,7.7748023202879245e-28,True
H2,136,16,"{'name': 'cheb_d7', 'family': 'chebyshev', 'degree': 7, 'spline_smoothing_factor': 1.0}",285,276,1.815922382242625,12.423727886352998,0.9396489496472668,-0.28259523248054313,119.15971633278195,-0.05120354718732523,0.9418607801083052,118.8204563907359,5.732565480610925e-28,True
H2,144,16,"{'name': 'cheb_d7', 'family': 'chebyshev', 'degree': 7, 'spline_smoothing_factor': 1.0}",277,268,1.8147568704597956,12.27378411412832,0.946927330583565,-0.21171001747966486,117.98092775641408,0.019681667813553044,0.9458385547660167,117.93186186821276,8.97239654387921e-28,True
H2,152,16,"{'name': 'cheb_d7', 'family': 'chebyshev', 'degree': 7, 'spline_smoothing_factor': 1.0}",271,262,1.817953126110357,12.209031059278797,0.9425630349735039,-0.18408265668599508,111.4361014279317,0.04730902860722283,0.9399177661882441,111.15302983549907,2.7387519183526593e-26,True
H2,160,16,"{'name': 'cheb_d7', 'family': 'chebyshev', 'degree': 7, 'spline_smoothing_factor': 1.0}",271,262,1.8470888225146893,12.399235388714164,1.0031343466645946,-0.25644579105379034,123.72518640044973,-0.025054105760572428,1.0048649026892398,123.63266400140276,5.068823191692151e-29,True
H2,168,16,"{'name': 'cheb_d7', 'family': 'chebyshev', 'degree': 7, 'spline_smoothing_factor': 1.0}",271,262,1.8568084440690864,12.454031541337864,1.0190434639655779,-0.23825608239399929,132.11722939268236,-0.0068643971007813775,1.0198241785377533,132.11033233690864,7.076526648700024e-31,True
H2,176,16,"{'name': 'cheb_d7', 'family': 'chebyshev', 'degree': 7, 'spline_smoothing_factor': 1.0}",271,262,1.8520306064233119,12.415312152980313,0.954946232101173,-0.2467892163369732,120.53452159872768,-0.015397531043755297,0.9560126258852203,120.50522985281634,2.4518667473015967e-28,True
H2,184,16,"{'name': 'cheb_d7', 'family': 'chebyshev', 'degree': 7, 'spline_smoothing_factor': 1.0}",271,262,1.8330356193789834,12.321522104193603,0.9237861108888077,-0.26656741992636834,109.21462813674907,-0.03517573463315043,0.9241481436223087,109.06881124580082,7.837433907179618e-26,True
H2,192,16,"{'name': 'cheb_d7', 'family': 'chebyshev', 'degree': 7, 'spline_smoothing_factor': 1.0}",271,261,1.7930721541619536,12.078505585324825,0.8650180541732397,-0.23895804330741438,88.72229083223863,-0.007566358014196473,0.8652569391400552,88.71607016637336,2.278738880264799e-21,True
H2,200,16,"{'name': 'cheb_d7', 'family': 'chebyshev', 'degree': 7, 'spline_smoothing_factor': 1.0}",271,261,1.7900366553170675,12.018488437020054,0.8416135327818954,-0.28060188092981303,83.39706353472468,-0.04921019563659512,0.8453455933212456,83.14856192715149,3.8056357264408083e-20,True
H2,208,16,"{'name': 'cheb_d7', 'family': 'chebyshev', 'degree': 7, 'spline_smoothing_factor': 1.0}",271,262,1.8179038599723065,12.27214562985593,0.9124954781945843,-0.3308154871439869,106.4599343233516,-0.09942380185076899,0.9209604809877749,105.33960693398274,5.144935763483915e-25,True
H2,216,16,"{'name': 'cheb_d7', 'family': 'chebyshev', 'degree': 7, 'spline_smoothing_factor': 1.0}",271,262,1.8303506108563692,12.461381150757555,0.9310720743927293,-0.30879018789226653,115.62730817846091,-0.07739850259904862,0.9349823805979801,114.94114526544274,4.0534067805144426e-27,True
H2,224,16,"{'name': 'cheb_d7', 'family': 'chebyshev', 'degree': 7, 'spline_smoothing_factor': 1.0}",271,262,1.8168452100087218,12.410387469008954,0.8759693469212902,-0.26733321732949794,99.6328486022154,-0.03594153203628003,0.8766264169583318,99.49649748318063,9.82552873072352e-24,True
H2,232,16,"{'name': 'cheb_d7', 'family': 'chebyshev', 'degree': 7, 'spline_smoothing_factor': 1.0}",271,262,1.791706097253684,12.19370696439824,0.8444438874265269,-0.28092239538695996,88.46521299837514,-0.049530710093742054,0.8455166601717639,88.21092601394957,2.9417015539024314e-21,True
H2,240,16,"{'name': 'cheb_d7', 'family': 'chebyshev', 'degree': 7, 'spline_smoothing_factor': 1.0}",271,262,1.788413461032162,12.033841840057697,0.86698232815446,-0.31251478658092885,94.64460424527203,-0.08112310128771094,0.8714315011660906,93.9295317013399,1.6347967314916465e-22,True
H2,248,16,"{'name': 'cheb_d7', 'family': 'chebyshev', 'degree': 7, 'spline_smoothing_factor': 1.0}",271,262,1.8165863140602607,12.101371306776004,0.9061881838104803,-0.3297831084412468,108.95062996689614,-0.09839142314802889,0.9113124694720435,107.85870995314326,1.4431915723207493e-25,True
H2,256,16,"{'name': 'cheb_d7', 'family': 'chebyshev', 'degree': 7, 'spline_smoothing_factor': 1.0}",271,262,1.8477609693984987,12.497539349863793,0.9181978497943248,-0.30622370853965164,111.57184272380994,-0.07483202324643373,0.9193514642601004,110.9328035411445,3.060535746940265e-26,True
H2,264,16,"{'name': 'cheb_d7', 'family': 'chebyshev', 'degree': 7, 'spline_smoothing_factor': 1.0}",271,262,1.8487740539420656,12.718169913413899,0.8987170571392741,-0.29606810636156417,100.11747607327914,-0.06467642106834624,0.8981653433322675,99.64042784863625,9.136796721961572e-24,True
H2,272,16,"{'name': 'cheb_d7', 'family': 'chebyshev', 'degree': 7, 'spline_smoothing_factor': 1.0}",271,263,1.77004979482554,12.220908565489271,0.8693743790238231,-0.27928153675420375,88.41788006199681,-0.047889851460985844,0.8713359577855851,88.16399784514533,3.0123262194490083e-21,True
H2,280,16,"{'name': 'cheb_d7', 'family': 'chebyshev', 'degree': 7, 'spline_smoothing_factor': 1.0}",271,264,1.647270954564209,10.950626609018565,0.8945542966636537,-0.20354783607261343,94.5326939181657,0.027843849220604483,0.8907525602921583,94.44489100385044,1.2600585917682864e-22,True
H2,288,16,"{'name': 'cheb_d7', 'family': 'chebyshev', 'degree': 7, 'spline_smoothing_factor': 1.0}",271,266,1.5623676813247582,9.102116588306382,0.9922851298043465,-0.1720271630736278,124.43333576186217,0.0593645222195901,0.9830437098358985,123.97037053886652,4.2755497868344953e-29,True
H2,296,16,"{'name': 'cheb_d7', 'family': 'chebyshev', 'degree': 7, 'spline_smoothing_factor': 1.0}",271,264,2.0237762330189915,14.95191307711093,0.7767290726693451,-0.23993141928801845,79.57553760219116,-0.00853973399480054,0.7771262997636118,79.56965479441715,2.327603480035967e-19,True
H2,304,16,"{'name': 'cheb_d7', 'family': 'chebyshev', 'degree': 7, 'spline_smoothing_factor': 1.0}",276,271,1.5970945452784773,12.93702360086257,0.6931015362454377,-0.24345722294428235,62.7784199604323,-0.01206553765106444,0.6934104861613974,62.768496304454175,1.162439877873939e-15,True
H2,312,16,"{'name': 'cheb_d7', 'family': 'chebyshev', 'degree': 7, 'spline_smoothing_factor': 1.0}",284,278,1.6432723759687902,12.468144924877633,0.8208463555497956,-0.23096403361947676,89.1277597431764,0.0004276516737411473,0.8208234904167395,89.12774151632152,1.850620620332842e-21,True
H2,320,16,"{'name': 'cheb_d7', 'family': 'chebyshev', 'degree': 7, 'spline_smoothing_factor': 1.0}",285,278,1.562593176902176,9.632191884294311,0.9075523144940902,-0.46173521190844324,114.61445707867222,-0.23034352661522534,0.8994902331647504,108.30298449354598,1.153384719149071e-25,True
H2,328,16,"{'name': 'cheb_d7', 'family': 'chebyshev', 'degree': 7, 'spline_smoothing_factor': 1.0}",277,270,1.6391940630886106,11.403103804409001,0.9192607662555811,-0.7245032850797578,120.39309700784463,-0.49311159978653996,0.8392131230683585,93.92788036466641,1.636161180084438e-22,True
H2,0,32,"{'name': 'cheb_d7', 'family': 'chebyshev', 'degree': 7, 'spline_smoothing_factor': 1.0}",255,246,1.7173680501267337,11.070255299123808,0.9468891999216764,-0.35685747920404115,108.30411798327907,-0.12546579391082324,0.9491707796965054,106.39912877995391,3.0142117772147344e-25,True
H2,8,32,"{'name': 'cheb_d7', 'family': 'chebyshev', 'degree': 7, 'spline_smoothing_factor': 1.0}",263,254,1.8080286134338084,12.067403349990034,0.9682569473183684,-0.32094627147504723,116.01982664844456,-0.08955458618182932,0.9738450224011518,114.97182915768065,3.991170434933869e-27,True
H2,16,32,"{'name': 'cheb_d7', 'family': 'chebyshev', 'degree': 7, 'spline_smoothing_factor': 1.0}",266,257,1.8387215354373314,12.349248802594492,0.9625843032619331,-0.27952353811834374,115.65865691696592,-0.04813185282512583,0.9660152589003823,115.3604803594178,3.280840645545258e-27,True
H2,24,32,"{'name': 'cheb_d7', 'family': 'chebyshev', 'degree': 7, 'spline_smoothing_factor': 1.0}",273,264,1.818263813860011,12.353455173877382,0.9214401653318247,-0.30515260929522414,109.37627177182162,-0.07376092400200623,0.9238152036904878,108.72511682309482,9.321364484712254e-26,True
H2,32,32,"{'name': 'cheb_d7', 'family': 'chebyshev', 'degree': 7, 'spline_smoothing_factor': 1.0}",273,264,1.8267178789059717,12.336199944417258,0.9173071410422496,-0.2637619073833661,102.5746385359281,-0.032370222090148164,0.9196500983383401,102.44787123358333,2.2143467380496453e-24,True
H2,40,32,"{'name': 'cheb_d7', 'family': 'chebyshev', 'degree': 7, 'spline_smoothing_factor': 1.0}",265,256,1.8437503473953396,12.296099003651413,0.9136532066825276,-0.26784287681825636,100.45777026376743,-0.03645119152503845,0.9172550167864263,100.30805474818499,6.522260917824514e-24,True
H2,48,32,"{'name': 'cheb_d7', 'family': 'chebyshev', 'degree': 7, 'spline_smoothing_factor': 1.0}",262,253,1.875374075595771,12.383534272303171,0.9742915630947554,-0.3258153357341331,120.16500144178099,-0.09442365044091522,0.9817404381401523,119.08756343195944,5.010346297525178e-28,True
H2,56,32,"{'name': 'cheb_d7', 'family': 'chebyshev', 'degree': 7, 'spline_smoothing_factor': 1.0}",255,246,1.9033259422996798,12.442478305769784,1.0141076853010038,-0.34238744550824596,127.02918913148267,-0.11099576021502805,1.019563702566828,125.45313212084773,2.025220960765027e-29,True
H2,64,32,"{'name': 'cheb_d7', 'family': 'chebyshev', 'degree': 7, 'spline_smoothing_factor': 1.0}",255,246,1.9118730941034134,12.47260328019586,1.0539072266858769,-0.353702432155921,136.40937287338272,-0.12231074686270312,1.0540620253882482,134.26978436957074,2.3846867077325693e-31,True
H2,72,32,"{'name': 'cheb_d7', 'family': 'chebyshev', 'degree': 7, 'spline_smoothing_factor': 1.0}",255,246,1.90647250249494,12.468027978942658,1.1196386601256052,-0.3017861787553064,149.7678166123452,-0.07039449346208848,1.1220784440815388,148.93093975908062,1.4845890819772136e-34,True
H2,80,32,"{'name': 'cheb_d7', 'family': 'chebyshev', 'degree': 7, 'spline_smoothing_factor': 1.0}",255,246,1.9065689561130397,12.507572957348085,1.0994264785010048,-0.23982551717906794,143.9356716057348,-0.008433831885850033,1.1002435900604879,143.9240834276036,1.845690533195228e-33,True
H2,88,32,"{'name': 'cheb_d7', 'family': 'chebyshev', 'degree': 7, 'spline_smoothing_factor': 1.0}",255,246,1.9076008739221755,12.521590791009821,1.0718752169549475,-0.21530873522366545,139.08269669005733,0.01608295006955246,1.070256596645524,139.04380292928045,2.1542043375022586e-32,True
H2,96,32,"{'name': 'cheb_d7', 'family': 'chebyshev', 'degree': 7, 'spline_smoothing_factor': 1.0}",259,250,1.8937628840486218,12.519834100561567,1.0197289781093424,-0.2445228497512952,129.2912461325659,-0.0131311644580773,1.0204310557961929,129.2678719370001,2.962825043719104e-30,True
H2,104,32,"{'name': 'cheb_d7', 'family': 'chebyshev', 'degree': 7, 'spline_smoothing_factor': 1.0}",267,258,1.8720042396186303,12.482161918293203,0.9773695863415481,-0.3090022542125637,122.02898909261694,-0.07761056891934581,0.9768923378955899,121.25493067278899,1.6802583268380676e-28,True
H2,112,32,"{'name': 'cheb_d7', 'family': 'chebyshev', 'degree': 7, 'spline_smoothing_factor': 1.0}",275,266,1.850916293023408,12.4728646055987,0.9775246286629005,-0.3240079382948608,122.50539743125398,-0.09261625300164289,0.9761860569879308,121.34103281419698,1.6088943137015523e-28,True
H2,120,32,"{'name': 'cheb_d7', 'family': 'chebyshev', 'degree': 7, 'spline_smoothing_factor': 1.0}",281,272,1.8256495164759352,12.414418078609204,0.9651645191976883,-0.289014234736578,122.31538019818981,-0.057622549443360094,0.9668466081877675,121.86467788150208,1.2356604289219255e-28,True
H2,128,32,"{'name': 'cheb_d7', 'family': 'chebyshev', 'degree': 7, 'spline_smoothing_factor': 1.0}",277,268,1.8147568704597956,12.27378411412832,0.946927330583565,-0.21171001747966486,117.98092775641408,0.019681667813553044,0.9458385547660167,117.93186186821276,8.97239654387921e-28,True
H2,136,32,"{'name': 'cheb_d7', 'family': 'chebyshev', 'degree': 7, 'spline_smoothing_factor': 1.0}",269,260,1.8062821576238262,12.107179341750161,0.9440425254511609,-0.12028651989600714,111.42596372299215,0.11110516539721077,0.93477207823727,109.88882956460668,5.182163760786676e-26,True
H2,144,32,"{'name': 'cheb_d7', 'family': 'chebyshev', 'degree': 7, 'spline_smoothing_factor': 1.0}",261,252,1.8232968154363005,12.064786784544625,0.9720722293027139,-0.08293271472833888,111.96414701207891,0.14845897056487903,0.9540751059122494,109.08684114443656,7.76646671727008e-26,True
H2,152,32,"{'name': 'cheb_d7', 'family': 'chebyshev', 'degree': 7, 'spline_smoothing_factor': 1.0}",255,245,1.8522629513143152,12.08727883374094,0.9820606705420571,-0.09212393871112994,111.70378132801852,0.13926774658208796,0.9618072823056678,109.18154037447164,7.404141127357866e-26,True
H2,160,32,"{'name': 'cheb_d7', 'family': 'chebyshev', 'degree': 7, 'spline_smoothing_factor': 1.0}",255,246,1.88822552958504,12.372766371381774,1.035014640989496,-0.20714814413185392,128.12136691232615,0.024243541161363985,1.0323242185160573,128.03759584963097,5.506840714308189e-30,True
H2,168,32,"{'name': 'cheb_d7', 'family': 'chebyshev', 'degree': 7, 'spline_smoothing_factor': 1.0}",255,246,1.8667155348985975,12.260638767653147,1.0149354434274507,-0.16310671732602552,123.82637875822252,0.06828496796719238,1.0076561122622714,123.20348182401028,6.292833231929985e-29,True
H2,176,32,"{'name': 'cheb_d7', 'family': 'chebyshev', 'degree': 7, 'spline_smoothing_factor': 1.0}",255,245,1.8043159485034836,11.873388775084885,0.8618826689219463,-0.07951363663333952,85.72775964895663,0.1518780486598784,0.8467079147389438,83.49279413097395,3.197432324017266e-20,True
H2,184,32,"{'name': 'cheb_d7', 'family': 'chebyshev', 'degree': 7, 'spline_smoothing_factor': 1.0}",255,245,1.7621549517119348,11.5987829714083,0.720079754457753,-0.12284769276631828,55.931768032755826,0.10854399252689963,0.7112057484332011,55.10848687685075,5.702867799064469e-14,True
H2,192,32,"{'name': 'cheb_d7', 'family': 'chebyshev', 'degree': 7, 'spline_smoothing_factor': 1.0}",255,246,1.7511288217596752,11.653179965276736,0.7145193200267165,-0.28912773419629845,55.599840108106946,-0.05773604890308054,0.7183887022109645,55.372062633787436,4.9872019568951384e-14,True
H2,200,32,"{'name': 'cheb_d7', 'family': 'chebyshev', 'degree': 7, 'spline_smoothing_factor': 1.0}",255,246,1.7939897196777599,11.938407457610513,0.8095356966128159,-0.3591337488407201,77.33082042616331,-0.12774206354750214,0.8181910987151535,75.9731648607767,1.4377299543282547e-18,True
H2,208,32,"{'name': 'cheb_d7', 'family': 'chebyshev', 'degree': 7, 'spline_smoothing_factor': 1.0}",255,246,1.8315381214331323,12.288074877042241,0.8859809588413875,-0.2863989468949251,95.55259034803339,-0.055007261601707214,0.890002247881156,95.25653498094573,8.36225866142685e-23,True
H2,216,32,"{'name': 'cheb_d7', 'family': 'chebyshev', 'degree': 7, 'spline_smoothing_factor': 1.0}",255,246,1.7411017675700549,11.806003934420835,0.7949692430507068,-0.12355285374649828,75.52142009343595,0.10783883154671962,0.784772973785047,74.57920679241681,2.9126770244543244e-18,True
H2,224,32,"{'name': 'cheb_d7', 'family': 'chebyshev', 'degree': 7, 'spline_smoothing_factor': 1.0}",255,247,1.6320839438208465,10.88479737909077,0.6232917786677945,-0.06554115777824879,45.25245198046662,0.16585052751496912,0.6081964837803195,43.82798002578102,1.792712158805367e-11,True
H2,232,32,"{'name': 'cheb_d7', 'family': 'chebyshev', 'degree': 7, 'spline_smoothing_factor': 1.0}",255,249,1.516737849398741,9.074322381828711,0.5404268604741329,-0.22460762405936394,34.60468494362408,0.006784061233853971,0.5400833086628469,34.60286880877493,2.021549988573271e-09,True
H2,240,32,"{'name': 'cheb_d7', 'family': 'chebyshev', 'degree': 7, 'spline_smoothing_factor': 1.0}",255,245,1.717371808882207,11.147268097766576,0.7815789601849249,-0.39245192130410744,76.30531433588294,-0.16106023601088953,0.7825874639036733,74.24308328040274,3.4533194487311664e-18,True
H2,248,32,"{'name': 'cheb_d7', 'family': 'chebyshev', 'degree': 7, 'spline_smoothing_factor': 1.0}",255,246,1.864841329013244,12.412098276804818,0.9048090952167144,-0.3093660542036401,99.08329969310421,-0.0779743689104222,0.9058973464759382,98.43784252900343,1.6769420396716933e-23,True
H2,256,32,"{'name': 'cheb_d7', 'family': 'chebyshev', 'degree': 7, 'spline_smoothing_factor': 1.0}",255,247,1.812698147939132,12.578756727801585,0.7848818202276071,-0.21031728480400777,69.45753562151117,0.021074400489210134,0.7840369960334698,69.42106870189662,3.976726100516835e-17,True
H2,264,32,"{'name': 'cheb_d7', 'family': 'chebyshev', 'degree': 7, 'spline_smoothing_factor': 1.0}",255,248,1.5664564681370619,10.378477007525753,0.6515463844276643,-0.047811744977984044,44.476631284553605,0.18357994031523386,0.6303216865396363,42.55736259729156,3.431970704644895e-11,True
H2,272,32,"{'name': 'cheb_d7', 'family': 'chebyshev', 'degree': 7, 'spline_smoothing_factor': 1.0}",255,251,1.4722402116390345,9.025789103663858,0.6905232968711597,-0.30269248914556823,53.26506922297153,-0.07130080385235033,0.6957930079094674,52.947296315669405,1.7130965654015375e-13,True
H2,280,32,"{'name': 'cheb_d7', 'family': 'chebyshev', 'degree': 7, 'spline_smoothing_factor': 1.0}",255,253,1.438783672919782,7.894280019741699,0.8804505152867497,-0.3193486673506747,92.90690481717485,-0.08795698205745678,0.8875966853169456,92.1560117510453,4.005284994846695e-22,True
H2,288,32,"{'name': 'cheb_d7', 'family': 'chebyshev', 'degree': 7, 'spline_smoothing_factor': 1.0}",260,255,1.7719980801985347,15.230736148275508,0.6674176284834846,0.014580133611272977,53.28027148237118,0.24597181890449088,0.6316880292444166,49.946312415704256,7.900537722233552e-13,True
H2,296,32,"{'name': 'cheb_d7', 'family': 'chebyshev', 'degree': 7, 'spline_smoothing_factor': 1.0}",268,263,1.6608021755830904,13.801836327363192,0.6369971773141269,-0.19490453219720486,52.55465635100927,0.03648715309601305,0.6353120303666826,52.48299353871653,2.169951377901206e-13,True
H2,304,32,"{'name': 'cheb_d7', 'family': 'chebyshev', 'degree': 7, 'spline_smoothing_factor': 1.0}",274,273,1.2538050953466862,5.85227657153745,0.6539747557393315,-0.35926969405278325,56.49977880890958,-0.12787800875956534,0.6525130503837571,55.52356698236133,4.617262521246101e-14,True
H2,312,32,"{'name': 'cheb_d7', 'family': 'chebyshev', 'degree': 7, 'spline_smoothing_factor': 1.0}",274,270,1.3262786550508563,6.556493442922737,0.7564423552219831,-0.7114276442610904,79.99310901390106,-0.48003595896787243,0.6917883941640771,63.022542145709565,1.0217718910609801e-15,True
G1,0,1,"{'name': 'cheb_d7', 'family': 'chebyshev', 'degree': 7, 'spline_smoothing_factor': 1.0}",286,276,1.7275190044694144,8.48966635878821,0.9381795200705587,-0.16234355471866765,116.74286151973251,0.06904813057455025,0.9313274485064797,116.12343524280811,2.2330780800098024e-27,True
G1,1,1,"{'name': 'cheb_d7', 'family': 'chebyshev', 'degree': 7, 'spline_smoothing_factor': 1.0}",286,277,1.7072681789588968,8.225944118887115,0.9429512556578903,-0.1275514911231761,117.39527800577389,0.10384019417004181,0.9309386333608541,115.98215997696809,2.3979571214839988e-27,True
G1,2,1,"{'name': 'cheb_d7', 'family': 'chebyshev', 'degree': 7, 'spline_smoothing_factor': 1.0}",286,276,1.7269969425920988,8.468615034252775,0.9349199012757091,-0.15836715613589414,115.79218215755895,0.07302452915732377,0.9276099152878671,115.10354879482759,3.73467855282728e-27,True
G1,3,1,"{'name': 'cheb_d7', 'family': 'chebyshev', 'degree': 7, 'spline_smoothing_factor': 1.0}",286,277,1.7066911863114187,8.236099692226203,0.944983784759676,-0.13184854417897926,117.8673751162894,0.09954314111423865,0.9336913490159943,116.56131137328885,1.7906739727140963e-27,True
G1,4,1,"{'name': 'cheb_d7', 'family': 'chebyshev', 'degree': 7, 'spline_smoothing_factor': 1.0}",286,276,1.7264137552492906,8.467397489901755,0.9352076260421801,-0.1593647388122976,115.76913400277442,0.07202694648092031,0.9280497620669648,115.09795071679275,3.745236265663028e-27,True
G1,5,1,"{'name': 'cheb_d7', 'family': 'chebyshev', 'degree': 7, 'spline_smoothing_factor': 1.0}",286,276,1.7232880146000846,8.48197289740679,0.9416842018058655,-0.15953235403874558,117.31978792385621,0.07185933125447234,0.9344997332320323,116.64203509531796,1.7192527608687946e-27,True
G1,6,1,"{'name': 'cheb_d7', 'family': 'chebyshev', 'degree': 7, 'spline_smoothing_factor': 1.0}",286,276,1.7271169755754971,8.473113855968066,0.9380839403578,-0.1590680681100674,116.35611092027443,0.0723236171831505,0.9308589058324359,115.67443909223141,2.8004607661900014e-27,True
G1,7,1,"{'name': 'cheb_d7', 'family': 'chebyshev', 'degree': 7, 'spline_smoothing_factor': 1.0}",286,276,1.7272430982927065,8.472611595142036,0.9380819311981626,-0.1594540830133669,116.30014647963003,0.07193760227985102,0.9308959756298592,115.62536233080334,2.8706285184900463e-27,True
G1,8,1,"{'name': 'cheb_d7', 'family': 'chebyshev', 'degree': 7, 'spline_smoothing_factor': 1.0}",286,276,1.7241742770105926,8.47827932225322,0.9393654605003711,-0.16363150938796653,116.62075646768517,0.06776017590525138,0.9327025119760086,116.02001902123754,2.3526142784211855e-27,True
G1,9,1,"{'name': 'cheb_d7', 'family': 'chebyshev', 'degree': 7, 'spline_smoothing_factor': 1.0}",286,276,1.7272375986265947,8.472404433183213,0.9389889414235337,-0.15895394202810204,116.40467752994584,0.07243774326511587,0.9316865707773148,115.71854750083833,2.7388614331739072e-27,True
G1,10,1,"{'name': 'cheb_d7', 'family': 'chebyshev', 'degree': 7, 'spline_smoothing_factor': 1.0}",286,276,1.7258260952947462,8.480626092742812,0.9408423663934181,-0.1623572493015457,116.8658965371036,0.06903443599167222,0.9339520160242134,116.23994054336674,2.105673097416163e-27,True
G1,11,1,"{'name': 'cheb_d7', 'family': 'chebyshev', 'degree': 7, 'spline_smoothing_factor': 1.0}",286,276,1.7263647166440204,8.480359477779961,0.9412395388047793,-0.1613949372954499,116.90895414909994,0.069996747997768,0.9341872295683086,116.26473504939418,2.0795115694178784e-27,True
G1,12,1,"{'name': 'cheb_d7', 'family': 'chebyshev', 'degree': 7, 'spline_smoothing_factor': 1.0}",286,276,1.7250143185842803,8.458963188003851,0.9384008148425201,-0.15343259207480164,116.05474553968065,0.07795909321841626,0.9302422676408435,115.2606035659444,3.4503095547627765e-27,True
G1,13,1,"{'name': 'cheb_d7', 'family': 'chebyshev', 'degree': 7, 'spline_smoothing_factor': 1.0}",286,276,1.724421463197451,8.488047424863776,0.9443639563834918,-0.16239617376875654,117.6451052422932,0.06899551152446137,0.9373527279625798,117.01481480579423,1.4246564472389985e-27,True
G1,14,1,"{'name': 'cheb_d7', 'family': 'chebyshev', 'degree': 7, 'spline_smoothing_factor': 1.0}",286,276,1.726128332683854,8.483503930066407,0.9431733424021825,-0.16008388367775703,117.30031424854224,0.07130780161546088,0.9358216537067839,116.62883582482084,1.7307330423411994e-27,True
G1,15,1,"{'name': 'cheb_d7', 'family': 'chebyshev', 'degree': 7, 'spline_smoothing_factor': 1.0}",286,277,1.7081007217594646,8.236064223357731,0.9500007336752737,-0.126145212790071,118.49283806043513,0.10524647250314692,0.9373309092194968,117.01191624497415,1.4267400518638317e-27,True
G1,16,1,"{'name': 'cheb_d7', 'family': 'chebyshev', 'degree': 7, 'spline_smoothing_factor': 1.0}",286,276,1.7259631256422505,8.460977219664084,0.9379901634739868,-0.15339538688380527,115.91818389942864,0.07799629840941263,0.9296713477030842,115.12410981532082,3.69615622677978e-27,True
G1,17,1,"{'name': 'cheb_d7', 'family': 'chebyshev', 'degree': 7, 'spline_smoothing_factor': 1.0}",286,276,1.727221386757573,8.471647821290233,0.9400797856205323,-0.15540545844650241,116.48364919243306,0.0759862268467155,0.9319940324137963,115.72673101242833,2.7275827321357767e-27,True
G1,18,1,"{'name': 'cheb_d7', 'family': 'chebyshev', 'degree': 7, 'spline_smoothing_factor': 1.0}",286,276,1.7248863071996214,8.456655951875351,0.9364079606642188,-0.1524351664190964,115.55754774146317,0.0789565188741215,0.927897740064569,114.74706157033279,4.470187841289855e-27,True
G1,19,1,"{'name': 'cheb_d7', 'family': 'chebyshev', 'degree': 7, 'spline_smoothing_factor': 1.0}",286,276,1.7264347486284868,8.480989039288321,0.9426971826948427,-0.1556264388320276,117.20162477332633,0.07576524646119032,0.9345631922722019,116.44544689397787,1.8984037020417785e-27,True
G1,20,1,"{'name': 'cheb_d7', 'family': 'chebyshev', 'degree': 7, 'spline_smoothing_factor': 1.0}",286,276,1.7272399350045047,8.472304481361201,0.9394299144909907,-0.15444454565850524,116.41694702941072,0.07694713963471267,0.9311341392409482,115.64278324666975,2.8455218161753716e-27,True
G1,21,1,"{'name': 'cheb_d7', 'family': 'chebyshev', 'degree': 7, 'spline_smoothing_factor': 1.0}",286,276,1.7246383442664404,8.48454137718545,0.9441446974865355,-0.15379504072500144,117.63003721767222,0.07759664456821647,0.9356981497477805,116.8352401160023,1.5596685630180707e-27,True
G1,22,1,"{'name': 'cheb_d7', 'family': 'chebyshev', 'degree': 7, 'spline_smoothing_factor': 1.0}",286,276,1.7254553550158676,8.481583924338716,0.9425687048227507,-0.1530880946743378,117.28336492060305,0.07830359061888013,0.9340250068074578,116.47716197401962,1.868286907173088e-27,True
G1,23,1,"{'name': 'cheb_d7', 'family': 'chebyshev', 'degree': 7, 'spline_smoothing_factor': 1.0}",286,276,1.7204757716259382,8.452673819486302,0.9323463813130303,-0.15525361036104837,114.84596989013608,0.07613807493216955,0.9242040772685219,114.10049192058068,6.193455913957559e-27,True
G1,24,1,"{'name': 'cheb_d7', 'family': 'chebyshev', 'degree': 7, 'spline_smoothing_factor': 1.0}",286,276,1.7246146147119026,8.462106523283987,0.9340376589752336,-0.1559908298031899,115.33553078819557,0.07540085549002801,0.9259907221773679,114.60211754148418,4.809166837222617e-27,True
G1,25,1,"{'name': 'cheb_d7', 'family': 'chebyshev', 'degree': 7, 'spline_smoothing_factor': 1.0}",286,277,1.70656866552978,8.472635273368128,0.9165080144354769,-0.1790421425411308,111.46094729033996,0.052349542752087114,0.9115847756105484,111.12040182050214,2.784200008467314e-26,True
G1,26,1,"{'name': 'cheb_d7', 'family': 'chebyshev', 'degree': 7, 'spline_smoothing_factor': 1.0}",286,276,1.7251497425379372,8.466319324596096,0.9340425581902735,-0.1578241965688664,115.48482268902455,0.07356748872435151,0.9262833984071276,114.78724550614675,4.380515103860122e-27,True
G1,27,1,"{'name': 'cheb_d7', 'family': 'chebyshev', 'degree': 7, 'spline_smoothing_factor': 1.0}",286,276,1.7214002766237997,8.464869404615738,0.9329124117601353,-0.16136263229203407,115.31536009661795,0.07002905300118384,0.9256727629911825,114.6849604455515,4.61239451861505e-27,True
G1,28,1,"{'name': 'cheb_d7', 'family': 'chebyshev', 'degree': 7, 'spline_smoothing_factor': 1.0}",286,276,1.7269296372520804,8.473275701840338,0.9364296745484769,-0.1531572455380637,116.10730399101999,0.0782344397551542,0.9280426897874321,115.31518599861977,3.356638254021835e-27,True
G1,29,1,"{'name': 'cheb_d7', 'family': 'chebyshev', 'degree': 7, 'spline_smoothing_factor': 1.0}",286,276,1.7259995502047691,8.473108545444251,0.9364574582201264,-0.15110428833214412,116.12493540881951,0.08028739696107379,0.9278093378813069,115.29098782712299,3.3978477831746056e-27,True
G1,30,1,"{'name': 'cheb_d7', 'family': 'chebyshev', 'degree': 7, 'spline_smoothing_factor': 1.0}",286,276,1.7246848063154439,8.473670699433894,0.9346922310382718,-0.16325528025839126,115.90777834843459,0.06813640503482665,0.9277853514986986,115.30918877526881,3.366804708365539e-27,True
G1,31,1,"{'name': 'cheb_d7', 'family': 'chebyshev', 'degree': 7, 'spline_smoothing_factor': 1.0}",286,276,1.7228388328203788,8.476777468107466,0.9354356216033087,-0.16674928909881948,116.16879515013818,0.06464239619439843,0.9290169184238033,115.62915619227033,2.8651420718243122e-27,True
G1,43,1,"{'name': 'cheb_d7', 'family': 'chebyshev', 'degree': 7, 'spline_smoothing_factor': 1.0}",286,276,1.7272207172291167,8.472383064649833,0.938822561575713,-0.1600398370734402,116.36862049864237,0.07135184821977772,0.9317611761422189,115.7040201512491,2.7589983762949547e-27,True
G1,44,1,"{'name': 'cheb_d7', 'family': 'chebyshev', 'degree': 7, 'spline_smoothing_factor': 1.0}",286,277,1.707365054634018,8.238638897727622,0.9429415555022185,-0.12630333252594766,116.84069317383887,0.10508835276727024,0.9308136651410926,115.38853558283688,3.234752799449835e-27,True
G1,45,1,"{'name': 'cheb_d7', 'family': 'chebyshev', 'degree': 7, 'spline_smoothing_factor': 1.0}",286,277,1.7074003939846751,8.238198876738073,0.943092034294162,-0.12669222642241032,116.79970178588985,0.10469945887080759,0.9309957539303401,115.3571143561611,3.286414103490807e-27,True
G1,46,1,"{'name': 'cheb_d7', 'family': 'chebyshev', 'degree': 7, 'spline_smoothing_factor': 1.0}",286,276,1.725347716683301,8.460980225601787,0.9337376924356483,-0.1550390119753818,114.80082422408577,0.0763526733178361,0.9259794979214769,114.04718512760041,6.362213529746085e-27,True
G1,47,1,"{'name': 'cheb_d7', 'family': 'chebyshev', 'degree': 7, 'spline_smoothing_factor': 1.0}",286,276,1.7264961870488582,8.466008906539704,0.9375385322598295,-0.1570359582351214,115.69422610264792,0.07435572705809651,0.9299881210920105,114.97334168042187,3.988127412625335e-27,True
G1,48,1,"{'name': 'cheb_d7', 'family': 'chebyshev', 'degree': 7, 'spline_smoothing_factor': 1.0}",286,276,1.7253523860350415,8.46045428192755,0.9342834321588513,-0.1551361672807217,114.80170932202259,0.07625551801249622,0.9264602252876392,114.04863919072693,6.357549833998272e-27,True
G1,56,1,"{'name': 'cheb_d7', 'family': 'chebyshev', 'degree': 7, 'spline_smoothing_factor': 1.0}",286,277,1.7144026236422156,8.472635273368128,0.9139730860166791,-0.16310275533645904,109.88708812175969,0.06828892995675886,0.9070465471910367,109.30944404013121,6.941462478820975e-26,True
G1,57,1,"{'name': 'cheb_d7', 'family': 'chebyshev', 'degree': 7, 'spline_smoothing_factor': 1.0}",286,276,1.7259493369395789,8.462210361673838,0.9362603754897335,-0.15468247615155523,115.22322114919507,0.07670920914166267,0.9279545599238471,114.45903719938292,5.1689946110742115e-27,True
G1,58,1,"{'name': 'cheb_d7', 'family': 'chebyshev', 'degree': 7, 'spline_smoothing_factor': 1.0}",286,277,1.7070706979165795,8.235534892743031,0.9427198001186573,-0.13003864120022732,116.49010203639784,0.10135304409299059,0.9304623084567486,115.1402563330638,3.6661835261874064e-27,True
G1,59,1,"{'name': 'cheb_d7', 'family': 'chebyshev', 'degree': 7, 'spline_smoothing_factor': 1.0}",286,277,1.7081354401624758,8.238245702297261,0.9448141169467653,-0.12981217920085955,117.06656732647457,0.10157950609235836,0.9324619358435707,115.70544120638033,2.7570220783604857e-27,True
G1,60,1,"{'name': 'cheb_d7', 'family': 'chebyshev', 'degree': 7, 'spline_smoothing_factor': 1.0}",286,276,1.725896786797838,8.46210138454612,0.9351451825156,-0.15498843002520765,115.14149957284769,0.07640325526801026,0.9268284156897716,114.38646139118805,5.3616830686263286e-27,True
G1,61,1,"{'name': 'cheb_d7', 'family': 'chebyshev', 'degree': 7, 'spline_smoothing_factor': 1.0}",286,277,1.703196189407329,8.231174339532535,0.9365580476316292,-0.13467392238937786,115.24813321333374,0.09671776290384003,0.9250909846823655,114.03669665752386,6.395955279688817e-27,True
G1,62,1,"{'name': 'cheb_d7', 'family': 'chebyshev', 'degree': 7, 'spline_smoothing_factor': 1.0}",286,277,1.7078972044227747,8.238174517134597,0.9437483305000359,-0.13137680748130995,117.05479207584858,0.10001487781190797,0.9316457357136433,115.74044341445745,2.7087880226419604e-27,True
G1,63,1,"{'name': 'cheb_d7', 'family': 'chebyshev', 'degree': 7, 'spline_smoothing_factor': 1.0}",286,277,1.705979093501791,8.23490041112643,0.9406019458803605,-0.13406304442456185,116.40073669575997,0.09732864086865606,0.928996260536778,115.16481009173458,3.621069747499009e-27,True
G1,64,1,"{'name': 'cheb_d7', 'family': 'chebyshev', 'degree': 7, 'spline_smoothing_factor': 1.0}",286,276,1.726374387122287,8.46485152621013,0.9349981407789308,-0.1554760298659034,115.43666483205152,0.0759156554273145,0.9267702992160491,114.69314763876923,4.593390616680925e-27,True
G1,65,1,"{'name': 'cheb_d7', 'family': 'chebyshev', 'degree': 7, 'spline_smoothing_factor': 1.0}",286,277,1.7067031426045942,8.236736243224604,0.941853113603694,-0.13488752861722472,116.89092058303356,0.09650415667599319,0.9304160291351921,115.67377372928911,2.8014005058328304e-27,True
G1,66,1,"{'name': 'cheb_d7', 'family': 'chebyshev', 'degree': 7, 'spline_smoothing_factor': 1.0}",286,277,1.70620543112789,8.236418760939863,0.9415041598861571,-0.13636800184645123,116.90677431498557,0.09502368344676668,0.9303484265920405,115.72793896568976,2.7259218426494027e-27,True
G1,67,1,"{'name': 'cheb_d7', 'family': 'chebyshev', 'degree': 7, 'spline_smoothing_factor': 1.0}",286,276,1.7272322259867379,8.472580305618058,0.9367420702743653,-0.15373614954407425,116.07073907878976,0.07765553574914366,0.9283340302753154,115.29088107931977,3.398030691348437e-27,True
G1,68,1,"{'name': 'cheb_d7', 'family': 'chebyshev', 'degree': 7, 'spline_smoothing_factor': 1.0}",286,276,1.725296530338194,8.461269745166721,0.9323520724961817,-0.16012464296432807,115.14955384155769,0.07126704232888983,0.9249191329925881,114.49883566139988,5.066286281517335e-27,True
G1,69,1,"{'name': 'cheb_d7', 'family': 'chebyshev', 'degree': 7, 'spline_smoothing_factor': 1.0}",286,276,1.7226641711156192,8.456623103468841,0.9303941315067433,-0.1653294135989636,114.80233087964473,0.06606227169425431,0.9237141503903005,114.24549661985839,5.756712303745567e-27,True
G1,70,1,"{'name': 'cheb_d7', 'family': 'chebyshev', 'degree': 7, 'spline_smoothing_factor': 1.0}",286,276,1.7271510201945295,8.480049305076784,0.9367768882046309,-0.15194642496658256,116.21804905939814,0.07944526032663535,0.9282396972001267,115.40225996415381,3.2124434336835364e-27,True
G1,71,1,"{'name': 'cheb_d7', 'family': 'chebyshev', 'degree': 7, 'spline_smoothing_factor': 1.0}",286,276,1.7271627174982536,8.471420963891376,0.934928802325011,-0.156375195255136,115.8627600000882,0.07501649003808192,0.9270831242000555,115.13807836495062,3.670212250519955e-27,True
G1,72,1,"{'name': 'cheb_d7', 'family': 'chebyshev', 'degree': 7, 'spline_smoothing_factor': 1.0}",286,276,1.7260250926761964,8.464642457980538,0.9340543782466436,-0.16127318565585494,115.7437772996725,0.07011849963736297,0.9269297415162437,115.11160057252141,3.719545451590959e-27,True
G1,73,1,"{'name': 'cheb_d7', 'family': 'chebyshev', 'degree': 7, 'spline_smoothing_factor': 1.0}",286,276,1.7272815970715814,8.474790336787526,0.9348921729383586,-0.15575885184584226,115.87851036480265,0.07563283344737566,0.927050938521566,115.14171712455106,3.663483886853192e-27,True
G1,74,1,"{'name': 'cheb_d7', 'family': 'chebyshev', 'degree': 7, 'spline_smoothing_factor': 1.0}",286,276,1.726954792647583,8.469449316679398,0.9349256837076083,-0.15938823125312515,115.94053647585622,0.07200345404009276,0.9276223673360247,115.27239686609266,3.429851609484279e-27,True
G1,75,1,"{'name': 'cheb_d7', 'family': 'chebyshev', 'degree': 7, 'spline_smoothing_factor': 1.0}",286,276,1.7264044247858377,8.466731913351195,0.9355655340361425,-0.16190915665187636,116.12436592359393,0.06948252864134155,0.9286306001979339,115.50103453792781,3.0563576265972754e-27,True
G1,76,1,"{'name': 'cheb_d7', 'family': 'chebyshev', 'degree': 7, 'spline_smoothing_factor': 1.0}",286,276,1.726834611612987,8.468879110398376,0.9358126386928018,-0.16090705564536045,116.14715553346002,0.07048462964785746,0.9287754401571455,115.50512276371546,3.050063385273956e-27,True
G1,77,1,"{'name': 'cheb_d7', 'family': 'chebyshev', 'degree': 7, 'spline_smoothing_factor': 1.0}",286,276,1.7227853465463288,8.46130889823101,0.9392820975659598,-0.16915484468939362,117.09939221978357,0.062236840603824284,0.9333099548714653,116.59466933163253,1.7608072609507256e-27,True
G1,78,1,"{'name': 'cheb_d7', 'family': 'chebyshev', 'degree': 7, 'spline_smoothing_factor': 1.0}",286,276,1.7252452735136976,8.4647384024502,0.938989916199538,-0.16537350843101897,116.92703302146776,0.06601817686219894,0.9325611182138589,116.35925185878125,1.9827306993344988e-27,True
G1,79,1,"{'name': 'cheb_d7', 'family': 'chebyshev', 'degree': 7, 'spline_smoothing_factor': 1.0}",286,276,1.7271023157153502,8.476507436067447,0.9344869880423167,-0.15734002106230519,115.64234014711155,0.07405166423091272,0.9270508976087948,114.93466272457033,4.066679048969339e-27,True
G1,80,1,"{'name': 'cheb_d7', 'family': 'chebyshev', 'degree': 7, 'spline_smoothing_factor': 1.0}",286,276,1.727248634211537,8.47343322344365,0.9361578648653919,-0.15925808162032046,116.0289888536438,0.07213360367289745,0.9289761113825001,115.35463096208241,3.290532198953051e-27,True
G1,81,1,"{'name': 'cheb_d7', 'family': 'chebyshev', 'degree': 7, 'spline_smoothing_factor': 1.0}",286,276,1.7255845013694062,8.46659009378333,0.9418946535482309,-0.16439100925127362,117.47083316077965,0.06700067604194428,0.9353476253007031,116.88139093736129,1.5237946544020545e-27,True
G1,82,1,"{'name': 'cheb_d7', 'family': 'chebyshev', 'degree': 7, 'spline_smoothing_factor': 1.0}",286,276,1.7226538280058126,8.464485251810506,0.9467948158393431,-0.16735383176336857,118.67788887132008,0.06403785352984934,0.9405913792746885,118.1334220153243,8.105418576515398e-28,True
G1,83,1,"{'name': 'cheb_d7', 'family': 'chebyshev', 'degree': 7, 'spline_smoothing_factor': 1.0}",286,276,1.7269440947505124,8.470423462492247,0.940398149183485,-0.16115042612480576,116.92707857126095,0.07024125916841215,0.9334263017103295,116.28066133700588,2.0628789248872793e-27,True
G1,84,1,"{'name': 'cheb_d7', 'family': 'chebyshev', 'degree': 7, 'spline_smoothing_factor': 1.0}",286,276,1.726854798641116,8.476050476663865,0.9350038491410094,-0.15798470518632352,115.48458024582112,0.0734069801068944,0.9276353638661349,114.78641023188709,4.382360629889879e-27,True
G1,85,1,"{'name': 'cheb_d7', 'family': 'chebyshev', 'degree': 7, 'spline_smoothing_factor': 1.0}",286,276,1.7270088491880182,8.470990077652381,0.94148344283812,-0.16026710342510792,117.06708775853485,0.07112458186810999,0.9343493486247673,116.40216857927851,1.9402859034342664e-27,True
G1,86,1,"{'name': 'cheb_d7', 'family': 'chebyshev', 'degree': 7, 'spline_smoothing_factor': 1.0}",286,276,1.7272346179407365,8.472816289966513,0.9392963603000152,-0.15899021774697814,116.45371892130674,0.07240146754623977,0.9319812070114447,115.76768585307127,2.6718319699070845e-27,True
G1,87,1,"{'name': 'cheb_d7', 'family': 'chebyshev', 'degree': 7, 'spline_smoothing_factor': 1.0}",286,276,1.7271650451125318,8.473585824609247,0.9382113327848813,-0.15836703100169494,116.1309282070024,0.07302465429152298,0.9307894314167907,115.43445141841323,3.160717242331065e-27,True
G1,88,1,"{'name': 'cheb_d7', 'family': 'chebyshev', 'degree': 7, 'spline_smoothing_factor': 1.0}",286,276,1.7260620392321298,8.47017636489686,0.9469794660603855,-0.1590884030432928,118.28494464114465,0.07230328224992509,0.939552457379678,117.58915718291303,1.0664671230105346e-27,True
G1,89,1,"{'name': 'cheb_d7', 'family': 'chebyshev', 'degree': 7, 'spline_smoothing_factor': 1.0}",286,276,1.726536028034453,8.47100848155497,0.9458852285153195,-0.15800122880975997,117.96711753955356,0.07339045648345793,0.9382806186789668,117.2518443457169,1.26417623518898e-27,True
G1,90,1,"{'name': 'cheb_d7', 'family': 'chebyshev', 'degree': 7, 'spline_smoothing_factor': 1.0}",286,276,1.7256775231294628,8.475013042215224,0.9327873537300189,-0.15776975412863614,114.70146031013428,0.07362193116458177,0.9252186318711533,114.00144061260005,6.510692538402506e-27,True
G1,91,1,"{'name': 'cheb_d7', 'family': 'chebyshev', 'degree': 7, 'spline_smoothing_factor': 1.0}",286,276,1.7261638978131382,8.473994361948755,0.9343197618690213,-0.15761591600145314,115.06872919362581,0.07377576929176477,0.9266794520302833,114.36350767654517,5.424107935458856e-27,True
G1,92,1,"{'name': 'cheb_d7', 'family': 'chebyshev', 'degree': 7, 'spline_smoothing_factor': 1.0}",286,276,1.7271066099205838,8.472876842234976,0.938800308494537,-0.1566385316304011,116.16307011286631,0.07475315366281682,0.9309499101701678,115.43221329473897,3.1642864262094697e-27,True
G1,93,1,"{'name': 'cheb_d7', 'family': 'chebyshev', 'degree': 7, 'spline_smoothing_factor': 1.0}",286,276,1.7255740299428275,8.472976094155506,0.9329073528598301,-0.15795363388785524,114.74239121857875,0.07343805140536268,0.925253727882174,114.04595975484835,6.36614639105701e-27,True
G1,94,1,"{'name': 'cheb_d7', 'family': 'chebyshev', 'degree': 7, 'spline_smoothing_factor': 1.0}",286,276,1.7266298185386186,8.472815238431902,0.9458890629460638,-0.1534866570649728,117.91213656510502,0.07790502822824509,0.937459432006817,117.1068642274414,1.3600470057800123e-27,True
G1,95,1,"{'name': 'cheb_d7', 'family': 'chebyshev', 'degree': 7, 'spline_smoothing_factor': 1.0}",286,276,1.7270960568137133,8.472409821649233,0.9385366160227355,-0.1556133471013204,116.15164891444408,0.0757783381918975,0.9304477399428738,115.40173445795153,3.2132948186169282e-27,True
G1,96,1,"{'name': 'cheb_d7', 'family': 'chebyshev', 'degree': 7, 'spline_smoothing_factor': 1.0}",286,276,1.7250843725526057,8.474114686640142,0.9492294714517311,-0.14988709315999751,118.76484007970555,0.08150459213322041,0.9401846900391174,117.8780709018082,9.21905643596314e-28,True
G1,97,1,"{'name': 'cheb_d7', 'family': 'chebyshev', 'degree': 7, 'spline_smoothing_factor': 1.0}",286,276,1.7268752761865653,8.4717392773223,0.936842998706628,-0.15587367255473603,115.82646203197339,0.07551801273848188,0.9287651792563326,115.08503143830217,3.769715495264426e-27,True
G1,98,1,"{'name': 'cheb_d7', 'family': 'chebyshev', 'degree': 7, 'spline_smoothing_factor': 1.0}",286,276,1.7256979996172095,8.475031232845524,0.9464395266110567,-0.1488259317301615,118.1548411734301,0.0825657535630564,0.937231330009019,117.25110453532773,1.264647871430605e-27,True
G1,99,1,"{'name': 'cheb_d7', 'family': 'chebyshev', 'degree': 7, 'spline_smoothing_factor': 1.0}",286,276,1.7266248999941642,8.474745725995021,0.9432575580446754,-0.14998483120188305,117.43884330988203,0.08140685409133486,0.934248541510695,116.56659403053129,1.7859106525322155e-27,True
G1,100,1,"{'name': 'cheb_d7', 'family': 'chebyshev', 'degree': 7, 'spline_smoothing_factor': 1.0}",286,276,1.7272361134664649,8.472673036669134,0.9382895742065864,-0.15360357728007926,116.32267397041619,0.07778810801313867,0.9298600856470247,115.53487587471272,3.0046442551921837e-27,True
G1,101,1,"{'name': 'cheb_d7', 'family': 'chebyshev', 'degree': 7, 'spline_smoothing_factor': 1.0}",286,276,1.7234686247588258,8.465108247051889,0.9305738821695738,-0.16219851654550949,114.61226116948285,0.06919316874770842,0.9234209825674381,113.9991992371472,6.518056079757608e-27,True
G1,102,1,"{'name': 'cheb_d7', 'family': 'chebyshev', 'degree': 7, 'spline_smoothing_factor': 1.0}",286,276,1.725105244910693,8.466692928913286,0.9325943705392388,-0.1602834336443564,115.13979836025271,0.0711082516488615,0.9251789320759911,114.48988881027219,5.089196210049679e-27,True
G1,103,1,"{'name': 'cheb_d7', 'family': 'chebyshev', 'degree': 7, 'spline_smoothing_factor': 1.0}",286,276,1.726550403086218,8.476564086066254,0.939893783060849,-0.1486996062988099,116.82405879943963,0.082692078994408,0.9307789026185949,115.93226966760949,2.4590470432668e-27,True
G1,104,1,"{'name': 'cheb_d7', 'family': 'chebyshev', 'degree': 7, 'spline_smoothing_factor': 1.0}",286,276,1.7272337122561554,8.47429579500442,0.9371437186889797,-0.1523254240254829,116.25010575135855,0.079066261267735,0.9286160214237367,115.43972929650238,3.1523164317509905e-27,True
G1,105,1,"{'name': 'cheb_d7', 'family': 'chebyshev', 'degree': 7, 'spline_smoothing_factor': 1.0}",286,276,1.723851969859225,8.462318018855376,0.932735359512551,-0.16354101835465548,115.37781198329674,0.06785066693856243,0.9258334480023473,114.78650427723517,4.3821527992518525e-27,True
G1,106,1,"{'name': 'cheb_d7', 'family': 'chebyshev', 'degree': 7, 'spline_smoothing_factor': 1.0}",286,276,1.7264474772300558,8.468242491233921,0.9345058132248363,-0.15888932070197276,115.7804876751211,0.07250236459124515,0.926994252436964,115.10307789505919,3.735565499927368e-27,True
G1,107,1,"{'name': 'cheb_d7', 'family': 'chebyshev', 'degree': 7, 'spline_smoothing_factor': 1.0}",286,276,1.7272379389444201,8.472701984586664,0.9351786828464346,-0.1553687480803286,115.92097630257263,0.0760229372128893,0.9272112086167643,115.17536990692463,3.601838840640422e-27,True
G1,108,1,"{'name': 'cheb_d7', 'family': 'chebyshev', 'degree': 7, 'spline_smoothing_factor': 1.0}",286,276,1.727128453506205,8.471475104712846,0.9349410187741632,-0.1568874232748739,115.902588483817,0.07450426201834402,0.9272273963374668,115.18684848721296,3.58105058002137e-27,True
G1,109,1,"{'name': 'cheb_d7', 'family': 'chebyshev', 'degree': 7, 'spline_smoothing_factor': 1.0}",286,276,1.7257140106185962,8.464680861328803,0.9354327634848876,-0.16202031187356514,116.10826851924037,0.06937137341965277,0.9284505723695793,115.48694841567499,3.078144311169169e-27,True
G1,110,1,"{'name': 'cheb_d7', 'family': 'chebyshev', 'degree': 7, 'spline_smoothing_factor': 1.0}",286,276,1.7257190824119177,8.481677285895477,0.933489606897693,-0.14860845372161577,115.42185835390967,0.08278323157160213,0.9247041591630266,114.54126840969741,4.9590268676444025e-27,True
G1,111,1,"{'name': 'cheb_d7', 'family': 'chebyshev', 'degree': 7, 'spline_smoothing_factor': 1.0}",286,277,1.708316371951803,8.241724216727414,0.9500262257980696,-0.13863718254539292,119.38311699507108,0.09275450274782499,0.9396208287788681,118.23857875638998,7.686893823385773e-28,True
G1,112,1,"{'name': 'cheb_d7', 'family': 'chebyshev', 'degree': 7, 'spline_smoothing_factor': 1.0}",286,277,1.7084768091161147,8.241703455997637,0.9509459639337355,-0.1386213477872497,119.58666938556246,0.09277033750596822,0.9405740574705417,118.43923979867031,6.947293722090809e-28,True
G1,113,1,"{'name': 'cheb_d7', 'family': 'chebyshev', 'degree': 7, 'spline_smoothing_factor': 1.0}",286,276,1.7272386469155594,8.47681539217063,0.9338441322004021,-0.15596093526403948,115.53154982699789,0.07543075002917843,0.9262027794963635,114.79905705728345,4.354500718046622e-27,True
G1,114,1,"{'name': 'cheb_d7', 'family': 'chebyshev', 'degree': 7, 'spline_smoothing_factor': 1.0}",286,276,1.7271779446562738,8.471827041972768,0.9360506938249649,-0.15935076928807915,116.07631775649611,0.07204091600513876,0.9288765064410236,115.40465012255129,3.208573927769407e-27,True
G1,115,1,"{'name': 'cheb_d7', 'family': 'chebyshev', 'degree': 7, 'spline_smoothing_factor': 1.0}",286,277,1.7067169875699646,8.234613596517548,0.9566582270711834,-0.14067965424727427,120.9058025138869,0.09071203104594364,0.9466484364808466,119.79409393908111,3.5089950433799574e-28,True
G1,116,1,"{'name': 'cheb_d7', 'family': 'chebyshev', 'degree': 7, 'spline_smoothing_factor': 1.0}",286,276,1.726492086087129,8.466236974073082,0.939745940957376,-0.16196821020183405,116.90236303125516,0.06942347509138386,0.9329270226466034,116.27302596580284,2.0708362681235244e-27,True
G1,117,1,"{'name': 'cheb_d7', 'family': 'chebyshev', 'degree': 7, 'spline_smoothing_factor': 1.0}",286,276,1.7271468536503665,8.4713776036887,0.9379243088064876,-0.1602833667698346,116.34999182576064,0.07110831852338333,0.9309070861856062,115.69201228693407,2.775754692372289e-27,True
G1,118,1,"{'name': 'cheb_d7', 'family': 'chebyshev', 'degree': 7, 'spline_smoothing_factor': 1.0}",286,277,1.705719246768844,8.229667821905997,0.9629313781959529,-0.13983938987113648,122.25231899815492,0.09155229542208143,0.9527633060189313,121.10334536400376,1.8136760282975604e-28,True
G1,119,1,"{'name': 'cheb_d7', 'family': 'chebyshev', 'degree': 7, 'spline_smoothing_factor': 1.0}",286,277,1.7060515723100675,8.230036060679229,0.9641417554560024,-0.13882519251467512,122.45820332234678,0.09256649277854279,0.9537977439289316,121.28013798703046,1.6590441200587365e-28,True
G1,120,1,"{'name': 'cheb_d7', 'family': 'chebyshev', 'degree': 7, 'spline_smoothing_factor': 1.0}",286,277,1.7086915515626586,8.239169637620476,0.9605325882757854,-0.1366554923314785,121.42450721263708,0.09473619296173941,0.9498727565342223,120.19933700647732,2.8606435804308797e-28,True
G1,121,1,"{'name': 'cheb_d7', 'family': 'chebyshev', 'degree': 7, 'spline_smoothing_factor': 1.0}",286,276,1.7266939387872842,8.466908489164057,0.9434925120983636,-0.16058078767613185,117.40673825713361,0.07081089761708606,0.9364432089532883,116.74513560489436,1.63216117152551e-27,True
G1,122,1,"{'name': 'cheb_d7', 'family': 'chebyshev', 'degree': 7, 'spline_smoothing_factor': 1.0}",286,277,1.7030141537442036,8.218974233967252,0.9739623062004124,-0.1357613354713991,124.65411698981927,0.09563034982181881,0.9629519282966028,123.36946758797376,5.787820829476535e-29,True
G1,123,1,"{'name': 'cheb_d7', 'family': 'chebyshev', 'degree': 7, 'spline_smoothing_factor': 1.0}",286,277,1.7010493787962242,8.212816934261536,0.978552934225632,-0.13397268358041722,125.72289027579257,0.09741900171280068,0.9671565235862176,124.3767905237778,3.4836882052639597e-29,True
G1,150,1,"{'name': 'cheb_d7', 'family': 'chebyshev', 'degree': 7, 'spline_smoothing_factor': 1.0}",286,277,1.715658470699964,8.472635273368128,0.9364141778002126,-0.13163072303632753,115.90397005136037,0.09976096225689038,0.924965963923113,114.61953629488778,4.767107650907244e-27,True
G1,151,1,"{'name': 'cheb_d7', 'family': 'chebyshev', 'degree': 7, 'spline_smoothing_factor': 1.0}",286,276,1.724808262797157,8.454336602234847,0.9371298967462037,-0.14307048605120126,116.24158924600488,0.08832119924201665,0.927504565375582,115.23223868594812,3.5000155327979376e-27,True
G1,152,1,"{'name': 'cheb_d7', 'family': 'chebyshev', 'degree': 7, 'spline_smoothing_factor': 1.0}",286,276,1.7474292207617859,8.996762083770323,0.9188093329737974,-0.17045647500368002,112.114404299012,0.06093521028953788,0.9130903873215317,111.6517352382615,2.1296332713790197e-26,True
G1,153,1,"{'name': 'cheb_d7', 'family': 'chebyshev', 'degree': 7, 'spline_smoothing_factor': 1.0}",286,277,1.7025993435732487,8.216708613934676,0.9502518351205541,-0.10419212860029733,118.93068643387255,0.12719955669292057,0.9339825454488375,116.78220377498224,1.6019390493609882e-27,True
G1,154,1,"{'name': 'cheb_d7', 'family': 'chebyshev', 'degree': 7, 'spline_smoothing_factor': 1.0}",286,276,1.7265973350951986,8.46507808408454,0.9353215140656926,-0.15270243706144038,115.85070703449856,0.07868924823177753,0.9272143137133032,115.05103633008969,3.834896101027279e-27,True
G1,155,1,"{'name': 'cheb_d7', 'family': 'chebyshev', 'degree': 7, 'spline_smoothing_factor': 1.0}",286,276,1.7468123912881215,8.996488212887414,0.9230483989430529,-0.1712716957445969,113.04932630388794,0.06011998954862099,0.9174645863901638,112.59406231870162,1.3239978583863367e-26,True
G1,156,1,"{'name': 'cheb_d7', 'family': 'chebyshev', 'degree': 7, 'spline_smoothing_factor': 1.0}",286,276,1.7262608652983293,8.463098935412487,0.9351103760733531,-0.1518119559125737,115.68827268359291,0.0795797293806442,0.9269163196905686,114.86986750231335,4.201751953400045e-27,True
G1,157,1,"{'name': 'cheb_d7', 'family': 'chebyshev', 'degree': 7, 'spline_smoothing_factor': 1.0}",286,276,1.7262448488866693,8.463212159912768,0.9350839947204013,-0.15215603046721626,115.62975694349757,0.07923565482600164,0.9269454677263539,114.81796166742106,4.313185375672394e-27,True
G1,158,1,"{'name': 'cheb_d7', 'family': 'chebyshev', 'degree': 7, 'spline_smoothing_factor': 1.0}",286,276,1.727094239581683,8.469931478221765,0.9365524374858024,-0.15752780569786684,116.00947775890131,0.07386387959535107,0.9291384585231947,115.30119485575597,3.380403848032421e-27,True
G1,159,1,"{'name': 'cheb_d7', 'family': 'chebyshev', 'degree': 7, 'spline_smoothing_factor': 1.0}",286,277,1.698078798304432,8.213864423847925,0.9419064143034358,-0.10515459605726765,116.56511040276393,0.12623708923595026,0.9260600982043982,114.47872175055716,5.1179367870166284e-27,True
G1,160,1,"{'name': 'cheb_d7', 'family': 'chebyshev', 'degree': 7, 'spline_smoothing_factor': 1.0}",286,276,1.7251377956191076,8.459238811360148,0.9337765543357831,-0.1497492659605302,115.09160588231293,0.0816424193326877,0.925288694635897,114.23081788970455,5.799484671787125e-27,True
G1,161,1,"{'name': 'cheb_d7', 'family': 'chebyshev', 'degree': 7, 'spline_smoothing_factor': 1.0}",286,276,1.7218309817260609,8.450437676006866,0.9306191225957476,-0.14395896814344417,114.17677993041139,0.08743271714977374,0.921302902510091,113.19607877692965,9.772884875266963e-27,True
G1,162,1,"{'name': 'cheb_d7', 'family': 'chebyshev', 'degree': 7, 'spline_smoothing_factor': 1.0}",286,276,1.7458698068716896,8.992429057216642,0.9331739413939324,-0.16508283573632282,115.05074993252617,0.06630884955689509,0.9267170583858622,114.48272889218526,5.107605010473967e-27,True
G1,163,1,"{'name': 'cheb_d7', 'family': 'chebyshev', 'degree': 7, 'spline_smoothing_factor': 1.0}",286,276,1.72669751558698,8.47844907627339,0.9432981234137022,-0.1627775801711287,117.47834416923308,0.06861410512208921,0.9364423371802784,116.85672324727989,1.5428654268319166e-27,True
G1,164,1,"{'name': 'cheb_d7', 'family': 'chebyshev', 'degree': 7, 'spline_smoothing_factor': 1.0}",286,276,1.7469509441233861,8.988900373706079,0.9332764367066284,-0.16050890107336502,114.92245638283612,0.07088278421985289,0.9261626522243301,114.2729673739293,5.677511152594828e-27,True
G1,165,1,"{'name': 'cheb_d7', 'family': 'chebyshev', 'degree': 7, 'spline_smoothing_factor': 1.0}",286,276,1.72678963053305,8.468178343424885,0.9369819127049964,-0.15536313831050177,115.72932114491266,0.07602854698271613,0.9291018741161369,114.97622076084804,3.982341443814852e-27,True
G1,166,1,"{'name': 'cheb_d7', 'family': 'chebyshev', 'degree': 7, 'spline_smoothing_factor': 1.0}",286,276,1.7271836743199331,8.471234967769107,0.9392230314365826,-0.15672964394436814,116.28100996915589,0.07466204134884977,0.9314755274733284,115.5511465885736,2.9800932117196062e-27,True
G1,167,1,"{'name': 'cheb_d7', 'family': 'chebyshev', 'degree': 7, 'spline_smoothing_factor': 1.0}",286,276,1.7272382053488307,8.472887583824754,0.9407772799681872,-0.15708903352941983,116.65901872416555,0.07430265176379808,0.9330281126289071,115.93376171337684,2.4571976717416918e-27,True
G1,168,1,"{'name': 'cheb_d7', 'family': 'chebyshev', 'degree': 7, 'spline_smoothing_factor': 1.0}",286,276,1.724298235329679,8.463042003367276,0.9312998575096789,-0.15280880113905299,114.25505091727291,0.07858288415416492,0.9229911625364221,113.46034220560477,8.55344211720993e-27,True
G1,169,1,"{'name': 'cheb_d7', 'family': 'chebyshev', 'degree': 7, 'spline_smoothing_factor': 1.0}",286,276,1.7474005179508054,8.983769265227085,0.9335531381093107,-0.1522624872847189,114.80849578154164,0.07912919800849902,0.9251079173744363,113.99896696968756,6.518819619055572e-27,True
G1,170,1,"{'name': 'cheb_d7', 'family': 'chebyshev', 'degree': 7, 'spline_smoothing_factor': 1.0}",286,276,1.7272425137874192,8.472261884700142,0.9398626938784264,-0.15548195231100634,116.43346792967566,0.07590973298221157,0.9317862571380751,115.67844234218035,2.794813341512225e-27,True
G1,171,1,"{'name': 'cheb_d7', 'family': 'chebyshev', 'degree': 7, 'spline_smoothing_factor': 1.0}",286,276,1.72698852282972,8.47397249039411,0.9425604166563857,-0.15499862442666695,117.12421712170408,0.07639306086655095,0.9343612007475884,116.35542893142679,1.9865563372106346e-27,True
G1,172,1,"{'name': 'cheb_d7', 'family': 'chebyshev', 'degree': 7, 'spline_smoothing_factor': 1.0}",286,276,1.7480272811146451,8.980701329613552,0.9309786535768,-0.14843838105132484,114.20096709554059,0.08295330424189307,0.9219050446162226,113.31727323612711,9.193424358000271e-27,True
G1,173,1,"{'name': 'cheb_d7', 'family': 'chebyshev', 'degree': 7, 'spline_smoothing_factor': 1.0}",286,276,1.727006081670911,8.47141099364308,0.9364318509791134,-0.1552852521344776,115.69317282420218,0.0761064331587403,0.9282808776619852,114.9406640560594,4.054390511913188e-27,True
G1,174,1,"{'name': 'cheb_d7', 'family': 'chebyshev', 'degree': 7, 'spline_smoothing_factor': 1.0}",286,276,1.7269436738454633,8.47318295595629,0.9413032583217803,-0.15322537517599702,116.91979920829249,0.07816631011722089,0.9327982678031971,116.11820225817803,2.238978177693365e-27,True
G1,175,1,"{'name': 'cheb_d7', 'family': 'chebyshev', 'degree': 7, 'spline_smoothing_factor': 1.0}",286,276,1.7272595490054883,8.472498981842518,0.9377417277326546,-0.15453878253330813,116.11403702800988,0.07685290275990977,0.9294507733373865,115.34534720952183,3.3059727704590295e-27,True
G1,176,1,"{'name': 'cheb_d7', 'family': 'chebyshev', 'degree': 7, 'spline_smoothing_factor': 1.0}",286,276,1.7263073049365816,8.472653750902133,0.941863937462658,-0.15114705267063466,117.14405661159742,0.08024463262258325,0.9330408017792556,116.29922888885915,2.0436557778467466e-27,True
G1,177,1,"{'name': 'cheb_d7', 'family': 'chebyshev', 'degree': 7, 'spline_smoothing_factor': 1.0}",286,276,1.7272112519513134,8.472592059458709,0.9379921872977702,-0.1536267400681235,116.28335855647731,0.0777649452250944,0.9295730264742789,115.49675100108334,3.062966506396768e-27,True
G1,178,1,"{'name': 'cheb_d7', 'family': 'chebyshev', 'degree': 7, 'spline_smoothing_factor': 1.0}",286,276,1.7271191295599366,8.472379867372007,0.9379636830157921,-0.15308284102450104,116.32890321172931,0.07830884426871687,0.9294792018671733,115.5317212804722,3.00942761457399e-27,True
G1,179,1,"{'name': 'cheb_d7', 'family': 'chebyshev', 'degree': 7, 'spline_smoothing_factor': 1.0}",286,276,1.7268332392762633,8.471780644770337,0.9382440167207364,-0.15190002080658116,116.43888146102734,0.07949166448663676,0.9296049608461094,115.61737590992118,2.8822123492546055e-27,True
G1,180,1,"{'name': 'cheb_d7', 'family': 'chebyshev', 'degree': 7, 'spline_smoothing_factor': 1.0}",286,276,1.727249314698188,8.472679762153806,0.9362080263183791,-0.15448677461196672,116.02898999033107,0.07690491068125119,0.9279860664490254,115.26362851200452,3.44505054509886e-27,True
G1,181,1,"{'name': 'cheb_d7', 'family': 'chebyshev', 'degree': 7, 'spline_smoothing_factor': 1.0}",286,276,1.726368316507409,8.470433830560047,0.9375787939834797,-0.15058606630526195,116.35741778877673,0.08080561898795596,0.9288122483123727,115.51044738524945,3.0418850204568982e-27,True
G1,182,1,"{'name': 'cheb_d7', 'family': 'chebyshev', 'degree': 7, 'spline_smoothing_factor': 1.0}",286,276,1.7389435547031682,8.968034517591501,0.9266665847868213,-0.13089835907459363,113.41643640702398,0.10049332621862428,0.9150254291676011,112.13867809848057,1.6658570408334985e-26,True
G1,183,1,"{'name': 'cheb_d7', 'family': 'chebyshev', 'degree': 7, 'spline_smoothing_factor': 1.0}",286,276,1.7272833837478472,8.473034742872796,0.9350752328483387,-0.15611488519976985,115.89545565091612,0.07527680009344806,0.927195350743149,115.16449731157593,3.6216409273209616e-27,True
G1,184,1,"{'name': 'cheb_d7', 'family': 'chebyshev', 'degree': 7, 'spline_smoothing_factor': 1.0}",286,276,1.7256277533807445,8.481533709774816,0.9338576471694287,-0.16667500702623025,115.77772094661248,0.06471667826698765,0.927443794549414,115.23867116754377,3.48868097306731e-27,True
G1,185,1,"{'name': 'cheb_d7', 'family': 'chebyshev', 'degree': 7, 'spline_smoothing_factor': 1.0}",286,276,1.7266350955685168,8.469701213629989,0.9349914438704863,-0.1529024938410436,115.86004611609815,0.07848919145217431,0.9267430783892641,115.0657808451216,3.806488379043963e-27,True
G1,186,1,"{'name': 'cheb_d7', 'family': 'chebyshev', 'degree': 7, 'spline_smoothing_factor': 1.0}",286,276,1.744439730816383,8.966483117149528,0.9191895181322121,-0.1377768187440546,111.76390484150147,0.09361486654916332,0.9089213711621928,110.67278531557679,3.4894779848798884e-26,True
G1,187,1,"{'name': 'cheb_d7', 'family': 'chebyshev', 'degree': 7, 'spline_smoothing_factor': 1.0}",286,276,1.725823901603415,8.466729977841874,0.9340864586274951,-0.15115458114815034,115.5991092228569,0.08023710414506759,0.9256840704479662,114.77061323703037,4.4174106488695236e-27,True
G1,188,1,"{'name': 'cheb_d7', 'family': 'chebyshev', 'degree': 7, 'spline_smoothing_factor': 1.0}",286,276,1.727353612990372,8.476047369666595,0.9357460642128733,-0.16133958157322106,116.13655977077019,0.07005210371999686,0.9287647981778511,115.50234265307131,3.054342237611221e-27,True
G1,189,1,"{'name': 'cheb_d7', 'family': 'chebyshev', 'degree': 7, 'spline_smoothing_factor': 1.0}",286,277,1.7066912321330436,8.24163998408301,0.9447310915826675,-0.12030265607217851,117.75285616976794,0.11108902922103941,0.9314661465963511,116.13072118450668,2.224889197827195e-27,True
G1,190,1,"{'name': 'cheb_d7', 'family': 'chebyshev', 'degree': 7, 'spline_smoothing_factor': 1.0}",286,276,1.7268044006835297,8.469365471757152,0.9346300451443742,-0.15628169979292347,115.70401876869494,0.07510998550029443,0.9270422808661675,114.97635858836418,3.982064668229918e-27,True
G1,191,1,"{'name': 'cheb_d7', 'family': 'chebyshev', 'degree': 7, 'spline_smoothing_factor': 1.0}",286,277,1.7074303573979355,8.241388635161202,0.9440916910594187,-0.12277676708162365,117.53144364317961,0.10861491821159426,0.9313385249890946,115.98137813476319,2.3989026685861653e-27,True
G1,192,1,"{'name': 'cheb_d7', 'family': 'chebyshev', 'degree': 7, 'spline_smoothing_factor': 1.0}",286,277,1.7064764734463354,8.238977517954673,0.9429189781899834,-0.12173918457735074,117.16335169146669,0.10965250071586717,0.9300356273411259,115.58684137354453,2.926933593130459e-27,True
G1,193,1,"{'name': 'cheb_d7', 'family': 'chebyshev', 'degree': 7, 'spline_smoothing_factor': 1.0}",286,276,1.7257595534812296,8.464133094863271,0.9333627955647924,-0.15407183016255907,115.16758737490454,0.07731985513065884,0.9255428897380961,114.39759651580641,5.331659357893811e-27,True
G1,194,1,"{'name': 'cheb_d7', 'family': 'chebyshev', 'degree': 7, 'spline_smoothing_factor': 1.0}",286,276,1.7262178770040073,8.465651353435772,0.9344884951267046,-0.15573324663536828,115.3915477177053,0.07565843865784962,0.9268920832675182,114.65206732194758,4.689541095839718e-27,True
G1,195,1,"{'name': 'cheb_d7', 'family': 'chebyshev', 'degree': 7, 'spline_smoothing_factor': 1.0}",286,277,1.7075573720254045,8.239234802162835,0.9435145020532625,-0.12523997376377605,117.12883715871169,0.10615171152944186,0.9312346755330907,115.6468677705027,2.839667129076835e-27,True
G1,196,1,"{'name': 'cheb_d7', 'family': 'chebyshev', 'degree': 7, 'spline_smoothing_factor': 1.0}",286,277,1.7035688794286443,8.231354933574545,0.9386685660531755,-0.12066994915262395,115.78588669547332,0.11072173614059397,0.9256780247817238,114.18979470317481,5.9207151062495265e-27,True
G1,197,1,"{'name': 'cheb_d7', 'family': 'chebyshev', 'degree': 7, 'spline_smoothing_factor': 1.0}",286,276,1.7255251429448177,8.46193443495392,0.9338971433411679,-0.15484095296511372,114.98651385618587,0.07655073232810419,0.9261590947905345,114.22932519619735,5.8038519979820806e-27,True
G1,198,1,"{'name': 'cheb_d7', 'family': 'chebyshev', 'degree': 7, 'spline_smoothing_factor': 1.0}",286,277,1.7055740465962734,8.233310563515804,0.9406994558513799,-0.12413519320961239,116.16556944962008,0.10725649208360552,0.9282074202884792,114.65953456066165,4.6719151872990664e-27,True
G1,199,1,"{'name': 'cheb_d7', 'family': 'chebyshev', 'degree': 7, 'spline_smoothing_factor': 1.0}",286,277,1.707291786818742,8.236626838752853,0.9434379819668489,-0.1265545586549915,116.79531576715567,0.10483712663822642,0.9312704866491033,115.34723953539026,3.302819619004969e-27,True
G1,200,1,"{'name': 'cheb_d7', 'family': 'chebyshev', 'degree': 7, 'spline_smoothing_factor': 1.0}",286,276,1.7273228532729452,8.482632159411176,0.9472025053329419,-0.16258525256194734,118.16620518590014,0.06880643273127057,0.9403200121687331,117.53592856340515,1.0954754045256245e-27,True
G1,201,1,"{'name': 'cheb_d7', 'family': 'chebyshev', 'degree': 7, 'spline_smoothing_factor': 1.0}",286,277,1.7079346491124952,8.237685353317158,0.9450452550847082,-0.1278255698367527,117.06930653913832,0.10356611545646521,0.9329637928472557,115.65033007983118,2.8347137492987156e-27,True
G1,202,1,"{'name': 'cheb_d7', 'family': 'chebyshev', 'degree': 7, 'spline_smoothing_factor': 1.0}",286,276,1.7252496375428905,8.459505746551393,0.9346559719099428,-0.15487451042576225,114.8299846512981,0.07651717486745566,0.9267450482445633,114.07098560965403,6.286305486557925e-27,True
G1,203,1,"{'name': 'cheb_d7', 'family': 'chebyshev', 'degree': 7, 'spline_smoothing_factor': 1.0}",286,277,1.7074545235279306,8.235667822908503,0.944368815859482,-0.12775373035732893,116.7954484852936,0.10363795493588897,0.9321596456063823,115.37614677907447,3.255024185062984e-27,True
G1,204,1,"{'name': 'cheb_d7', 'family': 'chebyshev', 'degree': 7, 'spline_smoothing_factor': 1.0}",286,276,1.7248398210539406,8.45752071236599,0.9339325288301595,-0.15452861784530006,114.57345330562327,0.07686306744791785,0.9258835902389757,113.80869827733272,7.175330491320744e-27,True
G1,205,1,"{'name': 'cheb_d7', 'family': 'chebyshev', 'degree': 7, 'spline_smoothing_factor': 1.0}",286,277,1.7030904430144438,8.22561027110477,0.9370489614836515,-0.1266145888938907,114.9178205373945,0.1047770963993272,0.9246114353104522,113.48977914756097,8.427395789511746e-27,True
G1,206,1,"{'name': 'cheb_d7', 'family': 'chebyshev', 'degree': 7, 'spline_smoothing_factor': 1.0}",286,276,1.7258950367099997,8.46178611298806,0.9370751939117719,-0.15498474093216827,115.32823268706147,0.07640694436104964,0.9289655112614459,114.56761734204122,4.8935694133993615e-27,True
G1,207,1,"{'name': 'cheb_d7', 'family': 'chebyshev', 'degree': 7, 'spline_smoothing_factor': 1.0}",286,277,1.7072825587670297,8.234399314262214,0.9442569206337479,-0.12843106061193857,116.7115876215471,0.10296062468127934,0.931899557020394,115.31178124741439,3.362406192857282e-27,True
G1,208,1,"{'name': 'cheb_d7', 'family': 'chebyshev', 'degree': 7, 'spline_smoothing_factor': 1.0}",286,277,1.706859654343616,8.233127436950099,0.9433696620244262,-0.1286568581433511,116.51223339965486,0.10273482714986681,0.931003111374557,115.12163846570934,3.700765357060882e-27,True
G1,209,1,"{'name': 'cheb_d7', 'family': 'chebyshev', 'degree': 7, 'spline_smoothing_factor': 1.0}",286,276,1.7252680423416742,8.458672894733137,0.9349394641461419,-0.15471248393375633,114.8595726367871,0.07667920135946156,0.9266803962167895,114.09781182640859,6.201832613247269e-27,True
G1,210,1,"{'name': 'cheb_d7', 'family': 'chebyshev', 'degree': 7, 'spline_smoothing_factor': 1.0}",286,277,1.7000134374782871,8.220491352592644,0.9332779708494622,-0.13092096184824342,114.13553297169017,0.10047072344497449,0.9213229877937646,112.83483020855056,1.1725982494185485e-26,True
G1,211,1,"{'name': 'cheb_d7', 'family': 'chebyshev', 'degree': 7, 'spline_smoothing_factor': 1.0}",286,277,1.7024626597764552,8.224179753028807,0.9364491712174478,-0.13126529101183854,114.96977592818291,0.10012639428137937,0.9244742439836817,113.66984039605677,7.69582438797457e-27,True
G1,212,1,"{'name': 'cheb_d7', 'family': 'chebyshev', 'degree': 7, 'spline_smoothing_factor': 1.0}",286,276,1.7270486408683088,8.485456365871674,0.948524358686928,-0.15141087863499683,118.33601169391761,0.07998080665822108,0.9395721535299812,117.48447419410797,1.1242666673913673e-27,True
G1,213,1,"{'name': 'cheb_d7', 'family': 'chebyshev', 'degree': 7, 'spline_smoothing_factor': 1.0}",286,275,1.743918926005531,8.950927937973438,0.9460900712585611,-0.12997612450636634,117.46355620147517,0.10141556078685157,0.933727969959789,116.10402185660917,2.2550448155949066e-27,True
G1,214,1,"{'name': 'cheb_d7', 'family': 'chebyshev', 'degree': 7, 'spline_smoothing_factor': 1.0}",286,276,1.7259593744919544,8.462011106931172,0.9354077669546772,-0.15498733108839322,115.29125545647457,0.07640435420482469,0.927081184554916,114.53626851793115,4.971546367511889e-27,True
G1,215,1,"{'name': 'cheb_d7', 'family': 'chebyshev', 'degree': 7, 'spline_smoothing_factor': 1.0}",286,276,1.727078600615947,8.47009529302594,0.939024556040981,-0.15308739079176453,116.23578195562288,0.07830429450145338,0.9303899396717594,115.43718321228812,3.15636624814158e-27,True
G1,216,1,"{'name': 'cheb_d7', 'family': 'chebyshev', 'degree': 7, 'spline_smoothing_factor': 1.0}",286,276,1.7263670597245069,8.46439414075678,0.9357304229595154,-0.1549926546154512,115.53534124577277,0.07639903067776671,0.9274122111021488,114.78080749127253,4.394759920047959e-27,True
G1,217,1,"{'name': 'cheb_d7', 'family': 'chebyshev', 'degree': 7, 'spline_smoothing_factor': 1.0}",286,276,1.7261778957402576,8.463470741129674,0.9348478126765508,-0.15579264906220738,115.41316892729492,0.07559903623101054,0.9266687364330797,114.67610464733741,4.633038908841381e-27,True
G1,218,1,"{'name': 'cheb_d7', 'family': 'chebyshev', 'degree': 7, 'spline_smoothing_factor': 1.0}",286,276,1.7207484596275884,8.449160727513956,0.9276337735357402,-0.16341298485394812,113.83901032073982,0.06797870043926979,0.9205954057874554,113.25227424028515,9.499793021669336e-27,True
G1,219,1,"{'name': 'cheb_d7', 'family': 'chebyshev', 'degree': 7, 'spline_smoothing_factor': 1.0}",286,276,1.7270867550561384,8.480464432695642,0.9402207790591915,-0.14991253376433844,116.8087391344385,0.08147915152887948,0.9311872065076566,115.94371771304804,2.4448928970955663e-27,True
G1,220,1,"{'name': 'cheb_d7', 'family': 'chebyshev', 'degree': 7, 'spline_smoothing_factor': 1.0}",286,276,1.7255689886039889,8.461587415962772,0.9331928667883937,-0.1589042993058089,115.28145096388585,0.07248738598740899,0.925551653505519,114.60692720624365,4.797516506036395e-27,True
G1,221,1,"{'name': 'cheb_d7', 'family': 'chebyshev', 'degree': 7, 'spline_smoothing_factor': 1.0}",286,276,1.7272382839156897,8.476531844636995,0.9374387814512555,-0.15186981150660392,116.28509141132781,0.07952187378661399,0.928798010743894,115.46639135940359,3.110218490582158e-27,True
G1,222,1,"{'name': 'cheb_d7', 'family': 'chebyshev', 'degree': 7, 'spline_smoothing_factor': 1.0}",286,276,1.7265248733087066,8.482782593661973,0.9380771093242255,-0.14897374364064297,116.45373918826704,0.08241794165257493,0.9290503985045481,115.57340303884075,2.946834833012592e-27,True
G1,223,1,"{'name': 'cheb_d7', 'family': 'chebyshev', 'degree': 7, 'spline_smoothing_factor': 1.0}",286,276,1.727004423336775,8.47851481420078,0.9364802898049291,-0.1513495298525545,116.1394602917295,0.0800421554406634,0.9278644176752,115.31191928922738,3.3621721455658116e-27,True
G1,224,1,"{'name': 'cheb_d7', 'family': 'chebyshev', 'degree': 7, 'spline_smoothing_factor': 1.0}",286,275,1.7430990047645953,8.940167500549004,0.9290049347873491,-0.12615314156541663,113.9580094938334,0.10523854372780128,0.9166070425184393,112.55236159984975,1.352139647828957e-26,True
G1,225,1,"{'name': 'cheb_d7', 'family': 'chebyshev', 'degree': 7, 'spline_smoothing_factor': 1.0}",286,276,1.7268396170269151,8.478306340066384,0.9351472282662117,-0.15191448551142953,115.87406448824731,0.07947719978178838,0.9267211507056498,115.06033743632713,3.8169514066500025e-27,True
G1,226,1,"{'name': 'cheb_d7', 'family': 'chebyshev', 'degree': 7, 'spline_smoothing_factor': 1.0}",286,276,1.7270943261599287,8.475782682210074,0.9346776661635893,-0.15400127520373666,115.79947372837341,0.07739041008948125,0.9265974524369001,115.02844170540266,3.878840312983223e-27,True
G1,227,1,"{'name': 'cheb_d7', 'family': 'chebyshev', 'degree': 7, 'spline_smoothing_factor': 1.0}",286,276,1.7271371769934651,8.474875449409039,0.9344596790913845,-0.15506689544300326,115.75976401898072,0.07632478985021465,0.9265728419706389,115.00990234208973,3.915273359458616e-27,True
G1,228,1,"{'name': 'cheb_d7', 'family': 'chebyshev', 'degree': 7, 'spline_smoothing_factor': 1.0}",286,276,1.7253845239478538,8.48037354362568,0.9325911189339207,-0.1501563985748585,115.21268155730309,0.08123528671835942,0.9240701033342753,114.36651981977275,5.415874862943568e-27,True
G1,229,1,"{'name': 'cheb_d7', 'family': 'chebyshev', 'degree': 7, 'spline_smoothing_factor': 1.0}",286,276,1.7269770816317438,8.470262469589729,0.9362563395786982,-0.16100373941998466,116.25571318883613,0.07038794587323324,0.9292317497223299,115.61479869336449,2.8859604176929572e-27,True
G1,230,1,"{'name': 'cheb_d7', 'family': 'chebyshev', 'degree': 7, 'spline_smoothing_factor': 1.0}",286,277,1.702984376417267,8.265600006744718,0.9401216483322176,-0.11812258685243865,116.57615508600497,0.11326909844077926,0.9265465225932312,114.90628263846611,4.1252976181258245e-27,True
G1,231,1,"{'name': 'cheb_d7', 'family': 'chebyshev', 'degree': 7, 'spline_smoothing_factor': 1.0}",286,276,1.726935007816888,8.474058237165869,0.9339512320465475,-0.15644097022695344,115.54093897881967,0.07495071506626447,0.9263826473193848,114.81721134021063,4.314817692433894e-27,True
G1,232,1,"{'name': 'cheb_d7', 'family': 'chebyshev', 'degree': 7, 'spline_smoothing_factor': 1.0}",286,276,1.726991410878232,8.47347291001252,0.9343667361484235,-0.15720244596152463,115.60516242666677,0.07418923933169327,0.9269144509481212,114.89499732662102,4.148841390009573e-27,True
G1,233,1,"{'name': 'cheb_d7', 'family': 'chebyshev', 'degree': 7, 'spline_smoothing_factor': 1.0}",286,276,1.7271425474059392,8.472108850156637,0.9385383732445425,-0.16156332328460066,116.64727548710493,0.06982836200861725,0.9316443097871361,116.01200443023038,2.362141053508056e-27,True
G1,234,1,"{'name': 'cheb_d7', 'family': 'chebyshev', 'degree': 7, 'spline_smoothing_factor': 1.0}",286,276,1.7255066494842266,8.472925774374586,0.9310368855660918,-0.1545121595424908,114.63150358722464,0.07687952575072708,0.9232592165145054,113.87352993001002,6.944521292958816e-27,True
G1,235,1,"{'name': 'cheb_d7', 'family': 'chebyshev', 'degree': 7, 'spline_smoothing_factor': 1.0}",286,276,1.7393988701524343,8.975914951832467,0.9054782943461581,-0.14214388234660033,108.2051007853986,0.08924780294661759,0.8961957051159186,107.23904266424267,1.9729311025220148e-25,True
G1,236,1,"{'name': 'cheb_d7', 'family': 'chebyshev', 'degree': 7, 'spline_smoothing_factor': 1.0}",286,276,1.725940980327628,8.471068992784462,0.9323120087800868,-0.15605220330073022,114.84615558455448,0.07533948199248769,0.9247188127493808,114.1153715180833,6.147154760237512e-27,True
G1,237,1,"{'name': 'cheb_d7', 'family': 'chebyshev', 'degree': 7, 'spline_smoothing_factor': 1.0}",286,277,1.7064522815489684,8.249192208552092,0.9390761261822633,-0.1269840403854969,116.05496772619063,0.104407644907721,0.9270369634189817,114.63280561480485,4.735314696346897e-27,True
G1,238,1,"{'name': 'cheb_d7', 'family': 'chebyshev', 'degree': 7, 'spline_smoothing_factor': 1.0}",286,277,1.7003578601741025,8.243261685654822,0.9314901010083085,-0.12414036142001146,114.09324461319534,0.10725132387320646,0.9190494477474107,112.61634390492577,1.3092020036141463e-26,True
G1,239,1,"{'name': 'cheb_d7', 'family': 'chebyshev', 'degree': 7, 'spline_smoothing_factor': 1.0}",286,277,1.706734207049474,8.245969741444974,0.9395291549487452,-0.12825672493351561,116.07332633377257,0.10313496035970228,0.9276220262280057,114.68301663788964,4.616917973775988e-27,True
G1,240,1,"{'name': 'cheb_d7', 'family': 'chebyshev', 'degree': 7, 'spline_smoothing_factor': 1.0}",286,277,1.7013279110319313,8.238280414695398,0.9320761586681616,-0.12633938922971746,114.16732497636349,0.10505229606350043,0.9199058291760507,112.74739801090368,1.2254634631155044e-26,True
G1,241,1,"{'name': 'cheb_d7', 'family': 'chebyshev', 'degree': 7, 'spline_smoothing_factor': 1.0}",286,277,1.708258666336967,8.245428677574813,0.9427638922254772,-0.12983170287167578,116.80927522493903,0.10155998242154213,0.9309807957995081,115.45095610974215,3.1345208868305922e-27,True
G1,242,1,"{'name': 'cheb_d7', 'family': 'chebyshev', 'degree': 7, 'spline_smoothing_factor': 1.0}",286,277,1.7088805428701468,8.245774069269935,0.9444645294170779,-0.13028070394140615,117.2068888141988,0.10111098135181176,0.9326824294981415,115.85547887076973,2.556131813151497e-27,True
G1,243,1,"{'name': 'cheb_d7', 'family': 'chebyshev', 'degree': 7, 'spline_smoothing_factor': 1.0}",286,276,1.7273865055097808,8.474926088823585,0.942459309633197,-0.15740552770676258,117.08564741805549,0.07398615758645533,0.9347576215511326,116.36396077079598,1.9780285747672646e-27,True
G1,244,1,"{'name': 'cheb_d7', 'family': 'chebyshev', 'degree': 7, 'spline_smoothing_factor': 1.0}",286,276,1.7267623006719288,8.469042762372013,0.9374383423513717,-0.15656427524253347,115.8221594108021,0.07482741005068444,0.9296225782898299,115.09188371792106,3.756712049525057e-27,True
G1,245,1,"{'name': 'cheb_d7', 'family': 'chebyshev', 'degree': 7, 'spline_smoothing_factor': 1.0}",286,277,1.7053005998700523,8.23334938612438,0.937829532564402,-0.1302116342988696,115.5349478337007,0.10118005099434832,0.9259637949138588,114.20086534321501,5.887751983450495e-27,True
G1,246,1,"{'name': 'cheb_d7', 'family': 'chebyshev', 'degree': 7, 'spline_smoothing_factor': 1.0}",286,277,1.7079325588622947,8.239029313939124,0.9428115419673241,-0.1304176883303026,116.77986491272281,0.1009739969629153,0.9308691964494943,115.4373461992543,3.156106844302849e-27,True
G1,247,1,"{'name': 'cheb_d7', 'family': 'chebyshev', 'degree': 7, 'spline_smoothing_factor': 1.0}",286,276,1.6986679078291493,8.14930823938289,0.9308783373811061,-0.12284059773704997,113.75598956428769,0.10855108755616794,0.9177768917107346,112.24471762832184,1.5791006171820056e-26,True
G1,248,1,"{'name': 'cheb_d7', 'family': 'chebyshev', 'degree': 7, 'spline_smoothing_factor': 1.0}",286,276,1.7271035159171964,8.47106351706041,0.9389900925539099,-0.1551111017561433,116.26004893173013,0.07628058353707463,0.9308230944429996,115.49947755356357,3.0587581775558003e-27,True
G1,249,1,"{'name': 'cheb_d7', 'family': 'chebyshev', 'degree': 7, 'spline_smoothing_factor': 1.0}",286,277,1.7069515411351388,8.232431377542436,0.9411570145759373,-0.1312259884945633,116.4747789103858,0.10016569679865463,0.9292593909051824,115.15969119590522,3.630428897792811e-27,True
G1,250,1,"{'name': 'cheb_d7', 'family': 'chebyshev', 'degree': 7, 'spline_smoothing_factor': 1.0}",286,276,1.7272232977241104,8.472370655390801,0.939077003448935,-0.1543757711758667,116.36144504479932,0.0770159141173512,0.9307639555557535,115.58672661708374,2.927102969137607e-27,True
G1,251,1,"{'name': 'cheb_d7', 'family': 'chebyshev', 'degree': 7, 'spline_smoothing_factor': 1.0}",286,276,1.7271564725507773,8.488539039048636,0.9460827242196034,-0.15125678882362964,118.11020303753935,0.08013489646958827,0.9372397810379542,117.25947276287866,1.2593232929042206e-27,True
G1,252,1,"{'name': 'cheb_d7', 'family': 'chebyshev', 'degree': 7, 'spline_smoothing_factor': 1.0}",286,277,1.708496686676686,8.236239014226534,0.9441278370883471,-0.13112409904479658,117.37010049989783,0.10026758624842134,0.9321344931059712,116.04600028823143,2.3219943043394595e-27,True
G1,253,1,"{'name': 'cheb_d7', 'family': 'chebyshev', 'degree': 7, 'spline_smoothing_factor': 1.0}",286,276,1.7268312752113486,8.46787115123702,0.9361456155743043,-0.15489979492658085,115.81840699231361,0.07649189036663706,0.9279223272240378,115.06011249638163,3.817384392448173e-27,True
G1,254,1,"{'name': 'cheb_d7', 'family': 'chebyshev', 'degree': 7, 'spline_smoothing_factor': 1.0}",286,276,1.727002449010295,8.492967702545679,0.9441899047379403,-0.14949824772814369,117.79398706602592,0.08189343756507422,0.9351132607044544,116.91051517199958,1.501581764047164e-27,True
G1,255,1,"{'name': 'cheb_d7', 'family': 'chebyshev', 'degree': 7, 'spline_smoothing_factor': 1.0}",286,276,1.7011758073715637,8.14311796420217,0.9367568123973459,-0.12706742586602643,115.66662849908153,0.10432425942719148,0.9242190101524976,114.25803158663894,5.7204364890467494e-27,True
G1,256,1,"{'name': 'cheb_d7', 'family': 'chebyshev', 'degree': 7, 'spline_smoothing_factor': 1.0}",286,277,1.7088176919091436,8.235774045353637,0.9446708441644254,-0.13219943187576963,117.76555964638123,0.09919225341744829,0.9329171441513834,116.47064889172668,1.874432521530148e-27,True
G1,257,1,"{'name': 'cheb_d7', 'family': 'chebyshev', 'degree': 7, 'spline_smoothing_factor': 1.0}",286,275,1.7449731739794916,8.953894665580874,0.9351776139124058,-0.1277092171763021,115.39725613555652,0.10368246811691581,0.9228372480055669,114.01170321821019,6.47708314229231e-27,True
G1,258,1,"{'name': 'cheb_d7', 'family': 'chebyshev', 'degree': 7, 'spline_smoothing_factor': 1.0}",286,277,1.7089084981478821,8.235499394186615,0.945009539074118,-0.1330581173271309,117.9645207055271,0.098333567966087,0.9334719313952461,116.69184528940741,1.6766113421066373e-27,True
G1,259,1,"{'name': 'cheb_d7', 'family': 'chebyshev', 'degree': 7, 'spline_smoothing_factor': 1.0}",286,276,1.726363767019737,8.46242984698062,0.9338074231962401,-0.15777194488760826,115.593611074872,0.07361974040560965,0.9261513881085589,114.89625741014629,4.1462059133152334e-27,True
G1,260,1,"{'name': 'cheb_d7', 'family': 'chebyshev', 'degree': 7, 'spline_smoothing_factor': 1.0}",286,277,1.7077662165021994,8.227785969245792,0.9447234493818151,-0.1356280642975664,118.00096442762072,0.0957636209956515,0.9337024399570076,116.7949718807705,1.5916591830258517e-27,True
G1,261,1,"{'name': 'cheb_d7', 'family': 'chebyshev', 'degree': 7, 'spline_smoothing_factor': 1.0}",286,276,1.727412421371762,8.476227618987297,0.9351860432017097,-0.15555801689268378,115.94440670037864,0.07583366840053413,0.9272901340052331,115.20256049423926,3.5527897858929186e-27,True
G1,262,1,"{'name': 'cheb_d7', 'family': 'chebyshev', 'degree': 7, 'spline_smoothing_factor': 1.0}",286,275,1.7460008400809384,8.944885242179415,0.9281145026233701,-0.13201745893735395,113.8638679200767,0.09937422635586396,0.9168209777049298,112.61087388762701,1.312818924455879e-26,True
G1,263,1,"{'name': 'cheb_d7', 'family': 'chebyshev', 'degree': 7, 'spline_smoothing_factor': 1.0}",286,276,1.7272329840830538,8.472441991337073,0.9348539401328467,-0.15751949417683903,115.88976743884655,0.07387219111637888,0.9273128941892553,115.18616470309325,3.5822855778022435e-27,True
G1,264,1,"{'name': 'cheb_d7', 'family': 'chebyshev', 'degree': 7, 'spline_smoothing_factor': 1.0}",286,275,1.7116563874001478,8.356823955157777,0.952338382472705,-0.13109451926325497,119.85269848471921,0.10029716602996296,0.9407070997751047,118.50854865456472,6.708732245191851e-28,True
G1,265,1,"{'name': 'cheb_d7', 'family': 'chebyshev', 'degree': 7, 'spline_smoothing_factor': 1.0}",286,275,1.710964366974372,8.360024052802562,0.9512065392432338,-0.1307438551650376,119.53530094977089,0.10064783012818031,0.9395812923557889,118.18463819594444,7.898805174429558e-28,True
G1,266,1,"{'name': 'cheb_d7', 'family': 'chebyshev', 'degree': 7, 'spline_smoothing_factor': 1.0}",286,276,1.7131766116050615,8.401366444503838,0.9402226193727412,-0.1721796297839964,117.3511354653923,0.05921205550922152,0.9346353397210846,116.89323430508409,1.514722408678075e-27,True
G1,267,1,"{'name': 'cheb_d7', 'family': 'chebyshev', 'degree': 7, 'spline_smoothing_factor': 1.0}",286,275,1.745710490690501,8.944985541928764,0.9254413977858843,-0.13472689833298526,113.11544901016157,0.09666478696023265,0.9148324645136527,111.93499572816893,1.84609826548475e-26,True
G1,268,1,"{'name': 'cheb_d7', 'family': 'chebyshev', 'degree': 7, 'spline_smoothing_factor': 1.0}",286,275,1.7458608230868733,8.941598018361196,0.9256375483489314,-0.13604452674202247,113.12338725013865,0.09534715855119544,0.9152568055812211,111.97380247635192,1.810314602107619e-26,True
G1,269,1,"{'name': 'cheb_d7', 'family': 'chebyshev', 'degree': 7, 'spline_smoothing_factor': 1.0}",286,276,1.7272403623249226,8.48524200892108,0.9346121910104132,-0.15723583708584216,115.55369223874197,0.07415584820737575,0.9272063567521794,114.84357922621439,4.257824020214757e-27,True
G1,270,1,"{'name': 'cheb_d7', 'family': 'chebyshev', 'degree': 7, 'spline_smoothing_factor': 1.0}",286,275,1.7206086686962383,8.371472057587956,0.9408989204924739,-0.15690888127356697,117.03259964935603,0.07448280401965093,0.9334083395907757,116.30618230432174,2.0365030462737645e-27,True
G1,271,1,"{'name': 'cheb_d7', 'family': 'chebyshev', 'degree': 7, 'spline_smoothing_factor': 1.0}",286,276,1.725347966600076,8.453161037770144,0.9429512134641488,-0.16374201748078338,117.56101332072922,0.06764966781243453,0.9363519869750928,116.95864037596925,1.465584383359202e-27,True
G1,272,1,"{'name': 'cheb_d7', 'family': 'chebyshev', 'degree': 7, 'spline_smoothing_factor': 1.0}",286,276,1.7269853886906261,8.485105572929786,0.9350121433244207,-0.15790832622007547,115.4244865632121,0.07348335907314243,0.9276997802295134,114.72549063479721,4.5190795285849375e-27,True
G1,273,1,"{'name': 'cheb_d7', 'family': 'chebyshev', 'degree': 7, 'spline_smoothing_factor': 1.0}",286,277,1.7097600434337392,8.27216765676783,0.9456146327907053,-0.130889156059746,117.59487676249955,0.1005025292334719,0.9342073158497326,116.25895266540545,2.0855835437584188e-27,True
G1,274,1,"{'name': 'cheb_d7', 'family': 'chebyshev', 'degree': 7, 'spline_smoothing_factor': 1.0}",286,275,1.710258756712055,8.350134675575967,0.9466119235019534,-0.1372084404558795,117.84470316337706,0.09418324483733842,0.9361658503474158,116.6679827633019,1.6969059026638027e-27,True
G1,275,1,"{'name': 'cheb_d7', 'family': 'chebyshev', 'degree': 7, 'spline_smoothing_factor': 1.0}",286,276,1.7000846054685659,8.32232576228978,0.9348018602188455,-0.12931004424757928,114.73761241065358,0.10208164104563863,0.9232115892072026,113.38965363161776,8.86387845886614e-27,True
G1,276,1,"{'name': 'cheb_d7', 'family': 'chebyshev', 'degree': 7, 'spline_smoothing_factor': 1.0}",286,275,1.7103438777258213,8.345138488754799,0.9472169584132776,-0.13833566890194507,117.85262210733958,0.09305601639127284,0.9368660321279292,116.70143809577894,1.6685214408413523e-27,True
G1,277,1,"{'name': 'cheb_d7', 'family': 'chebyshev', 'degree': 7, 'spline_smoothing_factor': 1.0}",286,275,1.7105529403688762,8.342027287377196,0.9479934322844631,-0.13881671205744828,117.98271386537806,0.09257497323576964,0.937662012580321,116.84115739368644,1.5550221559255613e-27,True
G1,278,1,"{'name': 'cheb_d7', 'family': 'chebyshev', 'degree': 7, 'spline_smoothing_factor': 1.0}",286,276,1.700244744409949,8.32232576228978,0.9332267560734218,-0.13373181298251358,114.20677999635791,0.09765987231070433,0.9222134907673991,112.97576890008077,1.0921400470346603e-26,True
G1,279,1,"{'name': 'cheb_d7', 'family': 'chebyshev', 'degree': 7, 'spline_smoothing_factor': 1.0}",286,277,1.7099822093744454,8.261090551035025,0.9496143055949099,-0.13187396874317267,118.17455330728785,0.09951771655004524,0.9380467993100056,116.85095412769499,1.5473599084360301e-27,True
G1,280,1,"{'name': 'cheb_d7', 'family': 'chebyshev', 'degree': 7, 'spline_smoothing_factor': 1.0}",286,275,1.7051074682298717,8.341522909183917,0.9404229614544517,-0.1391400485662649,115.96046141304203,0.092251636726953,0.9300585078043718,114.84442695000587,4.256004227702208e-27,True
G1,281,1,"{'name': 'cheb_d7', 'family': 'chebyshev', 'degree': 7, 'spline_smoothing_factor': 1.0}",286,276,1.7270260205993757,8.473990523532976,0.9415523178509425,-0.1569738329997133,116.47534942432333,0.07441785229350462,0.933754440858144,115.74666977702066,2.7002967600731564e-27,True
G1,282,1,"{'name': 'cheb_d7', 'family': 'chebyshev', 'degree': 7, 'spline_smoothing_factor': 1.0}",286,275,1.7090747713330003,8.330606169706039,0.9473596996119714,-0.13960550330976287,117.64260588906905,0.09178618198345503,0.9368723219588982,116.5216207578477,1.8268713498503694e-27,True
G1,283,1,"{'name': 'cheb_d7', 'family': 'chebyshev', 'degree': 7, 'spline_smoothing_factor': 1.0}",286,275,1.7077459678733917,8.328169233221457,0.9455323007424403,-0.1399819106926822,117.19394186438706,0.0914097746005357,0.935066791379159,116.08664328775751,2.2748923669223345e-27,True
G1,284,1,"{'name': 'cheb_d7', 'family': 'chebyshev', 'degree': 7, 'spline_smoothing_factor': 1.0}",286,275,1.7057106998615768,8.324961334248954,0.9429850174608043,-0.14069421253679074,116.58654542835063,0.09069747275642717,0.9326055894867566,115.50259287860433,3.0539568711957033e-27,True
G1,285,1,"{'name': 'cheb_d7', 'family': 'chebyshev', 'degree': 7, 'spline_smoothing_factor': 1.0}",286,277,1.7103004167654394,8.25315682387382,0.9533560430671569,-0.12946414367074688,119.01925658578568,0.10192754162247103,0.9409655774073465,117.62153122219831,1.049201103028559e-27,True
G1,286,1,"{'name': 'cheb_d7', 'family': 'chebyshev', 'degree': 7, 'spline_smoothing_factor': 1.0}",286,277,1.7099679752727732,8.251907205344429,0.9521444764811962,-0.12935128548899155,118.75224921579672,0.10204039980422636,0.9397012678484683,117.35563133044093,1.199724652686199e-27,True
G1,287,1,"{'name': 'cheb_d7', 'family': 'chebyshev', 'degree': 7, 'spline_smoothing_factor': 1.0}",286,276,1.7270262733920034,8.471712026273913,0.9418286338331956,-0.15384841018158502,116.6192618271632,0.07754327511163289,0.9333324606351359,115.82935631079579,2.590024326429427e-27,True
G1,288,1,"{'name': 'cheb_d7', 'family': 'chebyshev', 'degree': 7, 'spline_smoothing_factor': 1.0}",286,276,1.7278731596060646,8.48113069317991,0.9481454047004804,-0.15083615734632244,118.20183489700071,0.08055552794689547,0.9391197999311036,117.33850957814741,1.2101262711596972e-27,True
G1,289,1,"{'name': 'cheb_d7', 'family': 'chebyshev', 'degree': 7, 'spline_smoothing_factor': 1.0}",286,275,1.7074965734615104,8.306776369416689,0.9479533314778826,-0.14032391235772623,118.0556096569369,0.09106777293549168,0.9372804438257769,116.95401113365574,1.4690091798931324e-27,True
G1,290,1,"{'name': 'cheb_d7', 'family': 'chebyshev', 'degree': 7, 'spline_smoothing_factor': 1.0}",286,277,1.7102055343401767,8.249625506420825,0.9522615605043214,-0.1277213820764419,119.00847419500064,0.103670303216776,0.9394257181812442,117.56991651845397,1.0768630673985724e-27,True
G1,291,1,"{'name': 'cheb_d7', 'family': 'chebyshev', 'degree': 7, 'spline_smoothing_factor': 1.0}",286,277,1.710298743053698,8.249693263560223,0.9521085839026864,-0.12740790017308695,119.04660829978695,0.10398378512013096,0.9392178373248845,117.60069203521641,1.0602829019891753e-27,True
G1,292,1,"{'name': 'cheb_d7', 'family': 'chebyshev', 'degree': 7, 'spline_smoothing_factor': 1.0}",286,277,1.7087111718635746,8.240649073633632,0.9488157189178932,-0.12925547047398483,118.33762042796991,0.10213621481923309,0.9362942667270645,116.95288391356155,1.469844328641044e-27,True
G1,293,1,"{'name': 'cheb_d7', 'family': 'chebyshev', 'degree': 7, 'spline_smoothing_factor': 1.0}",286,276,1.7271824451758968,8.472119308821599,0.9390386858847454,-0.15259717316510552,116.3614593327984,0.07879451212811238,0.9303496222446396,115.55352102837708,2.9765272109934138e-27,True
G1,294,1,"{'name': 'cheb_d7', 'family': 'chebyshev', 'degree': 7, 'spline_smoothing_factor': 1.0}",286,275,1.7022880868844785,8.276643133831048,0.9462616256103887,-0.14422386358752703,118.10723788257258,0.08716782170569087,0.9362552946410414,117.10415557929116,1.3619056901970273e-27,True
G1,295,1,"{'name': 'cheb_d7', 'family': 'chebyshev', 'degree': 7, 'spline_smoothing_factor': 1.0}",286,276,1.7278405108126844,8.478851123005896,0.9385048902539657,-0.1521443286593653,116.38413129094079,0.07924735663385261,0.9298028704407709,115.56859258450697,2.9539916272740295e-27,True
G1,296,1,"{'name': 'cheb_d7', 'family': 'chebyshev', 'degree': 7, 'spline_smoothing_factor': 1.0}",286,277,1.7095439065799785,8.241676052823552,0.9489695709332574,-0.12870949161139938,118.69879788836943,0.10268219368181852,0.9364786599400607,117.30140333048882,1.2329792409857597e-27,True
G1,297,1,"{'name': 'cheb_d7', 'family': 'chebyshev', 'degree': 7, 'spline_smoothing_factor': 1.0}",286,277,1.7072656413520608,8.225394468212942,0.9474474166568019,-0.1311595229180198,118.42718251679605,0.10023216237519811,0.9354391275766555,117.10010861976707,1.3646874633418831e-27,True
G1,298,1,"{'name': 'cheb_d7', 'family': 'chebyshev', 'degree': 7, 'spline_smoothing_factor': 1.0}",286,275,1.7482973615783444,8.954103684863027,0.9290204017986947,-0.13253176457180502,113.9460796411147,0.09885992072141289,0.9175223991035261,112.70496015293986,1.2519759614952506e-26,True
G1,299,1,"{'name': 'cheb_d7', 'family': 'chebyshev', 'degree': 7, 'spline_smoothing_factor': 1.0}",286,275,1.703909162468337,8.260680353001941,0.9519043385091974,-0.14349479593964862,119.85277689497934,0.08789688935356929,0.9419366587542863,118.82214114643205,5.72769857778383e-28,True
G1,300,1,"{'name': 'cheb_d7', 'family': 'chebyshev', 'degree': 7, 'spline_smoothing_factor': 1.0}",286,277,1.7067207249350893,8.216877538936396,0.9481734274158876,-0.1322738129361777,118.7850307685884,0.0991178723570402,0.936513818084251,117.48563674095203,1.1236078825811763e-27,True
G1,301,1,"{'name': 'cheb_d7', 'family': 'chebyshev', 'degree': 7, 'spline_smoothing_factor': 1.0}",286,275,1.7479806911092903,8.948377486334422,0.9264968745858946,-0.13531497016832877,113.48934352772267,0.09607671512488913,0.9156453563394931,112.32332145159216,1.5177204348172813e-26,True
G1,302,1,"{'name': 'cheb_d7', 'family': 'chebyshev', 'degree': 7, 'spline_smoothing_factor': 1.0}",286,277,1.7099468327035414,8.242853781984307,0.9480682755516365,-0.13068010001695454,118.78579891808863,0.10071158527626337,0.9362696139253087,117.44438046881419,1.1472246852995266e-27,True
G1,303,1,"{'name': 'cheb_d7', 'family': 'chebyshev', 'degree': 7, 'spline_smoothing_factor': 1.0}",286,277,1.708817760059864,8.230550412595791,0.9487499683702754,-0.13178001182910712,118.98016304151793,0.09961167346411079,0.9371811548603179,117.6655545652967,1.0261698691558254e-27,True
G1,304,1,"{'name': 'cheb_d7', 'family': 'chebyshev', 'degree': 7, 'spline_smoothing_factor': 1.0}",286,277,1.7099853446778832,8.242769714973479,0.9482467811948198,-0.13158143001543118,118.8462960131418,0.09981025527778672,0.9367056903271621,117.5274026944403,1.100194564471529e-27,True
G1,305,1,"{'name': 'cheb_d7', 'family': 'chebyshev', 'degree': 7, 'spline_smoothing_factor': 1.0}",286,277,1.713103079928659,8.472635273368128,0.9317545136453185,-0.13127980642108025,114.72821211435598,0.10011187887213766,0.9204139169155863,113.44657898874095,8.613020138680586e-27,True
G1,306,1,"{'name': 'cheb_d7', 'family': 'chebyshev', 'degree': 7, 'spline_smoothing_factor': 1.0}",286,275,1.7493447817567094,8.970434997756698,0.923512833988094,-0.13907065099687924,112.78752717085354,0.09232103429633866,0.9135151693669593,111.71575484526215,2.0619626955083124e-26,True
G1,307,1,"{'name': 'cheb_d7', 'family': 'chebyshev', 'degree': 7, 'spline_smoothing_factor': 1.0}",286,272,1.8591723829258784,10.352867525721273,0.8698792542125819,-0.2197617223912509,101.09257498676004,0.011629962901966995,0.869103504049218,101.0774346709643,4.4228444858278805e-24,True
G1,308,1,"{'name': 'cheb_d7', 'family': 'chebyshev', 'degree': 7, 'spline_smoothing_factor': 1.0}",286,272,1.8650884181755454,10.44639809882445,0.8629525447777145,-0.2251222593548515,99.51917696724001,0.0062694259383664075,0.8625536938555207,99.51484435631346,9.734926713656924e-24,True
G1,309,1,"{'name': 'cheb_d7', 'family': 'chebyshev', 'degree': 7, 'spline_smoothing_factor': 1.0}",286,277,1.7073263457962131,8.210436011046845,0.9535259056546727,-0.13293868046066043,120.01172461110411,0.09845300483255748,0.9423098432180991,118.71065424824951,6.058843972272065e-28,True
G1,310,1,"{'name': 'cheb_d7', 'family': 'chebyshev', 'degree': 7, 'spline_smoothing_factor': 1.0}",286,275,1.7572167424376814,9.225270219329035,0.9001095174774422,-0.15131636406195967,107.1251822838135,0.08007532123125824,0.8921625904500462,106.35693773646074,3.079073151320745e-25,True
G1,311,1,"{'name': 'cheb_d7', 'family': 'chebyshev', 'degree': 7, 'spline_smoothing_factor': 1.0}",286,277,1.6985681754033308,8.472635273368128,0.914725097859658,-0.13213054247564227,110.32213437371422,0.09926114281757563,0.9038474295675835,109.10368545669928,7.700746909051341e-26,True
G1,312,1,"{'name': 'cheb_d7', 'family': 'chebyshev', 'degree': 7, 'spline_smoothing_factor': 1.0}",286,273,1.8271750893970164,10.15330191099377,0.8663587945732151,-0.1956819771560475,99.70000986911612,0.03570970813717042,0.8636277506587943,99.55806417119436,9.524784116799082e-24,True
G1,313,1,"{'name': 'cheb_d7', 'family': 'chebyshev', 'degree': 7, 'spline_smoothing_factor': 1.0}",286,277,1.7162691714059228,8.978125254817165,0.8936215626040738,-0.12968034744508808,105.14911322345836,0.10171133784812983,0.8825934930896252,103.92699196875321,1.0495509656200573e-24,True
G1,314,1,"{'name': 'cheb_d7', 'family': 'chebyshev', 'degree': 7, 'spline_smoothing_factor': 1.0}",286,277,1.6951558946184553,8.978125254817165,0.8833367575503857,-0.12635500114061815,102.6507583340532,0.10503668415259976,0.8718992030396362,101.37693624825909,3.8022035341012235e-24,True
G1,334,1,"{'name': 'cheb_d7', 'family': 'chebyshev', 'degree': 7, 'spline_smoothing_factor': 1.0}",286,278,1.671260161588802,7.3431015941037225,0.8918205286074077,-0.19494824943373587,105.92744033216843,0.03644343585948204,0.8887794521523312,105.77130477516027,4.13776630492488e-25,True
G1,335,1,"{'name': 'cheb_d7', 'family': 'chebyshev', 'degree': 7, 'spline_smoothing_factor': 1.0}",286,278,1.7049939158271832,9.150027191026512,0.9011309163862067,-0.1833186353216783,108.00733257133709,0.048073049971539605,0.8968474824332313,107.7301134985413,1.539936468399609e-25,True
G1,336,1,"{'name': 'cheb_d7', 'family': 'chebyshev', 'degree': 7, 'spline_smoothing_factor': 1.0}",286,273,1.8264500914433563,10.15330191099377,0.8771542283882363,-0.2397908900484903,103.20010730858701,-0.008399204755272394,0.877670966573104,103.19208483688328,1.5208947333462854e-24,True
G1,337,1,"{'name': 'cheb_d7', 'family': 'chebyshev', 'degree': 7, 'spline_smoothing_factor': 1.0}",286,272,1.8659999423357616,10.571116493502732,0.8705308159757326,-0.2317466501248746,101.53518459535928,-0.0003549648316567011,0.8705535567589332,101.53517048374545,3.510289480068326e-24,True
G1,338,1,"{'name': 'cheb_d7', 'family': 'chebyshev', 'degree': 7, 'spline_smoothing_factor': 1.0}",286,272,1.865312703161034,10.577004886998317,0.8724020231486922,-0.22877901250164015,101.92787878106026,0.002612672791577758,0.8722322340192251,101.92711102155533,2.8801374399226583e-24,True
G1,339,1,"{'name': 'cheb_d7', 'family': 'chebyshev', 'degree': 7, 'spline_smoothing_factor': 1.0}",286,275,1.7495362562280103,9.0056840661915,0.925217117251687,-0.14040872822468317,113.27115067703699,0.09098295706853474,0.9152873313787058,112.22678045217526,1.593451769704658e-26,True
G1,340,1,"{'name': 'cheb_d7', 'family': 'chebyshev', 'degree': 7, 'spline_smoothing_factor': 1.0}",286,277,1.7362992024220965,9.094301958853901,0.9274464158966134,-0.15193183418275436,113.97082077329617,0.07945985111046355,0.9192173230626022,113.16976115516638,9.903466076701435e-27,True
G1,341,1,"{'name': 'cheb_d7', 'family': 'chebyshev', 'degree': 7, 'spline_smoothing_factor': 1.0}",286,275,1.7501690048194678,9.037038985154895,0.9265830018712831,-0.1395594857266429,113.56086505229621,0.09183219956657503,0.9166038347869278,112.49343579190179,1.3929287509080747e-26,True
G1,342,1,"{'name': 'cheb_d7', 'family': 'chebyshev', 'degree': 7, 'spline_smoothing_factor': 1.0}",286,277,1.7063091678180689,8.157726225387027,0.9469315947424981,-0.13143841404298656,118.45291289543638,0.09995327125023135,0.9354960131934056,117.13248481300195,1.3425910742075408e-27,True
G1,343,1,"{'name': 'cheb_d7', 'family': 'chebyshev', 'degree': 7, 'spline_smoothing_factor': 1.0}",286,277,1.7177562238727813,8.472635273368128,0.9284284991836463,-0.13937550076863947,113.93296410142477,0.09201618452457844,0.9184799946824685,112.8562817309222,1.1599800628298156e-26,True
G1,344,1,"{'name': 'cheb_d7', 'family': 'chebyshev', 'degree': 7, 'spline_smoothing_factor': 1.0}",286,276,1.7219295741574725,8.360286419979584,0.9319464841680286,-0.1624987403831672,115.06737812948711,0.0688929449100507,0.9252308327897211,114.45824035416922,5.17107216420753e-27,True
G1,345,1,"{'name': 'cheb_d7', 'family': 'chebyshev', 'degree': 7, 'spline_smoothing_factor': 1.0}",286,276,1.7180816901711349,8.321632610846597,0.9279284703829762,-0.16643500210836976,114.06821193592975,0.06495668318484815,0.9217582377730232,113.53100708681109,8.253978247748367e-27,True
G1,346,1,"{'name': 'cheb_d7', 'family': 'chebyshev', 'degree': 7, 'spline_smoothing_factor': 1.0}",286,276,1.7196528781033986,8.33116312280145,0.9269219393992699,-0.17116558753796543,113.8162625076809,0.06022609775525248,0.9213486905544744,113.35513413452065,9.019544480723884e-27,True
G1,347,1,"{'name': 'cheb_d7', 'family': 'chebyshev', 'degree': 7, 'spline_smoothing_factor': 1.0}",286,276,1.7260287324078125,8.414918099500634,0.9333011106041746,-0.16772552264492113,115.260249584701,0.06366616264829678,0.9272717958939204,114.73762422447919,4.491512658345438e-27,True
G1,348,1,"{'name': 'cheb_d7', 'family': 'chebyshev', 'degree': 7, 'spline_smoothing_factor': 1.0}",286,277,1.7223082810121584,8.377253801601057,0.9145547408344347,-0.19866391062678526,111.03821147576457,0.032727774666432646,0.9119785615713222,110.9053984350927,3.1031382482083915e-26,True
G1,349,1,"{'name': 'cheb_d7', 'family': 'chebyshev', 'degree': 7, 'spline_smoothing_factor': 1.0}",286,277,1.722148569641927,8.377464214936767,0.9111595523619888,-0.2069186811714003,110.25763158406824,0.0244730041218176,0.9093293253298467,110.18386792031242,4.4655223405394136e-26,True
G1,0,8,"{'name': 'cheb_d7', 'family': 'chebyshev', 'degree': 7, 'spline_smoothing_factor': 1.0}",279,270,1.7170147693780384,8.164237598376761,0.9426457965862666,-0.13613158001202014,115.77767747533335,0.09526010528119777,0.9339237354407004,114.62005596160873,4.765858535187879e-27,True
G1,8,8,"{'name': 'cheb_d7', 'family': 'chebyshev', 'degree': 7, 'spline_smoothing_factor': 1.0}",279,268,1.7535682307796736,8.951203434669859,0.9775604362322935,-0.16258988578856015,121.23559789880903,0.06880179950465774,0.9708965418474682,120.56629698521408,2.377541163886621e-28,True
G1,16,8,"{'name': 'cheb_d7', 'family': 'chebyshev', 'degree': 7, 'spline_smoothing_factor': 1.0}",279,270,1.7166668663636022,8.224004511986383,0.9844724821576081,-0.1098340891661307,122.41889415269918,0.1215575961270872,0.9658416899323637,120.32810616082293,2.6808535776351933e-28,True
G1,24,8,"{'name': 'cheb_d7', 'family': 'chebyshev', 'degree': 7, 'spline_smoothing_factor': 1.0}",279,271,1.72014274220878,8.974464864948235,0.8913431324918865,-0.21459795864751638,105.26467984260489,0.01679372664570153,0.8898673865143732,105.23277557238544,5.429932449305435e-25,True
G1,32,8,"{'name': 'cheb_d7', 'family': 'chebyshev', 'degree': 7, 'spline_smoothing_factor': 1.0}",287,277,1.7242335211986075,8.472635273368128,0.9348331978095672,-0.1568030274297145,115.88074417238386,0.07458865786350341,0.9271151407378744,115.15909911311746,3.6315129941691045e-27,True
G1,40,8,"{'name': 'cheb_d7', 'family': 'chebyshev', 'degree': 7, 'spline_smoothing_factor': 1.0}",282,273,1.7123743972005467,8.19815141879263,0.9402414692333341,-0.12103780625283168,113.25632693460398,0.11035387904038622,0.9285634648641766,111.67340953890323,2.1064777800247485e-26,True
G1,48,8,"{'name': 'cheb_d7', 'family': 'chebyshev', 'degree': 7, 'spline_smoothing_factor': 1.0}",286,276,1.7253523860350415,8.46045428192755,0.9342834321588513,-0.1551361672807217,114.80170932202259,0.07625551801249622,0.9264602252876392,114.04863919072693,6.357549833998272e-27,True
G1,56,8,"{'name': 'cheb_d7', 'family': 'chebyshev', 'degree': 7, 'spline_smoothing_factor': 1.0}",279,270,1.6860639862287043,8.055363905315298,0.8816053028350964,-0.13559402474500976,96.77641673596804,0.09579766054820815,0.8681316055887183,95.74749135257741,6.525588796064347e-23,True
G1,64,8,"{'name': 'cheb_d7', 'family': 'chebyshev', 'degree': 7, 'spline_smoothing_factor': 1.0}",279,270,1.7143964550865156,8.180238187377942,0.929840748098767,-0.14641273651531675,112.63494988450498,0.08497894877790116,0.9187483207111872,111.76103607713685,2.0154017008515543e-26,True
G1,72,8,"{'name': 'cheb_d7', 'family': 'chebyshev', 'degree': 7, 'spline_smoothing_factor': 1.0}",279,270,1.7222166418576057,8.214732925515154,0.9572589031049256,-0.1705442619343591,121.26278556984619,0.060847423358858815,0.9519542913169875,120.78394032121889,2.1305022469003507e-28,True
G1,80,8,"{'name': 'cheb_d7', 'family': 'chebyshev', 'degree': 7, 'spline_smoothing_factor': 1.0}",279,269,1.7413464637311205,8.458529722653124,0.9800484674147523,-0.19162724103035944,123.95839216969341,0.03976444426285847,0.9772837290248184,123.73631691182436,4.8108304447491814e-29,True
G1,88,8,"{'name': 'cheb_d7', 'family': 'chebyshev', 'degree': 7, 'spline_smoothing_factor': 1.0}",279,269,1.7415866997458032,8.473081219604937,0.9735283347235716,-0.1585433580521927,119.73759392994805,0.07284832724102522,0.9652734547375511,118.99299439858237,5.255001846218294e-28,True
G1,96,8,"{'name': 'cheb_d7', 'family': 'chebyshev', 'degree': 7, 'spline_smoothing_factor': 1.0}",279,269,1.7374650674476073,8.468378047579517,0.9759337463144416,-0.13031761230228875,122.2377562875314,0.10107407299092916,0.9612420988021767,120.83466852751599,2.07671440939607e-28,True
G1,104,8,"{'name': 'cheb_d7', 'family': 'chebyshev', 'degree': 7, 'spline_smoothing_factor': 1.0}",279,270,1.7217619772965695,8.225406997356474,0.9492188729736629,-0.14181310162895036,118.87845257560161,0.08957858366426755,0.9389407521736032,117.85819693765745,9.31189493471309e-28,True
G1,112,8,"{'name': 'cheb_d7', 'family': 'chebyshev', 'degree': 7, 'spline_smoothing_factor': 1.0}",279,269,1.7094366397677299,8.08447219352169,1.006838470105854,-0.1738326640014905,132.18029209317604,0.057559021291727415,1.0024933220144863,131.6989535142352,8.705971751657485e-31,True
G1,120,8,"{'name': 'cheb_d7', 'family': 'chebyshev', 'degree': 7, 'spline_smoothing_factor': 1.0}",283,274,1.698154001843942,8.150755013675422,1.0332259354100055,-0.14929042052937502,137.94839369679573,0.08210126476384288,1.0245937540994845,136.88667814314022,6.383344626790939e-32,True
G1,128,8,"{'name': 'cheb_d7', 'family': 'chebyshev', 'degree': 7, 'spline_smoothing_factor': 1.0}",287,277,1.7242335211986075,8.472635273368128,0.9348331978095672,-0.1568030274297145,115.88074417238386,0.07458865786350341,0.9271151407378744,115.15909911311746,3.6315129941691045e-27,True
G1,136,8,"{'name': 'cheb_d7', 'family': 'chebyshev', 'degree': 7, 'spline_smoothing_factor': 1.0}",287,277,1.7242335211986075,8.472635273368128,0.9348331978095672,-0.1568030274297145,115.88074417238386,0.07458865786350341,0.9271151407378744,115.15909911311746,3.6315129941691045e-27,True
G1,144,8,"{'name': 'cheb_d7', 'family': 'chebyshev', 'degree': 7, 'spline_smoothing_factor': 1.0}",285,276,1.7159150337809206,8.454336602234847,0.9390690040007345,-0.11732589469511523,116.35788169369641,0.11406579059810268,0.9253137888054194,114.68215847135264,4.618916433660757e-27,True
G1,152,8,"{'name': 'cheb_d7', 'family': 'chebyshev', 'degree': 7, 'spline_smoothing_factor': 1.0}",279,270,1.7019381149983075,8.166448945446882,0.947292620329372,-0.0861818744626281,116.83579155186555,0.1452098108305898,0.930364876652293,114.14137689831023,6.067062969684214e-27,True
G1,160,8,"{'name': 'cheb_d7', 'family': 'chebyshev', 'degree': 7, 'spline_smoothing_factor': 1.0}",279,269,1.7340786497589444,8.460315907736044,0.9787571002776508,-0.16340904848831342,121.81233546139401,0.06798263680490449,0.9724264076668117,121.15831594694976,1.76411146402905e-28,True
G1,168,8,"{'name': 'cheb_d7', 'family': 'chebyshev', 'degree': 7, 'spline_smoothing_factor': 1.0}",279,269,1.7416585342649678,8.471463207897555,0.9829653604394037,-0.1394220363223006,122.32004874788299,0.09196964897091729,0.9704183222832738,121.12076718668743,1.7978186093445921e-28,True
G1,176,8,"{'name': 'cheb_d7', 'family': 'chebyshev', 'degree': 7, 'spline_smoothing_factor': 1.0}",279,269,1.7574785717716341,8.96201310536803,0.9547388393326032,-0.09671702982584948,118.0109079329037,0.13467465546736843,0.9341858578408184,115.6645865062801,2.8144085667730696e-27,True
G1,184,8,"{'name': 'cheb_d7', 'family': 'chebyshev', 'degree': 7, 'spline_smoothing_factor': 1.0}",279,271,1.7174846765082168,8.263867944204494,0.9318066812666991,-0.10912245541700011,114.11477289467962,0.1222692298762178,0.9179675072920959,112.28431926758878,1.5478722871995636e-26,True
G1,192,8,"{'name': 'cheb_d7', 'family': 'chebyshev', 'degree': 7, 'spline_smoothing_factor': 1.0}",279,270,1.699952169370352,8.101144101145806,0.8965378614661523,-0.07933132822177594,102.26455240957864,0.15206035707144197,0.8802092895946186,99.5808079347878,9.416028062019752e-24,True
G1,200,8,"{'name': 'cheb_d7', 'family': 'chebyshev', 'degree': 7, 'spline_smoothing_factor': 1.0}",279,270,1.7056944907281162,8.106592378713016,0.9212395143263526,-0.11946202005688049,104.08828466073362,0.11192966523633742,0.9079113445558898,102.51675879624486,2.1386693094867934e-24,True
G1,208,8,"{'name': 'cheb_d7', 'family': 'chebyshev', 'degree': 7, 'spline_smoothing_factor': 1.0}",279,270,1.701683227580551,8.171493316958246,0.9541373330760005,-0.10888131290108084,112.32969643377533,0.12251037239213705,0.9341387064145458,110.3542743420046,4.097691292985852e-26,True
G1,216,8,"{'name': 'cheb_d7', 'family': 'chebyshev', 'degree': 7, 'spline_smoothing_factor': 1.0}",279,269,1.7373547905312514,8.445520174663807,0.9400823887161929,-0.13731533568946544,114.45238375018653,0.09407634960375247,0.9269442867573459,113.35603081847455,9.015466491870806e-27,True
G1,224,8,"{'name': 'cheb_d7', 'family': 'chebyshev', 'degree': 7, 'spline_smoothing_factor': 1.0}",279,269,1.722485826320008,8.43006947247549,0.9366233615399017,-0.1022138769653348,115.30352782948864,0.12917780832788311,0.921059492357775,113.25226264799028,9.499848561993551e-27,True
G1,232,8,"{'name': 'cheb_d7', 'family': 'chebyshev', 'degree': 7, 'spline_smoothing_factor': 1.0}",279,270,1.694595755218712,8.203948259252584,0.8717925759096637,-0.10050752438594379,97.74467252142358,0.1308841609072741,0.8586690935484923,95.85782204767463,6.17186742081591e-23,True
G1,240,8,"{'name': 'cheb_d7', 'family': 'chebyshev', 'degree': 7, 'spline_smoothing_factor': 1.0}",279,270,1.6945454374659301,8.106976449070464,0.8735680721601473,-0.12731333726457172,96.05511867913174,0.10407834802864618,0.8619263045267606,94.83277978412264,1.035832758083754e-22,True
G1,248,8,"{'name': 'cheb_d7', 'family': 'chebyshev', 'degree': 7, 'spline_smoothing_factor': 1.0}",279,269,1.7136828986433341,8.113432414546565,0.9512737341612895,-0.11161735854829016,115.36026222350313,0.11977432674492774,0.933247254224207,113.48401861792001,8.451914791998404e-27,True
G1,256,8,"{'name': 'cheb_d7', 'family': 'chebyshev', 'degree': 7, 'spline_smoothing_factor': 1.0}",279,269,1.718598623887082,8.141391931865053,0.9434141921781731,-0.12005592875307736,116.8957522628001,0.11133575654014055,0.9291772351363102,115.33979825804454,3.3152362658240764e-27,True
G1,264,8,"{'name': 'cheb_d7', 'family': 'chebyshev', 'degree': 7, 'spline_smoothing_factor': 1.0}",279,269,1.7254822404486314,8.473306299380457,0.9524613368585242,-0.17067805599137106,118.732453030996,0.060713629301846844,0.9479176053875062,118.25477500666932,7.624382074731199e-28,True
G1,272,8,"{'name': 'cheb_d7', 'family': 'chebyshev', 'degree': 7, 'spline_smoothing_factor': 1.0}",279,270,1.7152410078318792,8.958228767194015,0.8669027037135232,-0.10986404970494054,93.838839651243,0.12152763558827735,0.8550348093337141,92.21096589723868,3.8955923095388643e-22,True
G1,280,8,"{'name': 'cheb_d7', 'family': 'chebyshev', 'degree': 7, 'spline_smoothing_factor': 1.0}",279,268,1.7252287208340704,8.860121082703202,0.9069740584662601,-0.135829730455203,100.76781620230167,0.09556195483801491,0.8947775733293742,99.66137978757615,9.040647256789754e-24,True
G1,288,8,"{'name': 'cheb_d7', 'family': 'chebyshev', 'degree': 7, 'spline_smoothing_factor': 1.0}",279,269,1.7144609699052284,8.271264421492031,0.9591144622448734,-0.14103136217647946,116.31986051751551,0.09036032311673844,0.9454470960511815,115.2494484248599,3.469772782896831e-27,True
G1,296,8,"{'name': 'cheb_d7', 'family': 'chebyshev', 'degree': 7, 'spline_smoothing_factor': 1.0}",279,268,1.710003146893544,8.12206552474987,0.9580352235285188,-0.1408458344304464,120.60951206749837,0.0905458508627715,0.946696835762799,119.55935551305265,3.9497957636758797e-28,True
G1,304,8,"{'name': 'cheb_d7', 'family': 'chebyshev', 'degree': 7, 'spline_smoothing_factor': 1.0}",279,269,1.8527017640876013,11.14777081777815,0.7606859424655228,-0.15378957344764024,75.9669479594611,0.07760211184557766,0.7553008682490471,75.47025573784913,1.8547656837045714e-18,True
G1,312,8,"{'name': 'cheb_d7', 'family': 'chebyshev', 'degree': 7, 'spline_smoothing_factor': 1.0}",284,274,1.7231808449385428,10.219501465481251,0.7830201895209147,-0.15233606200942287,80.3399685918613,0.07905562328379505,0.7765599641813542,79.77436237177267,2.0985174179967454e-19,True
G1,320,8,"{'name': 'cheb_d7', 'family': 'chebyshev', 'degree': 7, 'spline_smoothing_factor': 1.0}",287,277,1.7242335211986075,8.472635273368128,0.9348331978095672,-0.1568030274297145,115.88074417238386,0.07458865786350341,0.9271151407378744,115.15909911311746,3.6315129941691045e-27,True
G1,328,8,"{'name': 'cheb_d7', 'family': 'chebyshev', 'degree': 7, 'spline_smoothing_factor': 1.0}",285,276,1.6200706413526593,7.333234169235884,0.8828271407689205,-0.2534907492702645,104.68672082053922,-0.022099063977046585,0.8841093088731004,104.63077619987325,7.357665369909101e-25,True
G1,336,8,"{'name': 'cheb_d7', 'family': 'chebyshev', 'degree': 7, 'spline_smoothing_factor': 1.0}",279,266,1.9215531995913218,12.185681425032106,0.8568998553350333,-0.38031684998590826,100.00384045604324,-0.14892516469269035,0.8556018528459518,97.71557138107505,2.4150455820209227e-23,True
G1,0,16,"{'name': 'cheb_d7', 'family': 'chebyshev', 'degree': 7, 'spline_smoothing_factor': 1.0}",271,261,1.665763684128211,7.581112120297045,0.8571393891999476,-0.12936159892647017,91.34947680689493,0.10203008636674772,0.8493568505043179,90.25686997088656,1.0458138741960775e-21,True
G1,8,16,"{'name': 'cheb_d7', 'family': 'chebyshev', 'degree': 7, 'spline_smoothing_factor': 1.0}",271,261,1.744469270831248,8.475281500474292,1.0302764814775727,-0.15656819793519794,128.57184196062826,0.07482348735801997,1.0206351984402524,127.70413480600553,6.514339775480362e-30,True
G1,16,16,"{'name': 'cheb_d7', 'family': 'chebyshev', 'degree': 7, 'spline_smoothing_factor': 1.0}",271,263,1.6592591140092017,8.009012902318739,0.9018003941562452,-0.1917504170412522,102.99474068626023,0.039641268251965706,0.8970049802955078,102.81578784236513,1.839033307532989e-24,True
G1,24,16,"{'name': 'cheb_d7', 'family': 'chebyshev', 'degree': 7, 'spline_smoothing_factor': 1.0}",279,271,1.72014274220878,8.974464864948235,0.8913431324918865,-0.21459795864751638,105.26467984260489,0.01679372664570153,0.8898673865143732,105.23277557238544,5.429932449305435e-25,True
G1,32,16,"{'name': 'cheb_d7', 'family': 'chebyshev', 'degree': 7, 'spline_smoothing_factor': 1.0}",282,273,1.7123743972005467,8.19815141879263,0.9402414692333341,-0.12103780625283168,113.25632693460398,0.11035387904038622,0.9285634648641766,111.67340953890323,2.1064777800247485e-26,True
G1,40,16,"{'name': 'cheb_d7', 'family': 'chebyshev', 'degree': 7, 'spline_smoothing_factor': 1.0}",281,272,1.7129758056522106,8.182394886358162,0.9374754596216808,-0.11785638650408489,111.63610899225466,0.113535298789133,0.9255410537257801,109.97150847355579,4.9704666388531793e-26,True
G1,48,16,"{'name': 'cheb_d7', 'family': 'chebyshev', 'degree': 7, 'spline_smoothing_factor': 1.0}",278,269,1.6860081949714973,8.03767331080262,0.8766910585283562,-0.13318485443748768,94.81676511578166,0.09820683085573023,0.8629674321337224,93.7478064068664,1.7919954763258244e-22,True
G1,56,16,"{'name': 'cheb_d7', 'family': 'chebyshev', 'degree': 7, 'spline_smoothing_factor': 1.0}",271,262,1.6845273382433534,7.940817786059438,0.8377430444101852,-0.17695872899518872,86.61421003429268,0.05443295629802919,0.8300933099454467,86.33235970464136,7.60496155818967e-21,True
G1,64,16,"{'name': 'cheb_d7', 'family': 'chebyshev', 'degree': 7, 'spline_smoothing_factor': 1.0}",271,262,1.7266163926342308,8.119403883030332,0.9366442107910138,-0.2034526975794313,115.03572612810319,0.02793898771378661,0.9340418111073475,114.94498397741802,4.0455678840134494e-27,True
G1,72,16,"{'name': 'cheb_d7', 'family': 'chebyshev', 'degree': 7, 'spline_smoothing_factor': 1.0}",271,262,1.7389608398380483,8.192733812929994,1.009908863117731,-0.21301524317758308,131.1713832750279,0.018376442115634828,1.0090664579897235,131.12365644585248,1.1632635355309495e-30,True
G1,80,16,"{'name': 'cheb_d7', 'family': 'chebyshev', 'degree': 7, 'spline_smoothing_factor': 1.0}",271,261,1.7597718928331652,8.459972894218993,1.0259167338967183,-0.19249752728205363,128.90978411687672,0.038894158011164276,1.0229062190648028,128.67750112387614,3.9891699801952344e-30,True
G1,88,16,"{'name': 'cheb_d7', 'family': 'chebyshev', 'degree': 7, 'spline_smoothing_factor': 1.0}",271,261,1.7554823075483232,8.46790045594013,1.0189325305359156,-0.13227276289838283,126.47066867176602,0.09911892239483508,1.0030423771998243,125.00469547200782,2.538720182313684e-29,True
G1,96,16,"{'name': 'cheb_d7', 'family': 'chebyshev', 'degree': 7, 'spline_smoothing_factor': 1.0}",271,262,1.7350917328104243,8.218616982613554,0.9883551655565378,-0.11671764703914282,124.5756601101989,0.1146740382540751,0.9702605135011892,122.82164692511901,7.628235840391512e-29,True
G1,104,16,"{'name': 'cheb_d7', 'family': 'chebyshev', 'degree': 7, 'spline_smoothing_factor': 1.0}",271,260,1.7193492868970133,7.980482976809651,1.0234409053178466,-0.18940932184954906,136.42457186145305,0.041982363443668846,1.0204750137325427,136.17378561536998,9.140474517964033e-32,True
G1,112,16,"{'name': 'cheb_d7', 'family': 'chebyshev', 'degree': 7, 'spline_smoothing_factor': 1.0}",275,264,1.6927602270002038,7.889955613915376,1.1298672028385763,-0.188131765775366,162.14732811715294,0.04325991951785191,1.1272692575805465,161.80718900742443,2.2792015603129676e-37,True
G1,120,16,"{'name': 'cheb_d7', 'family': 'chebyshev', 'degree': 7, 'spline_smoothing_factor': 1.0}",283,274,1.698154001843942,8.150755013675422,1.0332259354100055,-0.14929042052937502,137.94839369679573,0.08210126476384288,1.0245937540994845,136.88667814314022,6.383344626790939e-32,True
G1,128,16,"{'name': 'cheb_d7', 'family': 'chebyshev', 'degree': 7, 'spline_smoothing_factor': 1.0}",287,277,1.7242335211986075,8.472635273368128,0.9348331978095672,-0.1568030274297145,115.88074417238386,0.07458865786350341,0.9271151407378744,115.15909911311746,3.6315129941691045e-27,True
G1,136,16,"{'name': 'cheb_d7', 'family': 'chebyshev', 'degree': 7, 'spline_smoothing_factor': 1.0}",285,276,1.7159150337809206,8.454336602234847,0.9390690040007345,-0.11732589469511523,116.35788169369641,0.11406579059810268,0.9253137888054194,114.68215847135264,4.618916433660757e-27,True
G1,144,16,"{'name': 'cheb_d7', 'family': 'chebyshev', 'degree': 7, 'spline_smoothing_factor': 1.0}",277,269,1.6901999178777838,8.140764047458168,0.9542662710078147,-0.03567655012877681,118.15419282894175,0.19571513516444108,0.9270325841949538,113.28883947260283,9.326210040133083e-27,True
G1,152,16,"{'name': 'cheb_d7', 'family': 'chebyshev', 'degree': 7, 'spline_smoothing_factor': 1.0}",271,262,1.71038321674052,8.132029246084631,0.9814546880989574,-0.08081868962389317,120.27578156893537,0.15057299566932475,0.9650961438433356,117.18789376696168,1.3056021019452158e-27,True
G1,160,16,"{'name': 'cheb_d7', 'family': 'chebyshev', 'degree': 7, 'spline_smoothing_factor': 1.0}",271,261,1.7522443005404205,8.4586029111533,1.0325529051499727,-0.14649580676859317,128.93503712729841,0.08489587852462475,1.0217079751631908,127.81194348939835,6.169920542834819e-30,True
G1,168,16,"{'name': 'cheb_d7', 'family': 'chebyshev', 'degree': 7, 'spline_smoothing_factor': 1.0}",271,263,1.7386145401891824,8.293708881746703,1.0392786513352108,-0.07336559981473191,132.71056685647375,0.158026085478486,1.0075139743808021,128.94019829601154,3.4946391822482996e-30,True
G1,176,16,"{'name': 'cheb_d7', 'family': 'chebyshev', 'degree': 7, 'spline_smoothing_factor': 1.0}",271,262,1.7228444552027211,8.167337334877654,0.9719046955343571,-0.02889016836703952,120.77958430023989,0.20250151692617838,0.9363634066305467,115.60257435410676,2.9038048859096615e-27,True
G1,184,16,"{'name': 'cheb_d7', 'family': 'chebyshev', 'degree': 7, 'spline_smoothing_factor': 1.0}",271,260,1.699669061670609,7.972112371831826,0.8799389036206946,0.006337582485494007,98.03563935731427,0.23772926777871192,0.8492366581706171,92.10322856835796,4.113551983540333e-22,True
G1,192,16,"{'name': 'cheb_d7', 'family': 'chebyshev', 'degree': 7, 'spline_smoothing_factor': 1.0}",271,260,1.6876677125036508,7.860864211501151,0.8415487469352008,-0.022971380571985684,83.36831910275168,0.20842030472123224,0.8163225000115655,78.96518330484048,3.1607115364294887e-19,True
G1,200,16,"{'name': 'cheb_d7', 'family': 'chebyshev', 'degree': 7, 'spline_smoothing_factor': 1.0}",271,262,1.6942387744652936,7.985066680571914,0.9041196207979384,-0.09571617876802956,92.63819064074562,0.13567550652518834,0.8817770634587864,90.46982537114343,9.39097589531692e-22,True
G1,208,16,"{'name': 'cheb_d7', 'family': 'chebyshev', 'degree': 7, 'spline_smoothing_factor': 1.0}",271,262,1.7132647842712234,8.125727082238193,0.9574243055609613,-0.09015286076275403,109.57257213269838,0.14123882453046388,0.9285890323035745,107.09194436587984,2.1249399017658227e-25,True
G1,216,16,"{'name': 'cheb_d7', 'family': 'chebyshev', 'degree': 7, 'spline_smoothing_factor': 1.0}",271,262,1.73100202541083,8.282130328128268,0.9471451655158758,-0.05162306831704687,114.1488219839224,0.17976861697617105,0.9161264551499302,110.35182387250427,4.1027597653905594e-26,True
G1,224,16,"{'name': 'cheb_d7', 'family': 'chebyshev', 'degree': 7, 'spline_smoothing_factor': 1.0}",271,262,1.696259609995613,8.273371563873745,0.8494126284854483,-0.010067006377856277,92.15048462474601,0.22132467891536162,0.8214496664256898,87.36562742753756,4.510229353392961e-21,True
G1,232,16,"{'name': 'cheb_d7', 'family': 'chebyshev', 'degree': 7, 'spline_smoothing_factor': 1.0}",271,262,1.6673850646786095,8.040854707909634,0.759047751343166,-0.06295807190029659,70.26895501689864,0.16843361339292132,0.7418892160719806,67.913507211857,8.541346648288225e-17,True
G1,240,16,"{'name': 'cheb_d7', 'family': 'chebyshev', 'degree': 7, 'spline_smoothing_factor': 1.0}",271,260,1.693364287492095,7.922427668321582,0.8152604411769631,-0.13154584143377204,80.66483600052914,0.09984584385944587,0.8027555981002146,79.70807717483672,2.1701135737884853e-19,True
G1,248,16,"{'name': 'cheb_d7', 'family': 'chebyshev', 'degree': 7, 'spline_smoothing_factor': 1.0}",271,261,1.7262145190898146,8.041579281573567,0.94270460170862,-0.11379149736236731,112.66003901634133,0.1176001879308506,0.9243805355459428,110.97424019167067,2.9972288642386805e-26,True
G1,256,16,"{'name': 'cheb_d7', 'family': 'chebyshev', 'degree': 7, 'spline_smoothing_factor': 1.0}",271,261,1.740880570475641,8.445161616615664,0.9526404090973479,-0.16702638880356332,118.30027271105632,0.06436529648965458,0.9473442942050015,117.79111479611083,9.63221981215283e-28,True
G1,264,16,"{'name': 'cheb_d7', 'family': 'chebyshev', 'degree': 7, 'spline_smoothing_factor': 1.0}",271,262,1.719152109419589,9.046850588260936,0.8688900869801439,-0.10239062592481156,92.93130270589324,0.12900105936840633,0.8591161531825832,91.16471246645631,6.609842752421307e-22,True
G1,272,16,"{'name': 'cheb_d7', 'family': 'chebyshev', 'degree': 7, 'spline_smoothing_factor': 1.0}",271,261,1.6918959609807345,8.986117589711093,0.78884899259495,-0.09779684453542753,71.24816558548753,0.13359484075779038,0.7743511258724066,69.6299158490026,3.5771763564482567e-17,True
G1,280,16,"{'name': 'cheb_d7', 'family': 'chebyshev', 'degree': 7, 'spline_smoothing_factor': 1.0}",271,260,1.7172343927396128,8.71481892791067,0.8904675589341734,-0.13866442720932995,92.13878966181073,0.09272725808388796,0.8752034934998687,91.17639068198162,6.570947538411099e-22,True
G1,288,16,"{'name': 'cheb_d7', 'family': 'chebyshev', 'degree': 7, 'spline_smoothing_factor': 1.0}",271,261,1.7033024130985346,7.9619216684246465,0.954977952003824,-0.1552505207306244,114.7727165618976,0.07614116456259351,0.9429647815857459,114.06783204988903,6.296310995447511e-27,True
G1,296,16,"{'name': 'cheb_d7', 'family': 'chebyshev', 'degree': 7, 'spline_smoothing_factor': 1.0}",271,257,2.1407626041993875,14.088993690978999,0.6683321279765245,-0.08516585861391823,57.78551648986445,0.14622582667929965,0.6549521776741601,56.51756486072122,2.784930155575956e-14,True
G1,304,16,"{'name': 'cheb_d7', 'family': 'chebyshev', 'degree': 7, 'spline_smoothing_factor': 1.0}",276,267,1.6678761556578219,10.780259050256182,0.6315831645689524,-0.1606238221059437,51.78156485692148,0.07076786318727421,0.6280829882496527,51.498547004074226,3.5825054027751495e-13,True
G1,312,16,"{'name': 'cheb_d7', 'family': 'chebyshev', 'degree': 7, 'spline_smoothing_factor': 1.0}",284,274,1.7231808449385428,10.219501465481251,0.7830201895209147,-0.15233606200942287,80.3399685918613,0.07905562328379505,0.7765599641813542,79.77436237177267,2.0985174179967454e-19,True
G1,320,16,"{'name': 'cheb_d7', 'family': 'chebyshev', 'degree': 7, 'spline_smoothing_factor': 1.0}",285,276,1.6200706413526593,7.333234169235884,0.8828271407689205,-0.2534907492702645,104.68672082053922,-0.022099063977046585,0.8841093088731004,104.63077619987325,7.357665369909101e-25,True
G1,328,16,"{'name': 'cheb_d7', 'family': 'chebyshev', 'degree': 7, 'spline_smoothing_factor': 1.0}",277,267,1.6867281548700261,9.404616556314839,0.843701336439153,-0.5858549298588126,99.72184150827809,-0.3544632445655947,0.8110824731931175,87.73644283808778,3.739187766702641e-21,True
G1,0,32,"{'name': 'cheb_d7', 'family': 'chebyshev', 'degree': 7, 'spline_smoothing_factor': 1.0}",255,250,1.3899985562075279,5.469028299712006,0.6267959900844219,-0.4168865547513699,48.024389913055245,-0.18549486945815197,0.6255308860045262,46.21115977089215,5.308525864894066e-12,True
G1,8,32,"{'name': 'cheb_d7', 'family': 'chebyshev', 'degree': 7, 'spline_smoothing_factor': 1.0}",263,254,1.6256642928715828,7.618395970917723,0.8372421491552038,-0.169222935242755,83.88118903303291,0.062168750050462906,0.829937326876815,83.5030499890421,3.180887150537738e-20,True
G1,16,32,"{'name': 'cheb_d7', 'family': 'chebyshev', 'degree': 7, 'spline_smoothing_factor': 1.0}",266,258,1.6731405959241648,8.014214959256316,0.9377676588904453,-0.22284324030745736,108.53116979544393,0.008548444985760545,0.9369465705677439,108.52223632201753,1.0326017577154677e-25,True
G1,24,32,"{'name': 'cheb_d7', 'family': 'chebyshev', 'degree': 7, 'spline_smoothing_factor': 1.0}",273,265,1.691231234164555,8.185891423316583,0.9286557064339356,-0.1802706070246652,109.09412047449439,0.051121078268552694,0.9240318959167493,108.77612843375357,9.084528567166404e-26,True
G1,32,32,"{'name': 'cheb_d7', 'family': 'chebyshev', 'degree': 7, 'spline_smoothing_factor': 1.0}",273,263,1.6815060229053362,7.897651364628099,0.8440347884327786,-0.0973587802530127,84.42245659469631,0.1340329050402052,0.8257377485743785,82.59275882590225,5.041288039346376e-20,True
G1,40,32,"{'name': 'cheb_d7', 'family': 'chebyshev', 'degree': 7, 'spline_smoothing_factor': 1.0}",265,255,1.6709859688449675,7.724946286602806,0.7650679555423822,-0.14563324366599587,68.35457342002019,0.08575844162722204,0.753973134168825,67.77466182527473,9.164492343017192e-17,True
G1,48,32,"{'name': 'cheb_d7', 'family': 'chebyshev', 'degree': 7, 'spline_smoothing_factor': 1.0}",262,252,1.6830247475706168,7.7453193905855695,0.8206072990428774,-0.26981768004631684,84.02987447145404,-0.03842599475309893,0.8240473401686922,83.9029775332906,2.598310264911744e-20,True
G1,56,32,"{'name': 'cheb_d7', 'family': 'chebyshev', 'degree': 7, 'spline_smoothing_factor': 1.0}",255,245,1.6906904875870616,7.683916349786662,0.9024296440638506,-0.35475119504087044,100.85074194397237,-0.12335950974765253,0.9071342216041658,99.31066248754098,1.0792142183353091e-23,True
G1,64,32,"{'name': 'cheb_d7', 'family': 'chebyshev', 'degree': 7, 'spline_smoothing_factor': 1.0}",255,245,1.7578647631034006,7.995716819241581,1.0621228134514589,-0.25416295210954176,136.7240563490841,-0.022771266816323854,1.0633573835355115,136.64837100358693,7.197290823733673e-32,True
G1,72,32,"{'name': 'cheb_d7', 'family': 'chebyshev', 'degree': 7, 'spline_smoothing_factor': 1.0}",255,246,1.7735854542982619,8.190218631047093,1.1217764794368634,-0.18369995335938952,147.96153351647945,0.04769173193382839,1.1169610510520387,147.5755973780009,2.936800127545869e-34,True
G1,80,32,"{'name': 'cheb_d7', 'family': 'chebyshev', 'degree': 7, 'spline_smoothing_factor': 1.0}",255,246,1.7730839303268797,8.208078734307447,1.0768818892614622,-0.15090992013329085,135.96324576836764,0.08048176515992705,1.0654016066989933,134.9529781390563,1.6904074403957813e-31,True
G1,88,32,"{'name': 'cheb_d7', 'family': 'chebyshev', 'degree': 7, 'spline_smoothing_factor': 1.0}",255,244,1.7468233422451167,7.939249483631398,1.0807498835831446,-0.18963997861986856,140.78951647673364,0.04175170667334935,1.0759350774926018,140.52317182017487,1.0227738937054772e-32,True
G1,96,32,"{'name': 'cheb_d7', 'family': 'chebyshev', 'degree': 7, 'spline_smoothing_factor': 1.0}",259,248,1.7082948442789423,7.756737142129186,1.1789963389992109,-0.22494141197177803,172.43224381959044,0.006450273321439881,1.1785231349763177,172.4247040034271,1.0928947563764836e-39,True
G1,104,32,"{'name': 'cheb_d7', 'family': 'chebyshev', 'degree': 7, 'spline_smoothing_factor': 1.0}",267,256,1.6992991831351458,7.801839220790626,1.1494716188589549,-0.2264792654704792,167.82797272790992,0.004912419822738712,1.1492740815134668,167.82367468766313,1.1053127703513087e-38,True
G1,112,32,"{'name': 'cheb_d7', 'family': 'chebyshev', 'degree': 7, 'spline_smoothing_factor': 1.0}",275,264,1.6927602270002038,7.889955613915376,1.1298672028385763,-0.188131765775366,162.14732811715294,0.04325991951785191,1.1272692575805465,161.80718900742443,2.2792015603129676e-37,True
G1,120,32,"{'name': 'cheb_d7', 'family': 'chebyshev', 'degree': 7, 'spline_smoothing_factor': 1.0}",281,271,1.6813459294400355,8.006435922923846,1.0482091468413977,-0.08841299864013143,141.20715925823652,0.1429786866530865,1.0286887276772125,137.95284158975528,3.731408363477643e-32,True
G1,128,32,"{'name': 'cheb_d7', 'family': 'chebyshev', 'degree': 7, 'spline_smoothing_factor': 1.0}",277,269,1.6901999178777838,8.140764047458168,0.9542662710078147,-0.03567655012877681,118.15419282894175,0.19571513516444108,0.9270325841949538,113.28883947260283,9.326210040133083e-27,True
G1,136,32,"{'name': 'cheb_d7', 'family': 'chebyshev', 'degree': 7, 'spline_smoothing_factor': 1.0}",269,261,1.6969209160216205,8.099650221425929,0.9853713616218649,-0.02516292136446505,121.09163262095603,0.20622876392875286,0.9578416573269153,115.3797322035864,3.2491444454173835e-27,True
G1,144,32,"{'name': 'cheb_d7', 'family': 'chebyshev', 'degree': 7, 'spline_smoothing_factor': 1.0}",261,253,1.7135241628345548,8.074645656824272,1.0237752765325585,-0.0033019622153832497,123.84950859118692,0.22808972307783465,0.9854992461991997,116.39111546140373,1.951129804273736e-27,True
G1,152,32,"{'name': 'cheb_d7', 'family': 'chebyshev', 'degree': 7, 'spline_smoothing_factor': 1.0}",255,246,1.7437101082268844,8.124903691940046,1.0744273691511905,-0.03173177381627916,132.90847759232986,0.19965991147693873,1.0362870919175957,126.7457111079018,1.0558459338807349e-29,True
G1,160,32,"{'name': 'cheb_d7', 'family': 'chebyshev', 'degree': 7, 'spline_smoothing_factor': 1.0}",255,246,1.7507385990887532,8.180336850236417,1.121735903750439,-0.028781697886021775,146.22319882856868,0.20260998740719613,1.0773222527743482,139.44294288303877,1.7619798623994002e-32,True
G1,168,32,"{'name': 'cheb_d7', 'family': 'chebyshev', 'degree': 7, 'spline_smoothing_factor': 1.0}",255,245,1.7160016591446663,7.932823726682711,1.0317015607110693,0.12761233201040068,124.32771684373961,0.35900401730361853,0.940206338048926,107.26169196189028,1.9505120927289088e-25,True
G1,176,32,"{'name': 'cheb_d7', 'family': 'chebyshev', 'degree': 7, 'spline_smoothing_factor': 1.0}",255,244,1.675351913100499,7.617916030327413,0.8788674838267754,0.2480654663187717,89.48212696605196,0.47945715161198954,0.7634380923648492,67.87805784297689,8.696296507803933e-17,True
G1,184,32,"{'name': 'cheb_d7', 'family': 'chebyshev', 'degree': 7, 'spline_smoothing_factor': 1.0}",255,245,1.6529991860495192,7.554538443587409,0.7302784902836508,0.17476308929245957,57.82221197782826,0.4061547745856775,0.6537202341031275,46.55987710802424,4.44306085946676e-12,True
G1,192,32,"{'name': 'cheb_d7', 'family': 'chebyshev', 'degree': 7, 'spline_smoothing_factor': 1.0}",255,245,1.6653680883310276,7.557467949187686,0.7185887583714868,0.02618463070389945,53.00183802533263,0.25757631599711733,0.6724179697106879,48.51212917235728,1.6412618668676078e-12,True
G1,200,32,"{'name': 'cheb_d7', 'family': 'chebyshev', 'degree': 7, 'spline_smoothing_factor': 1.0}",255,246,1.7203500005310317,7.9795075005516996,0.9144184404541292,-0.036314575655641244,90.07992871690226,0.19507710963757663,0.870861458751352,86.0694165424245,8.686448232340604e-21,True
G1,208,32,"{'name': 'cheb_d7', 'family': 'chebyshev', 'degree': 7, 'spline_smoothing_factor': 1.0}",255,246,1.7119314343798135,8.271089826523768,0.9287090126864926,0.0776863457053807,97.58282434365606,0.3090780309985986,0.853608793454973,87.62546452314496,3.954984763639359e-21,True
G1,216,32,"{'name': 'cheb_d7', 'family': 'chebyshev', 'degree': 7, 'spline_smoothing_factor': 1.0}",255,246,1.6635614671458017,8.169094244151207,0.7433902572197709,0.2153969508437478,64.35871770377969,0.44678863613696573,0.6494777967680804,51.080871816476815,4.4318918194816e-13,True
G1,224,32,"{'name': 'cheb_d7', 'family': 'chebyshev', 'degree': 7, 'spline_smoothing_factor': 1.0}",255,246,1.6524202566056148,8.432805669415378,0.5817961529751143,0.23974734263786318,39.19533038604834,0.4711390279310811,0.5016197175508035,29.8134917628405,2.3783510609110778e-08,True
G1,232,32,"{'name': 'cheb_d7', 'family': 'chebyshev', 'degree': 7, 'spline_smoothing_factor': 1.0}",255,246,1.6442583056769748,7.629965559585771,0.5342386916160358,-0.08668548440236346,33.088899009385614,0.14470620089085445,0.5216973538534108,32.28701257672185,6.649966454359829e-09,True
G1,240,32,"{'name': 'cheb_d7', 'family': 'chebyshev', 'degree': 7, 'spline_smoothing_factor': 1.0}",255,244,1.6850245251366074,7.561291015448153,0.7635154300905558,-0.2735726223126586,71.20838527795684,-0.0421809370194407,0.7656937426556019,71.07230852180203,1.7218483819550705e-17,True
G1,248,32,"{'name': 'cheb_d7', 'family': 'chebyshev', 'degree': 7, 'spline_smoothing_factor': 1.0}",255,246,1.759114499253608,9.150673159717595,0.9111693461891035,-0.038334470665824474,97.86097080401726,0.19305721462739345,0.8847235410300894,93.88998683245063,1.6677863239742871e-22,True
G1,256,32,"{'name': 'cheb_d7', 'family': 'chebyshev', 'degree': 7, 'spline_smoothing_factor': 1.0}",255,244,1.7551451845748645,9.994710849435366,0.7214865250143674,0.059042375782777115,58.355856858392826,0.29043406107599495,0.6828942187059219,52.66535975094507,1.9775283106106444e-13,True
G1,264,32,"{'name': 'cheb_d7', 'family': 'chebyshev', 'degree': 7, 'spline_smoothing_factor': 1.0}",255,245,1.6593448245722129,9.010996222848327,0.6376678272701863,-0.055007647392517796,42.62245715429913,0.17638403790070012,0.6181066964458092,40.923908406335045,7.913649942407382e-11,True
G1,272,32,"{'name': 'cheb_d7', 'family': 'chebyshev', 'degree': 7, 'spline_smoothing_factor': 1.0}",255,250,1.5411122735572518,6.81208514473317,0.617912279700056,-0.1391640295796059,40.74247435799532,0.092227655713612,0.6071604019103765,40.31721712788112,1.0794896801207331e-10,True
G1,280,32,"{'name': 'cheb_d7', 'family': 'chebyshev', 'degree': 7, 'spline_smoothing_factor': 1.0}",255,249,1.613495761489142,6.527446375295331,0.8638549622682133,-0.18907338740455254,86.29968081069399,0.04231829788866537,0.8580965524293764,86.13202192156223,8.415757831416792e-21,True
G1,288,32,"{'name': 'cheb_d7', 'family': 'chebyshev', 'degree': 7, 'spline_smoothing_factor': 1.0}",260,247,2.0124499355455607,16.017582847636973,0.5214584245073368,0.28062236818413866,31.382804418751107,0.5120140534773565,0.42999798994077737,23.143603826783874,7.51712287788396e-07,True
G1,296,32,"{'name': 'cheb_d7', 'family': 'chebyshev', 'degree': 7, 'spline_smoothing_factor': 1.0}",268,260,1.735163742916151,11.944008304759802,0.5911434704161512,0.008705969390774426,44.36058953797453,0.24009765468399233,0.5665569191745672,41.73799046821864,5.218065902548282e-11,True
G1,304,32,"{'name': 'cheb_d7', 'family': 'chebyshev', 'degree': 7, 'spline_smoothing_factor': 1.0}",274,271,1.4575039081216097,5.226919277080238,0.586077543078932,-0.19822234592093477,44.65868077997936,0.03316933937228314,0.5848513828061027,44.60566276127531,1.20496813788826e-11,True
G1,312,32,"{'name': 'cheb_d7', 'family': 'chebyshev', 'degree': 7, 'spline_smoothing_factor': 1.0}",274,267,1.5033934365523467,7.185701772359466,0.7180507523375023,-0.5523977103784296,70.72662401247544,-0.3210060250852117,0.6948876925224914,63.58850481504339,7.666062469494127e-16,True
G2,0,1,"{'name': 'cheb_d7', 'family': 'chebyshev', 'degree': 7, 'spline_smoothing_factor': 1.0}",286,276,1.7329038739598983,11.026603307857641,0.9924569978756439,-0.09812039277401917,129.64514998499567,0.13327129251919873,0.9742508854022214,127.07399613113319,8.948725355809253e-30,True
G2,1,1,"{'name': 'cheb_d7', 'family': 'chebyshev', 'degree': 7, 'spline_smoothing_factor': 1.0}",286,276,1.730969969370354,11.002280253160524,0.9890906773814261,-0.09380571579034981,128.6728594536005,0.1375859695028681,0.9701207649494485,125.95072923694886,1.5760650785498318e-29,True
G2,2,1,"{'name': 'cheb_d7', 'family': 'chebyshev', 'degree': 7, 'spline_smoothing_factor': 1.0}",286,276,1.7308133886807429,11.002315104966465,0.989240329142277,-0.09448315472253037,128.67778377347327,0.13690853057068753,0.9704466254294756,125.97989953675142,1.5530676693976172e-29,True
G2,3,1,"{'name': 'cheb_d7', 'family': 'chebyshev', 'degree': 7, 'spline_smoothing_factor': 1.0}",286,276,1.7255408312449203,10.989362995472703,0.9872426406143142,-0.09496202662140985,128.11318757335061,0.13642965867180806,0.9686119297938824,125.44327457265842,2.0353061944032932e-29,True
G2,4,1,"{'name': 'cheb_d7', 'family': 'chebyshev', 'degree': 7, 'spline_smoothing_factor': 1.0}",286,276,1.7318240661028135,11.010972183318696,0.9915366146011377,-0.09644788607801758,129.19106099051317,0.13494379921520033,0.9731413126293219,126.5542935154599,1.1627585962551742e-29,True
G2,5,1,"{'name': 'cheb_d7', 'family': 'chebyshev', 'degree': 7, 'spline_smoothing_factor': 1.0}",286,276,1.7300535354822897,11.007985441247659,0.9909526085443005,-0.09772867050084977,128.99196242085395,0.13366301479236814,0.9728276108568129,126.40623654763635,1.252823937945145e-29,True
G2,6,1,"{'name': 'cheb_d7', 'family': 'chebyshev', 'degree': 7, 'spline_smoothing_factor': 1.0}",286,276,1.7319394271540194,11.012257281807239,0.9928071612052309,-0.09687366066967572,129.39547340333002,0.13451802462354218,0.9744635929322651,126.76545571507631,1.0453933996759707e-29,True
G2,7,1,"{'name': 'cheb_d7', 'family': 'chebyshev', 'degree': 7, 'spline_smoothing_factor': 1.0}",286,276,1.7276476562962497,11.006565718176208,0.9954798313858,-0.09319458865013142,129.9730836694963,0.1381970966430865,0.9763082089342161,127.18171674271161,8.47595681095243e-30,True
G2,8,1,"{'name': 'cheb_d7', 'family': 'chebyshev', 'degree': 7, 'spline_smoothing_factor': 1.0}",286,276,1.7301304054027138,11.005985377107525,0.9944011281081104,-0.09377661525217626,129.63152211439774,0.13761507004104165,0.9753330527415593,126.86812568236428,9.926865140823186e-30,True
G2,9,1,"{'name': 'cheb_d7', 'family': 'chebyshev', 'degree': 7, 'spline_smoothing_factor': 1.0}",286,276,1.73193479446158,11.011964926260498,0.9945348922528408,-0.09619273755562299,129.63493948164296,0.13519894773759492,0.9759124362605057,126.9652894544439,9.452562493880937e-30,True
G2,10,1,"{'name': 'cheb_d7', 'family': 'chebyshev', 'degree': 7, 'spline_smoothing_factor': 1.0}",286,276,1.731689980836849,11.020261088774326,0.996128153838234,-0.09887262813113135,130.02846551083178,0.13251905716208653,0.9779651045100952,127.45385292423475,7.389890299878545e-30,True
G2,11,1,"{'name': 'cheb_d7', 'family': 'chebyshev', 'degree': 7, 'spline_smoothing_factor': 1.0}",286,276,1.7316310247424544,11.022534377528832,0.9971660656505704,-0.09895788948592732,130.24801680171322,0.1324337958072906,0.978938544727147,127.67063294823629,6.62523606386446e-30,True
G2,12,1,"{'name': 'cheb_d7', 'family': 'chebyshev', 'degree': 7, 'spline_smoothing_factor': 1.0}",286,276,1.7321038879416544,11.019136385138204,0.997010667129946,-0.09722839760538364,130.1384944488026,0.13416328768783425,0.9783644288276798,127.49409208174222,7.241568765855708e-30,True
G2,13,1,"{'name': 'cheb_d7', 'family': 'chebyshev', 'degree': 7, 'spline_smoothing_factor': 1.0}",286,276,1.7278207259378047,10.99184093026233,0.9935690594817581,-0.08972409500470367,129.10112745454228,0.14166759028851422,0.9733493555737989,126.17468979837486,1.4078676817057923e-29,True
G2,14,1,"{'name': 'cheb_d7', 'family': 'chebyshev', 'degree': 7, 'spline_smoothing_factor': 1.0}",286,276,1.7319604531639126,11.023206582667946,0.9987349335453505,-0.09691882548921034,130.52614542883532,0.13447285980400758,0.9798457244381594,127.8601367041914,6.021905251201283e-30,True
G2,15,1,"{'name': 'cheb_d7', 'family': 'chebyshev', 'degree': 7, 'spline_smoothing_factor': 1.0}",286,276,1.732141558428888,11.01524886478564,0.9971258123195746,-0.09445919696026407,130.05780148162478,0.13693248833295385,0.977681574736776,127.30312827955731,7.972976684062447e-30,True
G2,16,1,"{'name': 'cheb_d7', 'family': 'chebyshev', 'degree': 7, 'spline_smoothing_factor': 1.0}",286,276,1.7321725287278809,11.016131105411326,0.9974273055568953,-0.09404143569549488,130.1297636370889,0.13735024959772302,0.977817951583109,127.35717138298378,7.758797419795206e-30,True
G2,17,1,"{'name': 'cheb_d7', 'family': 'chebyshev', 'degree': 7, 'spline_smoothing_factor': 1.0}",286,276,1.7321849473652777,11.016861028268341,0.9976351563721421,-0.09355336831323047,130.1880947903345,0.13783831697998744,0.9778522360646063,127.39544168415216,7.610616997250034e-30,True
G2,18,1,"{'name': 'cheb_d7', 'family': 'chebyshev', 'degree': 7, 'spline_smoothing_factor': 1.0}",286,276,1.7310373406337054,11.005151346108537,0.9946066194258206,-0.0913708483912242,129.38922195374937,0.1400208369019937,0.9743611400048768,126.52642835782979,1.179200055576126e-29,True
G2,19,1,"{'name': 'cheb_d7', 'family': 'chebyshev', 'degree': 7, 'spline_smoothing_factor': 1.0}",286,276,1.7320820438512519,11.014079523683654,0.9966064765205962,-0.09207994210251279,129.9541876691486,0.1393117431907051,0.9764207694501769,127.10984369861944,8.788538476702486e-30,True
G2,20,1,"{'name': 'cheb_d7', 'family': 'chebyshev', 'degree': 7, 'spline_smoothing_factor': 1.0}",286,276,1.7295793352112954,11.030286010952713,1.0027475516762583,-0.09197893358381634,131.6031810545818,0.13941275170940157,0.9823751591535339,128.7208147143956,3.903059111679632e-30,True
G2,21,1,"{'name': 'cheb_d7', 'family': 'chebyshev', 'degree': 7, 'spline_smoothing_factor': 1.0}",286,276,1.7273615617045943,10.993866171111046,0.9904095905052153,-0.0904667966961384,128.4134019030995,0.14092488859707952,0.9699366560659711,125.54200466874636,1.9365225926676326e-29,True
G2,22,1,"{'name': 'cheb_d7', 'family': 'chebyshev', 'degree': 7, 'spline_smoothing_factor': 1.0}",286,276,1.7290557666576147,10.999663019867901,0.9910786755064599,-0.09117273709497935,128.65611121524876,0.14021894819823855,0.9707270623580206,125.81083569024429,1.6911778172981904e-29,True
G2,23,1,"{'name': 'cheb_d7', 'family': 'chebyshev', 'degree': 7, 'spline_smoothing_factor': 1.0}",286,276,1.729285356932025,11.001469351237441,0.9908154064138961,-0.09170462360610863,128.65964949538613,0.1396870616871093,0.9705799713408876,125.83875319105573,1.6675529096608704e-29,True
G2,24,1,"{'name': 'cheb_d7', 'family': 'chebyshev', 'degree': 7, 'spline_smoothing_factor': 1.0}",286,276,1.7318232163881797,11.011092731789669,0.9934160626612027,-0.09089900813873303,129.39121641086626,0.14049267715448488,0.9729655065550005,126.52439215995105,1.1804105629652983e-29,True
G2,25,1,"{'name': 'cheb_d7', 'family': 'chebyshev', 'degree': 7, 'spline_smoothing_factor': 1.0}",286,276,1.7320182341808903,11.013536996155516,0.9939846003212163,-0.09013243254976978,129.5966637054587,0.14125925274344814,0.9733813076864037,126.69681003940855,1.0821857393886751e-29,True
G2,26,1,"{'name': 'cheb_d7', 'family': 'chebyshev', 'degree': 7, 'spline_smoothing_factor': 1.0}",286,276,1.731989893845491,11.01347412835232,0.9935033196675557,-0.0899412981137181,129.5365020687551,0.14145038717949981,0.9729052444628316,126.63301955055351,1.1175357674171914e-29,True
G2,27,1,"{'name': 'cheb_d7', 'family': 'chebyshev', 'degree': 7, 'spline_smoothing_factor': 1.0}",286,276,1.7280442056762992,11.006358164562753,0.9889915683426289,-0.09593548016030956,128.51818563056872,0.13545620513290835,0.9697984604597514,125.87934642593632,1.6337889271078757e-29,True
G2,28,1,"{'name': 'cheb_d7', 'family': 'chebyshev', 'degree': 7, 'spline_smoothing_factor': 1.0}",286,276,1.7309889624879837,11.010694184893453,0.9903862239245266,-0.0940741564494044,128.91240794063003,0.1373175288438135,0.9708332650393543,126.19434478683138,1.393992719056651e-29,True
G2,29,1,"{'name': 'cheb_d7', 'family': 'chebyshev', 'degree': 7, 'spline_smoothing_factor': 1.0}",286,276,1.7299463101910648,11.011565802944974,0.9897251488810588,-0.096558002717239,128.83083846919976,0.1348336825759789,0.970766205275186,126.21389812978043,1.380325212066947e-29,True
G2,30,1,"{'name': 'cheb_d7', 'family': 'chebyshev', 'degree': 7, 'spline_smoothing_factor': 1.0}",286,276,1.7319464638744315,11.012199536051972,0.9910680362753885,-0.09115762104351713,129.14414801331804,0.14023406424970078,0.9710252225101873,126.30772590985623,1.3165824737430324e-29,True
G2,31,1,"{'name': 'cheb_d7', 'family': 'chebyshev', 'degree': 7, 'spline_smoothing_factor': 1.0}",286,276,1.7230917392391487,11.019129954785745,0.9898731717152793,-0.10579549252449641,129.0868273912887,0.1255961927687215,0.9729138459441785,126.81448968878749,1.0198809004932362e-29,True
G2,43,1,"{'name': 'cheb_d7', 'family': 'chebyshev', 'degree': 7, 'spline_smoothing_factor': 1.0}",286,276,1.731664238872122,11.008975842371235,0.9924447842771559,-0.09544199893143646,129.08953056581265,0.13594968636178145,0.9738971839688407,126.40534771798002,1.2533851747212331e-29,True
G2,44,1,"{'name': 'cheb_d7', 'family': 'chebyshev', 'degree': 7, 'spline_smoothing_factor': 1.0}",286,276,1.7318670041296471,11.011074766667086,0.9939907421624987,-0.09641629524785018,129.41103811420294,0.13497539004536774,0.9755839600190616,126.75539801362663,1.0507048175792598e-29,True
G2,45,1,"{'name': 'cheb_d7', 'family': 'chebyshev', 'degree': 7, 'spline_smoothing_factor': 1.0}",286,276,1.731669935296247,11.008950491414433,0.9937242398480888,-0.09557862138673943,129.23675776634877,0.13581306390647846,0.9751107838925135,126.54847091452336,1.1661750875525037e-29,True
G2,46,1,"{'name': 'cheb_d7', 'family': 'chebyshev', 'degree': 7, 'spline_smoothing_factor': 1.0}",286,275,1.7243787669182278,10.953642501943392,0.9840470259657242,-0.08219140254062272,126.4680164281524,0.14920028275259514,0.9627681931252844,123.28927441153621,6.026536625303327e-29,True
G2,47,1,"{'name': 'cheb_d7', 'family': 'chebyshev', 'degree': 7, 'spline_smoothing_factor': 1.0}",286,276,1.7322636418857766,11.02132593061069,1.000404583906899,-0.09900658331945272,130.84926315215546,0.13238510197376518,0.982246899991947,128.2577702211853,4.928613677188591e-30,True
G2,48,1,"{'name': 'cheb_d7', 'family': 'chebyshev', 'degree': 7, 'spline_smoothing_factor': 1.0}",286,275,1.7267578040709513,10.958716670518756,0.9882316865432695,-0.08537219581672599,127.423143639346,0.1460194894764919,0.9673955008302574,124.34968122204839,3.5316088031392854e-29,True
G2,56,1,"{'name': 'cheb_d7', 'family': 'chebyshev', 'degree': 7, 'spline_smoothing_factor': 1.0}",286,276,1.7191294150890322,10.97867857333097,0.972930280549894,-0.0928127142062872,123.41605480049964,0.1385789710869307,0.9532672536281771,120.73352634666799,2.185337223155805e-28,True
G2,57,1,"{'name': 'cheb_d7', 'family': 'chebyshev', 'degree': 7, 'spline_smoothing_factor': 1.0}",286,275,1.727535057686124,10.96088422527893,0.9906327508768262,-0.08675491046539861,127.896454290816,0.14463677482781928,0.9692391925776814,124.87014104759851,2.7168347130241713e-29,True
G2,58,1,"{'name': 'cheb_d7', 'family': 'chebyshev', 'degree': 7, 'spline_smoothing_factor': 1.0}",286,276,1.732180856824115,11.016323192660556,0.9998989898969828,-0.09093157625435122,130.41588773399042,0.1404601090388667,0.9791627176388635,127.5085654030679,7.188951275820408e-30,True
G2,59,1,"{'name': 'cheb_d7', 'family': 'chebyshev', 'degree': 7, 'spline_smoothing_factor': 1.0}",286,275,1.7200938189804886,10.94714632335217,0.9780050944790616,-0.09024321057606802,124.81837877852274,0.1411484747171499,0.9575345637485179,122.0114186528549,1.1475657807969377e-28,True
G2,60,1,"{'name': 'cheb_d7', 'family': 'chebyshev', 'degree': 7, 'spline_smoothing_factor': 1.0}",286,275,1.7244827353236902,10.953114968658667,0.9842666120475608,-0.08901765360791603,126.4752744464613,0.14237403168530188,0.9633728337848694,123.58470783270411,5.192824287913418e-29,True
G2,61,1,"{'name': 'cheb_d7', 'family': 'chebyshev', 'degree': 7, 'spline_smoothing_factor': 1.0}",286,275,1.727717582917486,10.96221222125363,0.9900810541630307,-0.08754331782907038,128.0324266462893,0.14384836746414753,0.9687285629923524,125.04891889565477,2.482768438455293e-29,True
G2,62,1,"{'name': 'cheb_d7', 'family': 'chebyshev', 'degree': 7, 'spline_smoothing_factor': 1.0}",286,275,1.7253185448593877,10.955565624300155,0.9854724755447227,-0.08983702532880779,126.96467460406018,0.14155465996441016,0.9647174946051787,124.10344848198724,3.998205370658645e-29,True
G2,63,1,"{'name': 'cheb_d7', 'family': 'chebyshev', 'degree': 7, 'spline_smoothing_factor': 1.0}",286,276,1.7164685424410149,10.97867857333097,0.9726915787604371,-0.1034807740439747,123.98835527951007,0.1279109112492432,0.9550335838893468,121.71080975582163,1.33530720893952e-28,True
G2,64,1,"{'name': 'cheb_d7', 'family': 'chebyshev', 'degree': 7, 'spline_smoothing_factor': 1.0}",286,276,1.7299404855579827,10.998594917133902,0.9886491194205018,-0.09326669300858828,128.02204841107448,0.13812499228462963,0.9686084993777054,125.28232613189721,2.207261413298901e-29,True
G2,65,1,"{'name': 'cheb_d7', 'family': 'chebyshev', 'degree': 7, 'spline_smoothing_factor': 1.0}",286,275,1.7248189976808992,10.956026037810839,0.9849208294945935,-0.09263356566267587,127.14052980066867,0.13875811963054205,0.9648644288261407,124.39792269830764,3.44678476151577e-29,True
G2,66,1,"{'name': 'cheb_d7', 'family': 'chebyshev', 'degree': 7, 'spline_smoothing_factor': 1.0}",286,275,1.7233757385218136,10.954564491523211,0.9836315028523821,-0.09501515326318925,126.93357840199792,0.13637653203002864,0.9641568507316796,124.29176253123774,3.6362109791653073e-29,True
G2,67,1,"{'name': 'cheb_d7', 'family': 'chebyshev', 'degree': 7, 'spline_smoothing_factor': 1.0}",286,275,1.7237635705429524,10.955717264411991,0.9844642017650609,-0.09559078023776092,127.24176127010867,0.135800905055457,0.9651572846787779,124.61852378944059,3.0841284282358094e-29,True
G2,68,1,"{'name': 'cheb_d7', 'family': 'chebyshev', 'degree': 7, 'spline_smoothing_factor': 1.0}",286,276,1.730380461644181,11.001358476754639,0.9885771944797942,-0.09496513141705484,128.3756907339482,0.13642655387616306,0.9691316859012555,125.70690382124883,1.7821099869785488e-29,True
G2,69,1,"{'name': 'cheb_d7', 'family': 'chebyshev', 'degree': 7, 'spline_smoothing_factor': 1.0}",286,275,1.7253628699307364,10.95932210771096,0.986864425791722,-0.09555760212565831,128.00958652913425,0.1358340831675596,0.9676554512333652,125.37339653603362,2.1082529449071723e-29,True
G2,70,1,"{'name': 'cheb_d7', 'family': 'chebyshev', 'degree': 7, 'spline_smoothing_factor': 1.0}",286,275,1.7271771309945265,10.963559193536273,0.9887457916171374,-0.09384911217994804,128.53161725040366,0.13754257311326987,0.9692283643919373,125.81901161329449,1.684224571980107e-29,True
G2,71,1,"{'name': 'cheb_d7', 'family': 'chebyshev', 'degree': 7, 'spline_smoothing_factor': 1.0}",286,276,1.7293271823557712,10.99893427382666,0.988019598743032,-0.09896076139563327,128.46774107174213,0.13243092389758465,0.9696561529120185,125.95550132249946,1.5722796725464712e-29,True
G2,72,1,"{'name': 'cheb_d7', 'family': 'chebyshev', 'degree': 7, 'spline_smoothing_factor': 1.0}",286,276,1.732121264414003,11.017186786053832,0.9908777074588119,-0.09124678367732024,129.13225803164914,0.14014490161589765,0.9709483848043707,126.30418635517299,1.31893279348547e-29,True
G2,73,1,"{'name': 'cheb_d7', 'family': 'chebyshev', 'degree': 7, 'spline_smoothing_factor': 1.0}",286,276,1.7312413858003792,11.006463636010439,0.9897691168124373,-0.09639842899009142,128.9422413905511,0.13499325630312647,0.9710181656337546,126.32235554767828,1.3069125174661925e-29,True
G2,74,1,"{'name': 'cheb_d7', 'family': 'chebyshev', 'degree': 7, 'spline_smoothing_factor': 1.0}",286,276,1.7320874680174254,11.015934215391601,0.990187025626823,-0.09268876764908685,129.00643267635292,0.13870291764413106,0.970742938754971,126.23837044279799,1.3634080930543368e-29,True
G2,75,1,"{'name': 'cheb_d7', 'family': 'chebyshev', 'degree': 7, 'spline_smoothing_factor': 1.0}",286,276,1.732072661131582,11.01642760607943,0.990015859942603,-0.0929581626135577,128.96229759762662,0.1384335226796602,0.9707067622179392,126.20483793530047,1.3866414156683436e-29,True
G2,76,1,"{'name': 'cheb_d7', 'family': 'chebyshev', 'degree': 7, 'spline_smoothing_factor': 1.0}",286,276,1.7283589735309586,10.999851494949905,0.9920135324182989,-0.10349875269749935,129.6188567975587,0.12789293259571854,0.9748625023774854,127.25256121432074,8.178731658423478e-30,True
G2,77,1,"{'name': 'cheb_d7', 'family': 'chebyshev', 'degree': 7, 'spline_smoothing_factor': 1.0}",286,276,1.7309620016745244,11.006125242289333,0.9918287960119402,-0.09926166189940303,129.47997694128617,0.13213002339381488,0.9738930978764905,126.95490203845475,9.502166867218327e-30,True
G2,78,1,"{'name': 'cheb_d7', 'family': 'chebyshev', 'degree': 7, 'spline_smoothing_factor': 1.0}",286,276,1.732012414646152,11.013486801423953,0.9906418085913701,-0.09553798274268258,129.07809127078588,0.13585370255053533,0.9720202381754295,126.4145102630606,1.2476116812693581e-29,True
G2,79,1,"{'name': 'cheb_d7', 'family': 'chebyshev', 'degree': 7, 'spline_smoothing_factor': 1.0}",286,276,1.7317795991433282,11.010495125219819,0.9920086077136366,-0.09745984004041393,129.41246983702524,0.133931845252804,0.9737842240656511,126.81462361896854,1.0198120760221753e-29,True
G2,80,1,"{'name': 'cheb_d7', 'family': 'chebyshev', 'degree': 7, 'spline_smoothing_factor': 1.0}",286,276,1.7304034336141902,11.005695770811757,0.9952227882632213,-0.10100348771905021,130.24507017940516,0.1303881975741677,0.9776702190864225,127.7646513669165,6.318704943379007e-30,True
G2,81,1,"{'name': 'cheb_d7', 'family': 'chebyshev', 'degree': 7, 'spline_smoothing_factor': 1.0}",286,276,1.7313812499556236,11.00871583308902,0.9945259198119702,-0.09904117674009102,129.97190862680316,0.13235050855312688,0.9766007808846395,127.41877037412291,7.521681621266688e-30,True
G2,82,1,"{'name': 'cheb_d7', 'family': 'chebyshev', 'degree': 7, 'spline_smoothing_factor': 1.0}",286,276,1.7316791736761965,11.017191080937968,0.9897565754841883,-0.09450713875343633,128.59963153545993,0.13688454653978158,0.9709961746971851,125.89423246483784,1.621579334896034e-29,True
G2,83,1,"{'name': 'cheb_d7', 'family': 'chebyshev', 'degree': 7, 'spline_smoothing_factor': 1.0}",286,276,1.7296410181589192,11.006154974965508,0.9998156223680276,-0.10135287128936307,131.25327582851116,0.13003881400385484,0.9822340310392198,128.75893583206403,3.8288107090383974e-30,True
G2,84,1,"{'name': 'cheb_d7', 'family': 'chebyshev', 'degree': 7, 'spline_smoothing_factor': 1.0}",286,276,1.73150713869366,11.016634965523984,0.9899136768360548,-0.09468928878828224,128.5065448845852,0.13670239650493565,0.9711365159931614,125.8045792847364,1.6965179855948463e-29,True
G2,85,1,"{'name': 'cheb_d7', 'family': 'chebyshev', 'degree': 7, 'spline_smoothing_factor': 1.0}",286,276,1.731354296424679,11.009740977095394,0.9981688224108366,-0.09819054719983444,130.64071034865594,0.13320113809338346,0.9799080402622506,128.03041087586007,5.526812286459097e-30,True
G2,86,1,"{'name': 'cheb_d7', 'family': 'chebyshev', 'degree': 7, 'spline_smoothing_factor': 1.0}",286,276,1.7318745634320718,11.011601892287366,0.9962743864490995,-0.09672291997550093,130.0624294349376,0.134668765317717,0.9776976159167147,127.40373327422424,7.578887347464137e-30,True
G2,87,1,"{'name': 'cheb_d7', 'family': 'chebyshev', 'degree': 7, 'spline_smoothing_factor': 1.0}",286,276,1.7319584601563776,11.012432603087799,0.9953570800509297,-0.09592444213394544,129.75573073737382,0.13546724315927247,0.9765731308374478,127.06972748578028,8.967993564319224e-30,True
G2,88,1,"{'name': 'cheb_d7', 'family': 'chebyshev', 'degree': 7, 'spline_smoothing_factor': 1.0}",286,276,1.7318995387844092,11.012994175169347,0.9942757520347993,-0.09528172145408621,129.41666673155487,0.1361099638391317,0.9753124855143348,126.71055110959844,1.0747186349529928e-29,True
G2,89,1,"{'name': 'cheb_d7', 'family': 'chebyshev', 'degree': 7, 'spline_smoothing_factor': 1.0}",286,276,1.7305730334983562,11.014603542338035,0.9889137693422981,-0.09449088402900678,127.9748250401592,0.1369008012642111,0.9698180863635119,125.26644425283996,2.2249977885119742e-29,True
G2,90,1,"{'name': 'cheb_d7', 'family': 'chebyshev', 'degree': 7, 'spline_smoothing_factor': 1.0}",286,276,1.730461360594809,11.013798846238737,0.9889175197419123,-0.09450454594633868,127.94747802317158,0.13688713934687924,0.9697501340492047,125.2394916748093,2.2554243793606867e-29,True
G2,91,1,"{'name': 'cheb_d7', 'family': 'chebyshev', 'degree': 7, 'spline_smoothing_factor': 1.0}",286,276,1.7318199460401311,11.012468461358347,0.9945930194141328,-0.09418368699892778,129.39805353213774,0.13720799829429017,0.975173664399016,126.64624837283577,1.1101112176374346e-29,True
G2,92,1,"{'name': 'cheb_d7', 'family': 'chebyshev', 'degree': 7, 'spline_smoothing_factor': 1.0}",286,276,1.7299945319411687,11.012457425765067,1.0060795988590399,-0.0926916535412336,132.3759029631118,0.13870003175198428,0.9860448222668097,129.49938563612432,2.636639038735253e-30,True
G2,93,1,"{'name': 'cheb_d7', 'family': 'chebyshev', 'degree': 7, 'spline_smoothing_factor': 1.0}",286,276,1.7314750390194442,11.012800552572294,1.001632925536922,-0.09219546724782139,131.2068265478058,0.1391962180453965,0.9815109738188086,128.33601107214474,4.738103634951242e-30,True
G2,94,1,"{'name': 'cheb_d7', 'family': 'chebyshev', 'degree': 7, 'spline_smoothing_factor': 1.0}",286,276,1.7267266416504832,11.008699275475887,0.9832721893407744,-0.09612779154420427,126.51478928356676,0.13526389374901365,0.9642747960566108,123.90219977405866,4.424993617292955e-29,True
G2,95,1,"{'name': 'cheb_d7', 'family': 'chebyshev', 'degree': 7, 'spline_smoothing_factor': 1.0}",286,276,1.7254608471879695,11.00644623043067,0.9820191928730032,-0.09702880840930496,126.23426834276393,0.13436287688391296,0.9631787324078024,123.66367101943786,4.990228678766864e-29,True
G2,96,1,"{'name': 'cheb_d7', 'family': 'chebyshev', 'degree': 7, 'spline_smoothing_factor': 1.0}",286,276,1.7264388750395563,11.005462738181905,0.9834924698472095,-0.0969699938237443,126.65120559003469,0.1344216914694736,0.9645685681096955,124.07174248474655,4.0626049350148447e-29,True
G2,97,1,"{'name': 'cheb_d7', 'family': 'chebyshev', 'degree': 7, 'spline_smoothing_factor': 1.0}",286,276,1.730966732783296,11.009390454019888,0.991136510351242,-0.09355408760171939,128.62431362613358,0.1378375976914985,0.9713168443115993,125.87191272556481,1.6399204574677497e-29,True
G2,98,1,"{'name': 'cheb_d7', 'family': 'chebyshev', 'degree': 7, 'spline_smoothing_factor': 1.0}",286,276,1.7313470841947216,11.009820359535256,0.9921430273837882,-0.09282795050332186,128.930589305147,0.13856373478989603,0.972127944129545,126.14504653537756,1.429055303488034e-29,True
G2,99,1,"{'name': 'cheb_d7', 'family': 'chebyshev', 'degree': 7, 'spline_smoothing_factor': 1.0}",286,276,1.7319703367965777,11.012531489881608,0.9952521833053406,-0.09042373503392281,129.7655398217512,0.1409679502592951,0.974650583974675,126.86655430438293,9.934728226021364e-30,True
G2,100,1,"{'name': 'cheb_d7', 'family': 'chebyshev', 'degree': 7, 'spline_smoothing_factor': 1.0}",286,276,1.7296904845333096,11.005160190189596,0.9885497672612761,-0.0953791585311857,128.16439368891497,0.1360125267620322,0.9691398336131883,125.50203814742974,1.975919594442203e-29,True
G2,101,1,"{'name': 'cheb_d7', 'family': 'chebyshev', 'degree': 7, 'spline_smoothing_factor': 1.0}",286,276,1.7318575529973441,11.011430792263251,0.9932121720781786,-0.09102771199432234,129.3780621231606,0.14036397329889555,0.9728048540549155,126.5184263156599,1.1839643811084428e-29,True
G2,102,1,"{'name': 'cheb_d7', 'family': 'chebyshev', 'degree': 7, 'spline_smoothing_factor': 1.0}",286,276,1.7316279275096,11.00998177889747,0.991911744582388,-0.09202056656261783,129.12317111131642,0.1393711187306001,0.9717734506295459,126.31232347115304,1.3135358738718512e-29,True
G2,103,1,"{'name': 'cheb_d7', 'family': 'chebyshev', 'degree': 7, 'spline_smoothing_factor': 1.0}",286,276,1.7314356611217776,11.017964350240653,0.9960726107886231,-0.0859030347776535,130.1828497395378,0.14548865051556442,0.9745686220501176,127.09724169614344,8.844521702717475e-30,True
G2,104,1,"{'name': 'cheb_d7', 'family': 'chebyshev', 'degree': 7, 'spline_smoothing_factor': 1.0}",286,276,1.730844429339178,11.006209600066242,0.9900800028280476,-0.09446425102206253,128.8125418568967,0.1369274342711554,0.9705884133486733,126.11105536789864,1.4537433853735988e-29,True
G2,105,1,"{'name': 'cheb_d7', 'family': 'chebyshev', 'degree': 7, 'spline_smoothing_factor': 1.0}",286,276,1.7305326796419325,11.021344017221239,0.9951481076596493,-0.08353120647633197,130.02697587761736,0.14786047881688597,0.9732642373200566,126.8488772565139,1.0023613502079571e-29,True
G2,106,1,"{'name': 'cheb_d7', 'family': 'chebyshev', 'degree': 7, 'spline_smoothing_factor': 1.0}",286,276,1.7318932289520117,11.01161285685372,0.9910972222991983,-0.09172483169740019,129.14127418171074,0.1396668535958177,0.9711403168372492,126.32718611316011,1.3037352158630963e-29,True
G2,107,1,"{'name': 'cheb_d7', 'family': 'chebyshev', 'degree': 7, 'spline_smoothing_factor': 1.0}",286,276,1.7303425099039662,11.003210146508051,0.9900192402074147,-0.09654350173945506,128.97150422808818,0.13484818355376285,0.9711628873226728,126.35325230882972,1.2867230343338263e-29,True
G2,108,1,"{'name': 'cheb_d7', 'family': 'chebyshev', 'degree': 7, 'spline_smoothing_factor': 1.0}",286,276,1.7317714139503508,11.019278490293457,0.9909393780119772,-0.08766627513564226,129.1089126538152,0.14372541015757564,0.9702800040260483,126.13178700086439,1.4386355412903415e-29,True
G2,109,1,"{'name': 'cheb_d7', 'family': 'chebyshev', 'degree': 7, 'spline_smoothing_factor': 1.0}",286,276,1.7317211993155623,11.009974828484284,0.9903997399911828,-0.09387107281135362,129.0753881693198,0.13752061248186426,0.9711402429165925,126.35115946148323,1.2880807015520862e-29,True
G2,110,1,"{'name': 'cheb_d7', 'family': 'chebyshev', 'degree': 7, 'spline_smoothing_factor': 1.0}",286,276,1.7320792893558075,11.016674836398403,0.9897990059715993,-0.09081365360894038,128.87854949778955,0.14057803168427752,0.9699936518872363,126.03586610338323,1.509879958751375e-29,True
G2,111,1,"{'name': 'cheb_d7', 'family': 'chebyshev', 'degree': 7, 'spline_smoothing_factor': 1.0}",286,276,1.7317791363930595,11.01039573986955,0.990473546778851,-0.09459918961247642,129.09907598414463,0.13679249568074148,0.9715175083178297,126.40236321248699,1.2552715316578286e-29,True
G2,112,1,"{'name': 'cheb_d7', 'family': 'chebyshev', 'degree': 7, 'spline_smoothing_factor': 1.0}",286,276,1.730586583128799,11.002666180952827,0.9921966684748957,-0.09807026768467644,129.57512692792022,0.13332141760854146,0.9739854685001769,127.00317376425892,9.273833253334822e-30,True
G2,113,1,"{'name': 'cheb_d7', 'family': 'chebyshev', 'degree': 7, 'spline_smoothing_factor': 1.0}",286,276,1.731970690809395,11.020311015088296,0.9882987043807415,-0.09105140730202323,128.42485063970253,0.1403402779911947,0.9687877885700542,125.5982166103447,1.8824375755432098e-29,True
G2,114,1,"{'name': 'cheb_d7', 'family': 'chebyshev', 'degree': 7, 'spline_smoothing_factor': 1.0}",286,276,1.7321004781544,11.01876647494707,0.988706234593144,-0.09257589102879536,128.5039598498713,0.1388157942644225,0.969558089923278,125.73466245605061,1.7573553257273926e-29,True
G2,115,1,"{'name': 'cheb_d7', 'family': 'chebyshev', 'degree': 7, 'spline_smoothing_factor': 1.0}",286,276,1.7319521548278776,11.02159054396589,0.9877003455511455,-0.09202411563925712,128.17588460415936,0.1393675696539608,0.9685029685953442,125.3891261321844,2.0916078031934964e-29,True
G2,116,1,"{'name': 'cheb_d7', 'family': 'chebyshev', 'degree': 7, 'spline_smoothing_factor': 1.0}",286,276,1.7317075530505592,11.009554945534658,0.9926224852186023,-0.09685692050454452,129.45260709392494,0.13453476478867338,0.974349430661152,126.82740334737912,1.013266111262279e-29,True
G2,117,1,"{'name': 'cheb_d7', 'family': 'chebyshev', 'degree': 7, 'spline_smoothing_factor': 1.0}",286,276,1.7297973597729206,10.997337657924898,0.9979595333288773,-0.099774861636257,130.8088467739641,0.13161682365696092,0.9801951099215144,128.26724466301516,4.9051425122779285e-30,True
G2,118,1,"{'name': 'cheb_d7', 'family': 'chebyshev', 'degree': 7, 'spline_smoothing_factor': 1.0}",286,276,1.7318171851031252,11.010626527915093,0.9934690785424739,-0.0969664424431184,129.50951244706164,0.1344252428500995,0.9752274042325578,126.88137840567288,9.860796396602412e-30,True
G2,119,1,"{'name': 'cheb_d7', 'family': 'chebyshev', 'degree': 7, 'spline_smoothing_factor': 1.0}",286,276,1.7320736537811288,11.01418807367724,0.9924490968204104,-0.09634985723504738,129.14457444381526,0.13504182805817053,0.9740935832554378,126.49648730262402,1.1971255996350656e-29,True
G2,120,1,"{'name': 'cheb_d7', 'family': 'chebyshev', 'degree': 7, 'spline_smoothing_factor': 1.0}",286,277,1.719991261827129,11.012296624668064,1.0144525198165393,-0.11254872032398916,135.0712194600327,0.11884296496922875,0.9988877214933367,132.92435392556092,4.6961626434758425e-31,True
G2,121,1,"{'name': 'cheb_d7', 'family': 'chebyshev', 'degree': 7, 'spline_smoothing_factor': 1.0}",286,276,1.722343313663096,10.967091153782308,1.0151368885588,-0.09993018817281646,134.97170210386787,0.13146149712040145,0.9970388017662526,132.3427104841959,6.294827280140055e-31,True
G2,122,1,"{'name': 'cheb_d7', 'family': 'chebyshev', 'degree': 7, 'spline_smoothing_factor': 1.0}",286,276,1.7197948684301756,10.958409664648565,1.0202277734392244,-0.09859777934090126,136.2125188736884,0.13279390595231666,1.0017166255029746,133.50214382477088,3.5103421061823006e-31,True
G2,123,1,"{'name': 'cheb_d7', 'family': 'chebyshev', 'degree': 7, 'spline_smoothing_factor': 1.0}",286,276,1.7231063212929052,10.968192960863208,1.0175175695707956,-0.09700000219321965,135.37455672420037,0.13439168309999827,0.9986644261129434,132.61265643285662,5.494520100893003e-31,True
G2,150,1,"{'name': 'cheb_d7', 'family': 'chebyshev', 'degree': 7, 'spline_smoothing_factor': 1.0}",286,276,1.7305329108681997,10.99940347705793,0.9924894612266096,-0.08558617308109612,129.50158476353238,0.14580551221212176,0.9714563279506442,126.43103865630428,1.2372640096761473e-29,True
G2,151,1,"{'name': 'cheb_d7', 'family': 'chebyshev', 'degree': 7, 'spline_smoothing_factor': 1.0}",286,276,1.7265226146811172,10.98058338283846,0.9947692635877051,-0.07479365760166806,129.94957045614615,0.15659802769154985,0.971387087192165,126.3940236156277,1.2605576399077891e-29,True
G2,152,1,"{'name': 'cheb_d7', 'family': 'chebyshev', 'degree': 7, 'spline_smoothing_factor': 1.0}",286,276,1.7316949949770128,11.00879310403099,0.9906180345836422,-0.09255822031876296,129.1061404359799,0.13883346497445495,0.971252646973729,126.32879873455227,1.3026762360249296e-29,True
G2,153,1,"{'name': 'cheb_d7', 'family': 'chebyshev', 'degree': 7, 'spline_smoothing_factor': 1.0}",286,276,1.7321121849591132,11.01731843116301,0.9902016318777977,-0.09893169339341325,129.06516239401503,0.13245999189980467,0.9722058374752511,126.536435154228,1.1732690943701945e-29,True
G2,154,1,"{'name': 'cheb_d7', 'family': 'chebyshev', 'degree': 7, 'spline_smoothing_factor': 1.0}",286,276,1.724388661620262,10.97519673938907,0.9920868138255314,-0.07274516867173492,129.1627352425303,0.15864651662148302,0.9685157056816011,125.52886894777555,1.9493836852421034e-29,True
G2,155,1,"{'name': 'cheb_d7', 'family': 'chebyshev', 'degree': 7, 'spline_smoothing_factor': 1.0}",286,276,1.7308808590403681,11.002308453383606,0.9908722871610094,-0.08954059166406857,129.02941505845354,0.14185109362914933,0.971028202468505,126.12481912554404,1.4436956677649236e-29,True
G2,156,1,"{'name': 'cheb_d7', 'family': 'chebyshev', 'degree': 7, 'spline_smoothing_factor': 1.0}",286,276,1.7318674781385162,11.010857901575859,0.9914262546986752,-0.09548212111762613,129.20260141157223,0.1359095641755918,0.9728246910162617,126.53021106700669,1.1769545523112875e-29,True
G2,157,1,"{'name': 'cheb_d7', 'family': 'chebyshev', 'degree': 7, 'spline_smoothing_factor': 1.0}",286,276,1.7268029109692542,10.985477324706832,0.9895075857544149,-0.0798147817874202,128.4328320908363,0.15157690350579772,0.9676553798515356,125.12465500198812,2.389796255435603e-29,True
G2,158,1,"{'name': 'cheb_d7', 'family': 'chebyshev', 'degree': 7, 'spline_smoothing_factor': 1.0}",286,276,1.731610138274276,11.008029624398537,0.9918074753316183,-0.0939582472536162,129.1558150691004,0.1374334380396017,0.97290030544891,126.41820344189682,1.2452920672005412e-29,True
G2,159,1,"{'name': 'cheb_d7', 'family': 'chebyshev', 'degree': 7, 'spline_smoothing_factor': 1.0}",286,276,1.7298389524557616,10.99795701935173,0.9901649693027114,-0.08776247449057642,128.57714744633006,0.1436292108026415,0.969988436491837,125.59707973358445,1.8835163233872262e-29,True
G2,160,1,"{'name': 'cheb_d7', 'family': 'chebyshev', 'degree': 7, 'spline_smoothing_factor': 1.0}",286,276,1.7313097973141198,11.00587714382962,0.9918922733849959,-0.09268247653363523,129.02386907789787,0.13870920875958268,0.9726807741200243,126.2319926989876,1.3677967914249757e-29,True
G2,161,1,"{'name': 'cheb_d7', 'family': 'chebyshev', 'degree': 7, 'spline_smoothing_factor': 1.0}",286,276,1.7318457577752302,11.018328028276951,0.9965250595807708,-0.10051330428550287,130.27281451423448,0.13087838100771504,0.9787819351830045,127.7610270649792,6.330254204289244e-30,True
G2,162,1,"{'name': 'cheb_d7', 'family': 'chebyshev', 'degree': 7, 'spline_smoothing_factor': 1.0}",286,276,1.7315220823820379,11.007615477387153,0.9928704113255055,-0.09355572798224081,129.15854645278887,0.1378359573109771,0.973732502450456,126.39357321824559,1.2608437600592236e-29,True
G2,163,1,"{'name': 'cheb_d7', 'family': 'chebyshev', 'degree': 7, 'spline_smoothing_factor': 1.0}",286,276,1.7309924758968587,11.021702063784009,1.0004594595978984,-0.10185296163387192,131.19845104602223,0.129538723659346,0.9828126774368983,128.71617439476438,3.912194807638847e-30,True
G2,164,1,"{'name': 'cheb_d7', 'family': 'chebyshev', 'degree': 7, 'spline_smoothing_factor': 1.0}",286,276,1.729901073136061,11.023693108925912,1.0033167594198074,-0.10245431657293814,131.90538040728154,0.1289373687202798,0.9856780414452536,129.43124847843535,2.7287205199763068e-30,True
G2,165,1,"{'name': 'cheb_d7', 'family': 'chebyshev', 'degree': 7, 'spline_smoothing_factor': 1.0}",286,276,1.7307060403988694,11.020896529441107,1.0023366136837222,-0.09995350300453613,131.56798914564365,0.13143818228868173,0.9841417848794702,129.00207628071064,3.3873734665858155e-30,True
G2,166,1,"{'name': 'cheb_d7', 'family': 'chebyshev', 'degree': 7, 'spline_smoothing_factor': 1.0}",286,276,1.7315314102643986,11.00831541715913,0.9935266479772686,-0.09289479791060479,129.1316653062354,0.13849688738261312,0.9739680398021395,126.33415293629355,1.2991663927444632e-29,True
G2,167,1,"{'name': 'cheb_d7', 'family': 'chebyshev', 'degree': 7, 'spline_smoothing_factor': 1.0}",286,276,1.7318425489187426,11.010580555986323,0.9951059678179434,-0.09355793409143882,129.52906348974443,0.1378337512017791,0.9755792651614741,126.74930637010436,1.0539348965866787e-29,True
G2,168,1,"{'name': 'cheb_d7', 'family': 'chebyshev', 'degree': 7, 'spline_smoothing_factor': 1.0}",286,276,1.7319617049514935,11.012367497905762,0.9966911797580223,-0.09380963280230795,129.93437228719722,0.13758205249090996,0.9771115587242862,127.15613102092675,8.585935692324578e-30,True
G2,169,1,"{'name': 'cheb_d7', 'family': 'chebyshev', 'degree': 7, 'spline_smoothing_factor': 1.0}",286,276,1.731801181080541,11.014367122622673,0.9990304763585252,-0.0938650768662936,130.54643904044303,0.13752660842692432,0.9793452080969701,127.75788855245696,6.340272496214112e-30,True
G2,170,1,"{'name': 'cheb_d7', 'family': 'chebyshev', 'degree': 7, 'spline_smoothing_factor': 1.0}",286,276,1.7316235065758039,11.009756497865917,0.9934267819085748,-0.09224880546423535,129.0747059334683,0.13914287982898255,0.9734451837311339,126.25332716120226,1.3531711305341385e-29,True
G2,171,1,"{'name': 'cheb_d7', 'family': 'chebyshev', 'degree': 7, 'spline_smoothing_factor': 1.0}",286,276,1.7317748811436735,11.01370383759949,0.9986663958097346,-0.09233038604472532,130.46500244821834,0.1390612992484926,0.978537674862007,127.61806682905035,6.803055604847686e-30,True
G2,172,1,"{'name': 'cheb_d7', 'family': 'chebyshev', 'degree': 7, 'spline_smoothing_factor': 1.0}",286,276,1.73175942395921,11.013397882002044,0.9983425229109681,-0.0916382655956668,130.40477150137053,0.13975341969755112,0.9780223683852467,127.53262768745799,7.102318203913242e-30,True
G2,173,1,"{'name': 'cheb_d7', 'family': 'chebyshev', 'degree': 7, 'spline_smoothing_factor': 1.0}",286,276,1.7311826533923786,11.013888898707203,1.0001593624792675,-0.09051659292737518,130.9075310610193,0.14087509236584272,0.9795210443833243,127.98009713017541,5.6687104326070305e-30,True
G2,174,1,"{'name': 'cheb_d7', 'family': 'chebyshev', 'degree': 7, 'spline_smoothing_factor': 1.0}",286,276,1.7319700358530201,11.012091978636837,0.9946395666717791,-0.09137245194870572,129.53216071711267,0.1400192333445122,0.974271365186682,126.67319317368947,1.0951409275341082e-29,True
G2,175,1,"{'name': 'cheb_d7', 'family': 'chebyshev', 'degree': 7, 'spline_smoothing_factor': 1.0}",286,276,1.7319576421712195,11.012124429035405,0.9935727465666587,-0.09149500726247228,129.31580996547007,0.13989667803074562,0.9732380307822867,126.46939386735255,1.2135810573128639e-29,True
G2,176,1,"{'name': 'cheb_d7', 'family': 'chebyshev', 'degree': 7, 'spline_smoothing_factor': 1.0}",286,276,1.7295076716436417,11.012579752528657,0.9864847513444116,-0.09544357305377381,127.60073268913607,0.13594811223944409,0.9671252489022123,124.95136557615899,2.6078734225481044e-29,True
G2,177,1,"{'name': 'cheb_d7', 'family': 'chebyshev', 'degree': 7, 'spline_smoothing_factor': 1.0}",286,276,1.7319930925043883,11.012412790098027,0.9933374298256521,-0.09103032920225228,129.3798736700569,0.14036135609096562,0.9729185044265332,126.51897592442356,1.1836365354164514e-29,True
G2,178,1,"{'name': 'cheb_d7', 'family': 'chebyshev', 'degree': 7, 'spline_smoothing_factor': 1.0}",286,276,1.7303967027860059,11.01067003531507,0.9976714323650139,-0.08643447659714067,130.51056186280448,0.14495720869607726,0.9761895746966771,127.43543964384116,7.458771179121871e-30,True
G2,179,1,"{'name': 'cheb_d7', 'family': 'chebyshev', 'degree': 7, 'spline_smoothing_factor': 1.0}",286,276,1.7309371251241854,11.010464607194526,0.9957445085125887,-0.08715462227726978,130.08621123155945,0.14423706301594813,0.9745001742910104,127.05450986857488,9.037022510489689e-30,True
G2,180,1,"{'name': 'cheb_d7', 'family': 'chebyshev', 'degree': 7, 'spline_smoothing_factor': 1.0}",286,276,1.7259462500962242,11.006400070487647,0.9996884772387473,-0.0800498966214306,131.0775269277251,0.15134178867178733,0.9768317735655933,127.71706548832765,6.472035491810256e-30,True
G2,181,1,"{'name': 'cheb_d7', 'family': 'chebyshev', 'degree': 7, 'spline_smoothing_factor': 1.0}",286,276,1.730204215473189,11.00840224865819,0.9947734300063876,-0.0854853826186205,129.93319484549966,0.14590630267459742,0.9732965226610258,126.83985642500784,1.0069278888075453e-29,True
G2,182,1,"{'name': 'cheb_d7', 'family': 'chebyshev', 'degree': 7, 'spline_smoothing_factor': 1.0}",286,276,1.7320570046217874,11.014361463862054,0.9903148190572467,-0.0938242387399919,128.94816927316197,0.137567446553226,0.9707830456720469,126.22153896993109,1.375020864817308e-29,True
G2,183,1,"{'name': 'cheb_d7', 'family': 'chebyshev', 'degree': 7, 'spline_smoothing_factor': 1.0}",286,276,1.731983411528643,11.012475362523626,0.9908400980473887,-0.09200377033857686,129.10143123840726,0.13938791495464103,0.9709884158056828,126.30025373939634,1.3215490333381773e-29,True
G2,184,1,"{'name': 'cheb_d7', 'family': 'chebyshev', 'degree': 7, 'spline_smoothing_factor': 1.0}",286,276,1.7283146556984321,11.003575797785128,0.9926999584999856,-0.08238202875632987,129.47962149733962,0.14900965653688802,0.9708186583672361,126.26973567155892,1.3420289099620924e-29,True
G2,185,1,"{'name': 'cheb_d7', 'family': 'chebyshev', 'degree': 7, 'spline_smoothing_factor': 1.0}",286,276,1.7321201265888766,11.014793223352854,0.9901113941274702,-0.09503616946885551,129.0115531349585,0.1363555158243624,0.9710629603858631,126.33458695251863,1.2988822965566252e-29,True
G2,186,1,"{'name': 'cheb_d7', 'family': 'chebyshev', 'degree': 7, 'spline_smoothing_factor': 1.0}",286,276,1.7307601496193377,11.006808203009406,0.9903505693040823,-0.08820697589193627,128.98462380287242,0.1431847094012816,0.969947537565741,126.033123546041,1.511968044325673e-29,True
G2,187,1,"{'name': 'cheb_d7', 'family': 'chebyshev', 'degree': 7, 'spline_smoothing_factor': 1.0}",286,276,1.732011079582428,11.012791836209354,0.9902120298508605,-0.09419672072828096,129.0311118255256,0.13719496456493696,0.9711447395753807,126.32027012642095,1.3082865942915277e-29,True
G2,188,1,"{'name': 'cheb_d7', 'family': 'chebyshev', 'degree': 7, 'spline_smoothing_factor': 1.0}",286,276,1.7318742796122537,11.011524165999587,0.9901671132196289,-0.09372841771609976,128.9958082409696,0.13766326757711814,0.9710775859074057,126.2662143216362,1.3444123284956672e-29,True
G2,189,1,"{'name': 'cheb_d7', 'family': 'chebyshev', 'degree': 7, 'spline_smoothing_factor': 1.0}",286,276,1.730202743184154,11.003803083907737,0.9889618577334526,-0.08835535049367318,128.57735553468797,0.14303633479954475,0.9688456417570138,125.63832915940475,1.844768934845044e-29,True
G2,190,1,"{'name': 'cheb_d7', 'family': 'chebyshev', 'degree': 7, 'spline_smoothing_factor': 1.0}",286,276,1.7304280643520502,11.00410086949224,0.9888929024783992,-0.08950742628828609,128.53328563308833,0.14188425900493182,0.9690809057296336,125.64046613291634,1.8427834446183016e-29,True
G2,191,1,"{'name': 'cheb_d7', 'family': 'chebyshev', 'degree': 7, 'spline_smoothing_factor': 1.0}",286,276,1.7321986904156188,11.020879744445683,0.993160830476751,-0.10100263510979511,129.7502966426473,0.13038905018342276,0.9756583760036953,127.28249609257375,8.056295366158509e-30,True
G2,192,1,"{'name': 'cheb_d7', 'family': 'chebyshev', 'degree': 7, 'spline_smoothing_factor': 1.0}",286,276,1.7318615402677273,11.011306987604048,0.9912422841035489,-0.09558819062355216,129.10811197016255,0.13580349466966574,0.9727252306489009,126.44148458265033,1.2307686030967952e-29,True
G2,193,1,"{'name': 'cheb_d7', 'family': 'chebyshev', 'degree': 7, 'spline_smoothing_factor': 1.0}",286,276,1.7244583528003399,10.9888668466021,0.9834195950673387,-0.08154326122755542,126.81976911180266,0.14984842406566248,0.9621535376995142,123.6267819453011,5.083871743241689e-29,True
G2,194,1,"{'name': 'cheb_d7', 'family': 'chebyshev', 'degree': 7, 'spline_smoothing_factor': 1.0}",286,276,1.728938693738595,10.997449716809308,0.9871124151227147,-0.08854604031060538,127.7841287361299,0.14284564498261257,0.9672642072780586,124.85725400504214,2.734536152634476e-29,True
G2,195,1,"{'name': 'cheb_d7', 'family': 'chebyshev', 'degree': 7, 'spline_smoothing_factor': 1.0}",286,276,1.731716843163126,11.00992105099741,0.9924250555609413,-0.09578042056214132,129.17172595237105,0.1356112647310766,0.973960059977606,126.50214573319386,1.1937171682547766e-29,True
G2,196,1,"{'name': 'cheb_d7', 'family': 'chebyshev', 'degree': 7, 'spline_smoothing_factor': 1.0}",286,276,1.7304758855856357,11.002285060952406,0.9898951562892693,-0.09241737776310874,128.3770256962398,0.13897430753010917,0.9707755353257913,125.58709957172607,1.893012771859356e-29,True
G2,197,1,"{'name': 'cheb_d7', 'family': 'chebyshev', 'degree': 7, 'spline_smoothing_factor': 1.0}",286,276,1.7289909460639994,10.996153714298254,0.9875569171722862,-0.09002632619891,127.64672274896475,0.14136535909430792,0.9679586301880023,124.77282616796515,2.853392795212598e-29,True
G2,198,1,"{'name': 'cheb_d7', 'family': 'chebyshev', 'degree': 7, 'spline_smoothing_factor': 1.0}",286,276,1.7318792868069024,11.011365453497062,0.9950142138549296,-0.09654528571972273,129.5760335187556,0.13484639957349517,0.9765683799949696,126.91864275963155,9.677369911149329e-30,True
G2,199,1,"{'name': 'cheb_d7', 'family': 'chebyshev', 'degree': 7, 'spline_smoothing_factor': 1.0}",286,276,1.7269792278097125,10.989307852287446,0.9848050569235026,-0.08829808512995894,126.73290340209587,0.14309360016325895,0.964799917704759,123.8026787082947,4.6525939423191563e-29,True
G2,200,1,"{'name': 'cheb_d7', 'family': 'chebyshev', 'degree': 7, 'spline_smoothing_factor': 1.0}",286,276,1.727337996972452,10.989769933708514,0.9854691223713525,-0.08908729501469584,126.83014932543733,0.14230439027852204,0.9655469853856851,123.92704927943294,4.369922923773083e-29,True
G2,201,1,"{'name': 'cheb_d7', 'family': 'chebyshev', 'degree': 7, 'spline_smoothing_factor': 1.0}",286,276,1.7281226869359443,10.991684620554258,0.9869614601731022,-0.09018284704453086,127.15201414355943,0.14120883824868705,0.967160330796056,124.28372106400616,3.650976925983052e-29,True
G2,202,1,"{'name': 'cheb_d7', 'family': 'chebyshev', 'degree': 7, 'spline_smoothing_factor': 1.0}",286,276,1.7213006997876592,10.976201287064153,0.9774687474277861,-0.08606019867962708,124.59686267699408,0.14533148661359085,0.9569089034412602,121.617434132418,1.3996565372489155e-28,True
G2,203,1,"{'name': 'cheb_d7', 'family': 'chebyshev', 'degree': 7, 'spline_smoothing_factor': 1.0}",286,276,1.732374388827705,11.022223356577365,1.0029221258174892,-0.09715374469909444,131.26765271741965,0.13423794059412347,0.9840869843093388,128.5885830190058,4.171946391803813e-30,True
G2,204,1,"{'name': 'cheb_d7', 'family': 'chebyshev', 'degree': 7, 'spline_smoothing_factor': 1.0}",286,276,1.7258958951073173,10.984359901988313,0.9836206341325027,-0.08957733665943181,126.11512774397931,0.1418143486337861,0.9634882248178697,123.2410825871882,6.174703286796544e-29,True
G2,205,1,"{'name': 'cheb_d7', 'family': 'chebyshev', 'degree': 7, 'spline_smoothing_factor': 1.0}",286,276,1.7289282658699352,10.993424226117254,0.9892586125062982,-0.09138206815687484,127.55832007365655,0.14000961713634305,0.9692968611600319,124.72452048152002,2.9237066427481716e-29,True
G2,206,1,"{'name': 'cheb_d7', 'family': 'chebyshev', 'degree': 7, 'spline_smoothing_factor': 1.0}",286,276,1.727169437571609,10.987321449623282,0.9858735180692081,-0.09077678161603095,126.66080586056216,0.14061490367718696,0.9657588400249102,123.82264706053809,4.606007080104585e-29,True
G2,207,1,"{'name': 'cheb_d7', 'family': 'chebyshev', 'degree': 7, 'spline_smoothing_factor': 1.0}",286,276,1.7279629255562425,10.989659925301432,0.9873697785658528,-0.09122744550726292,127.04895448332798,0.140164239785955,0.9672301335061,124.22102451559658,3.7681774346475207e-29,True
G2,208,1,"{'name': 'cheb_d7', 'family': 'chebyshev', 'degree': 7, 'spline_smoothing_factor': 1.0}",286,276,1.7311627934097993,11.043163569400368,1.01256887570852,-0.09398758463438803,133.6712910729567,0.13740410065882988,0.9924275027855842,130.81341387844918,1.3600449019743483e-30,True
G2,209,1,"{'name': 'cheb_d7', 'family': 'chebyshev', 'degree': 7, 'spline_smoothing_factor': 1.0}",286,276,1.724407551599427,10.980011555654995,0.9814556215037585,-0.09178271348510264,125.57670929534254,0.13960897180811527,0.9613958041938852,122.80662864282579,7.686195525756488e-29,True
G2,210,1,"{'name': 'cheb_d7', 'family': 'chebyshev', 'degree': 7, 'spline_smoothing_factor': 1.0}",286,276,1.721350719818837,10.97423570255052,0.977489689174007,-0.09288310182821738,124.61891216013669,0.13850858346500053,0.9576779758809938,121.91534300130445,1.2045047352231235e-28,True
G2,211,1,"{'name': 'cheb_d7', 'family': 'chebyshev', 'degree': 7, 'spline_smoothing_factor': 1.0}",286,276,1.7281177453162722,10.990085363576208,0.9873019912728009,-0.09219553830110583,127.17556705763661,0.13919614699211205,0.9670920453684334,124.39165330270794,3.4576921261124293e-29,True
G2,212,1,"{'name': 'cheb_d7', 'family': 'chebyshev', 'degree': 7, 'spline_smoothing_factor': 1.0}",286,276,1.7316576986996293,11.008641643400374,0.9962653192293359,-0.0907453242043574,129.53779532724468,0.14064636108886056,0.9755178769870081,126.64576413049281,1.1103821221559566e-29,True
G2,213,1,"{'name': 'cheb_d7', 'family': 'chebyshev', 'degree': 7, 'spline_smoothing_factor': 1.0}",286,276,1.7306199895852317,11.000937298512758,0.992234003168463,-0.09147182402097422,128.57698671972184,0.1399198612722437,0.9717003211416405,125.73935256259836,1.7532068643225576e-29,True
G2,214,1,"{'name': 'cheb_d7', 'family': 'chebyshev', 'degree': 7, 'spline_smoothing_factor': 1.0}",286,276,1.731860612332119,11.010871600215946,0.9961605678469687,-0.09010801914218067,129.65834670232243,0.14128366615103724,0.9752376485322694,126.74429306079685,1.056600639890818e-29,True
G2,215,1,"{'name': 'cheb_d7', 'family': 'chebyshev', 'degree': 7, 'spline_smoothing_factor': 1.0}",286,276,1.731399543988656,11.006223707803198,0.9935980430676057,-0.090838258426887,129.09206003211932,0.14055342686633093,0.9728899815662174,126.22435844551592,1.373068710131951e-29,True
G2,216,1,"{'name': 'cheb_d7', 'family': 'chebyshev', 'degree': 7, 'spline_smoothing_factor': 1.0}",286,276,1.7291019622161248,10.994463084362245,0.9879761585334765,-0.0938008337889719,127.77273772854164,0.137590851504246,0.9680353434318382,125.05644643050073,2.4733681412446003e-29,True
G2,217,1,"{'name': 'cheb_d7', 'family': 'chebyshev', 'degree': 7, 'spline_smoothing_factor': 1.0}",286,276,1.7319553935464906,11.025445798538513,0.999262859148987,-0.08685503630031235,130.69437333220787,0.14453664899290555,0.977613609275138,127.63165103253868,6.75665095867668e-30,True
G2,218,1,"{'name': 'cheb_d7', 'family': 'chebyshev', 'degree': 7, 'spline_smoothing_factor': 1.0}",286,276,1.7315088628803814,11.007138857924957,0.9921958708710925,-0.09131894469911328,129.01477648892603,0.14007274059410463,0.9717149116424667,126.17899388237788,1.4048175542326233e-29,True
G2,219,1,"{'name': 'cheb_d7', 'family': 'chebyshev', 'degree': 7, 'spline_smoothing_factor': 1.0}",286,276,1.7291488432008526,10.995728920238117,0.987610271462537,-0.09578303506522878,127.98356251672192,0.13560865022798912,0.9682239742102099,125.35015768462665,2.13308717047123e-29,True
G2,220,1,"{'name': 'cheb_d7', 'family': 'chebyshev', 'degree': 7, 'spline_smoothing_factor': 1.0}",286,276,1.7316566022829742,11.025425657892994,0.9962074181836579,-0.08616408912262438,130.15745785900026,0.14522759617059353,0.9746481171840122,127.08820414989634,8.884889635335506e-30,True
G2,221,1,"{'name': 'cheb_d7', 'family': 'chebyshev', 'degree': 7, 'spline_smoothing_factor': 1.0}",286,276,1.7319756418612575,11.019634186020541,0.993849577735702,-0.08804765387970873,129.64985247101163,0.14334403141350918,0.9728307576447995,126.6740413022269,1.0946730069191278e-29,True
G2,222,1,"{'name': 'cheb_d7', 'family': 'chebyshev', 'degree': 7, 'spline_smoothing_factor': 1.0}",286,276,1.731574540457773,11.023492197978221,0.9937949102746539,-0.08668239352376912,129.68508014098927,0.1447092917694488,0.9725657661704419,126.65353342520132,1.1060436366715869e-29,True
G2,223,1,"{'name': 'cheb_d7', 'family': 'chebyshev', 'degree': 7, 'spline_smoothing_factor': 1.0}",286,276,1.7302011575778258,11.001285518770345,0.9890019404865733,-0.09738968530425537,128.65744164040063,0.13400199998896253,0.9702227342608688,126.08053803177745,1.4762715762958624e-29,True
G2,224,1,"{'name': 'cheb_d7', 'family': 'chebyshev', 'degree': 7, 'spline_smoothing_factor': 1.0}",286,276,1.7311713719357664,11.023588343848736,0.991948391628846,-0.0866110795255655,129.31063201411348,0.1447806057676524,0.9709258576404531,126.28750034003019,1.3300692115993574e-29,True
G2,225,1,"{'name': 'cheb_d7', 'family': 'chebyshev', 'degree': 7, 'spline_smoothing_factor': 1.0}",286,276,1.7292530379456768,11.000054030661602,0.9895106892809356,-0.10081195514992647,128.92152208982168,0.13057973014329144,0.9715868090119396,126.47093021015803,1.2126419236128905e-29,True
G2,226,1,"{'name': 'cheb_d7', 'family': 'chebyshev', 'degree': 7, 'spline_smoothing_factor': 1.0}",286,276,1.7301781465260604,11.024687593045819,0.9900248670814171,-0.08574257430107314,128.8555234194431,0.14564911099214478,0.969038533421083,125.80709280605004,1.6943705404223743e-29,True
G2,227,1,"{'name': 'cheb_d7', 'family': 'chebyshev', 'degree': 7, 'spline_smoothing_factor': 1.0}",286,276,1.7307631041087193,11.0210321628075,0.9892660052221078,-0.08772871552752756,128.69577997161855,0.14366296976569032,0.9688055137975121,125.73300776392432,1.7588212644385266e-29,True
G2,228,1,"{'name': 'cheb_d7', 'family': 'chebyshev', 'degree': 7, 'spline_smoothing_factor': 1.0}",286,276,1.7318522263739493,11.010492830720173,0.9906034281904016,-0.09603665094397348,129.15852573027098,0.13535503434924442,0.9719238508799326,126.51835775090467,1.1840052868630415e-29,True
G2,229,1,"{'name': 'cheb_d7', 'family': 'chebyshev', 'degree': 7, 'spline_smoothing_factor': 1.0}",286,276,1.730780017109365,11.018118094500425,0.9881684189633314,-0.08934216715191007,128.4123070618483,0.14204951814130784,0.9682167195538506,125.51929831072505,1.9588079911590982e-29,True
G2,230,1,"{'name': 'cheb_d7', 'family': 'chebyshev', 'degree': 7, 'spline_smoothing_factor': 1.0}",286,276,1.7246837723225708,11.024468650606844,0.983531838808591,-0.0820601470647404,127.08313892686681,0.1493315382284775,0.9621879141060071,123.9164916226182,4.3932362247992303e-29,True
G2,231,1,"{'name': 'cheb_d7', 'family': 'chebyshev', 'degree': 7, 'spline_smoothing_factor': 1.0}",286,276,1.7319645981874743,11.012276487030277,0.9908875783152311,-0.09584253187435775,129.14174879852874,0.13554915341886017,0.9723274000617335,126.48855183021044,1.2019220405539561e-29,True
G2,232,1,"{'name': 'cheb_d7', 'family': 'chebyshev', 'degree': 7, 'spline_smoothing_factor': 1.0}",286,276,1.7306651558041368,11.014470628148004,0.9874859968285385,-0.09128790406199414,128.14482685527923,0.14010378123122377,0.9680893022318667,125.3293119321686,2.1556128376472303e-29,True
G2,233,1,"{'name': 'cheb_d7', 'family': 'chebyshev', 'degree': 7, 'spline_smoothing_factor': 1.0}",286,276,1.7307544549274168,11.013260558517146,0.9877318796176354,-0.09209662754503646,128.1630775636737,0.13929505774818146,0.9685167376494229,125.37672459949795,2.104720156259262e-29,True
G2,234,1,"{'name': 'cheb_d7', 'family': 'chebyshev', 'degree': 7, 'spline_smoothing_factor': 1.0}",286,276,1.7318872802397989,11.012284572863617,0.991572854832713,-0.09598954172620826,129.1522010036149,0.13540214356700966,0.9730861755014798,126.49637648787996,1.1971924474635375e-29,True
G2,235,1,"{'name': 'cheb_d7', 'family': 'chebyshev', 'degree': 7, 'spline_smoothing_factor': 1.0}",286,276,1.7316704733676043,11.011892082150398,0.9909787330770626,-0.09526559539186179,128.9207303707168,0.1361260899013561,0.972348431154819,126.23827382489787,1.3634744732768695e-29,True
G2,236,1,"{'name': 'cheb_d7', 'family': 'chebyshev', 'degree': 7, 'spline_smoothing_factor': 1.0}",286,276,1.7318999849166017,11.012091646108997,0.9927624305812653,-0.09630058930227434,129.33071827411845,0.13509109599094357,0.9742887041209938,126.67767882669477,1.0926684166617494e-29,True
G2,237,1,"{'name': 'cheb_d7', 'family': 'chebyshev', 'degree': 7, 'spline_smoothing_factor': 1.0}",286,276,1.7304199260867943,11.008976953948816,0.988171088972232,-0.09325091491890133,128.028032377082,0.13814077037431657,0.9691286885417105,125.27883892722093,2.2111436574228603e-29,True
G2,238,1,"{'name': 'cheb_d7', 'family': 'chebyshev', 'degree': 7, 'spline_smoothing_factor': 1.0}",286,276,1.7251403913945134,11.001213702796676,0.979962039175907,-0.08917405033615325,125.79132449840722,0.14221763495706466,0.9601943461928798,122.92549218842692,7.23925295183618e-29,True
G2,239,1,"{'name': 'cheb_d7', 'family': 'chebyshev', 'degree': 7, 'spline_smoothing_factor': 1.0}",286,276,1.7303149016172843,11.006922533384165,0.9887236411727937,-0.09351059384287638,128.04824785326957,0.13788109145034153,0.9696253201668718,125.30398969372106,2.183296003379013e-29,True
G2,240,1,"{'name': 'cheb_d7', 'family': 'chebyshev', 'degree': 7, 'spline_smoothing_factor': 1.0}",286,276,1.7289420538854494,11.002875584354792,0.9861215176698256,-0.09250397447436999,127.30679346642933,0.13888771081884793,0.9668035270238191,124.5363802561236,3.214479545236472e-29,True
G2,241,1,"{'name': 'cheb_d7', 'family': 'chebyshev', 'degree': 7, 'spline_smoothing_factor': 1.0}",286,276,1.7289980280503439,11.001721875434054,0.9865583618561496,-0.09270926142107237,127.37547193092485,0.13868242387214552,0.967205267531942,124.61014319864319,3.097181488046297e-29,True
G2,242,1,"{'name': 'cheb_d7', 'family': 'chebyshev', 'degree': 7, 'spline_smoothing_factor': 1.0}",286,276,1.7249493578603958,10.991417254731552,0.9802804469396075,-0.09121752087112245,125.70184686747984,0.14017416442209546,0.9606687765307907,122.91258066278635,7.286515725489623e-29,True
G2,243,1,"{'name': 'cheb_d7', 'family': 'chebyshev', 'degree': 7, 'spline_smoothing_factor': 1.0}",286,276,1.7205011495248792,10.980624043755645,0.975077745596188,-0.09058431121729436,124.33543456075756,0.14080737407592353,0.9553634706886529,121.55077400067,1.4474838008317298e-28,True
G2,244,1,"{'name': 'cheb_d7', 'family': 'chebyshev', 'degree': 7, 'spline_smoothing_factor': 1.0}",286,276,1.7319701188722474,11.012354510161671,0.9964328919699349,-0.09401157160363977,129.87357028281508,0.13738011368957814,0.9769338107324774,127.10471252508819,8.811290338301757e-30,True
G2,245,1,"{'name': 'cheb_d7', 'family': 'chebyshev', 'degree': 7, 'spline_smoothing_factor': 1.0}",286,276,1.723967150991465,10.982737648163289,0.9796734160173537,-0.09221762509670269,125.51162715270664,0.13917406019651524,0.9600584990870326,122.7656240287505,7.846696369772114e-29,True
G2,246,1,"{'name': 'cheb_d7', 'family': 'chebyshev', 'degree': 7, 'spline_smoothing_factor': 1.0}",286,276,1.7291193289396414,10.996810729408875,0.988064784044166,-0.092843062337836,127.68686525377143,0.1385486229553819,0.9683447211069331,124.91914251084211,2.6505670916643536e-29,True
G2,247,1,"{'name': 'cheb_d7', 'family': 'chebyshev', 'degree': 7, 'spline_smoothing_factor': 1.0}",286,276,1.7310449704483708,11.005449443632532,0.9928320030677591,-0.09265371664674006,128.93783974484313,0.13873796864647783,0.972914640979554,126.1366092976267,1.4351439406285736e-29,True
G2,248,1,"{'name': 'cheb_d7', 'family': 'chebyshev', 'degree': 7, 'spline_smoothing_factor': 1.0}",286,276,1.732077720757487,11.013495770317213,0.9966747075793887,-0.09202255271128433,129.95839385492764,0.13936913258193356,0.9764917566010508,127.11092603488805,8.783746856356925e-30,True
G2,249,1,"{'name': 'cheb_d7', 'family': 'chebyshev', 'degree': 7, 'spline_smoothing_factor': 1.0}",286,276,1.7316392003385048,11.0093076419513,0.9945139664749244,-0.09186914866909965,129.43326406709764,0.13952253662411826,0.9742980044932884,126.59314821755163,1.1402149295124146e-29,True
G2,250,1,"{'name': 'cheb_d7', 'family': 'chebyshev', 'degree': 7, 'spline_smoothing_factor': 1.0}",286,276,1.729665423966609,10.99637535965894,0.9892701812933051,-0.09258501844962749,128.13126805039178,0.13880666684359041,0.9692801989350389,125.35092214099961,2.132265598186668e-29,True
G2,251,1,"{'name': 'cheb_d7', 'family': 'chebyshev', 'degree': 7, 'spline_smoothing_factor': 1.0}",286,276,1.7245989371399906,10.973966948520616,0.981902087734018,-0.09441872826581042,126.31242817008649,0.1369729570274075,0.9624252583384365,123.64613171342864,5.034535190617838e-29,True
G2,252,1,"{'name': 'cheb_d7', 'family': 'chebyshev', 'degree': 7, 'spline_smoothing_factor': 1.0}",286,276,1.7325724779156837,11.021872422347435,0.9978021966984449,-0.08971647179833195,130.4273183726841,0.14167521349488596,0.9769946560448918,127.48450284284809,7.276642222708378e-30,True
G2,253,1,"{'name': 'cheb_d7', 'family': 'chebyshev', 'degree': 7, 'spline_smoothing_factor': 1.0}",286,276,1.721451712592191,10.959869367124933,0.9794290839627665,-0.09643149537026512,125.8329966140102,0.13496018992295278,0.9604169499223357,123.25972011272972,6.116974670416998e-29,True
G2,254,1,"{'name': 'cheb_d7', 'family': 'chebyshev', 'degree': 7, 'spline_smoothing_factor': 1.0}",286,276,1.7206159996575145,10.955379861795674,0.9792697475123308,-0.09738130872357588,125.873172579786,0.13401037656964204,0.9604741446674937,123.33788580771795,5.880682107893239e-29,True
G2,255,1,"{'name': 'cheb_d7', 'family': 'chebyshev', 'degree': 7, 'spline_smoothing_factor': 1.0}",286,276,1.7314592885952178,11.007102100865692,0.9916816849981831,-0.09148157901901471,129.06212878793963,0.1399101062742032,0.9714371235905842,126.23109093003018,1.3684184621054375e-29,True
G2,256,1,"{'name': 'cheb_d7', 'family': 'chebyshev', 'degree': 7, 'spline_smoothing_factor': 1.0}",286,276,1.7319523848359342,11.012164010712949,0.992370795974473,-0.09089004690240134,129.29897995240333,0.14050163839081659,0.9720295443523568,126.44139461432451,1.2308244006612489e-29,True
G2,257,1,"{'name': 'cheb_d7', 'family': 'chebyshev', 'degree': 7, 'spline_smoothing_factor': 1.0}",286,276,1.7318916644140216,11.01144023705106,0.9917316121194016,-0.09122275956019887,129.19966800251837,0.14016892573301903,0.9715287699212761,126.36026692235009,1.2821829588015728e-29,True
G2,258,1,"{'name': 'cheb_d7', 'family': 'chebyshev', 'degree': 7, 'spline_smoothing_factor': 1.0}",286,276,1.7322692741613124,11.016543797504745,0.9921085421791266,-0.09066350993128237,129.34554577564722,0.14072817536193555,0.9718426280260144,126.48233353530372,1.2056939945833185e-29,True
G2,259,1,"{'name': 'cheb_d7', 'family': 'chebyshev', 'degree': 7, 'spline_smoothing_factor': 1.0}",286,276,1.732557153678243,11.038500740838892,0.9946697819147462,-0.08687320632697118,130.0061080805533,0.14451847896624673,0.9736086498897581,126.97282017217697,9.41676209889868e-30,True
G2,260,1,"{'name': 'cheb_d7', 'family': 'chebyshev', 'degree': 7, 'spline_smoothing_factor': 1.0}",286,276,1.7326855292759218,11.028478492231892,0.9924384966696534,-0.08919054108437809,129.49660362447344,0.14220114420883984,0.9720008332996539,126.5728134072832,1.1519582091134126e-29,True
G2,261,1,"{'name': 'cheb_d7', 'family': 'chebyshev', 'degree': 7, 'spline_smoothing_factor': 1.0}",286,276,1.7325682636621642,11.036987721203756,0.9924600648122833,-0.0878861214877562,129.51104767591744,0.1435055638054617,0.9718247306548208,126.53385715973525,1.1747941954516294e-29,True
G2,262,1,"{'name': 'cheb_d7', 'family': 'chebyshev', 'degree': 7, 'spline_smoothing_factor': 1.0}",286,276,1.7323357930857985,11.018302401867503,0.9905717373184556,-0.09203182453263192,129.09444951495846,0.13935986076058599,0.9709341710289586,126.29635506972988,1.3241478131282737e-29,True
G2,263,1,"{'name': 'cheb_d7', 'family': 'chebyshev', 'degree': 7, 'spline_smoothing_factor': 1.0}",286,276,1.7296790519595386,10.991089963126193,0.9896586806052374,-0.09729121828700578,128.93499739939455,0.13410046700621214,0.9712014320961706,126.34741153068228,1.2905156320070452e-29,True
G2,264,1,"{'name': 'cheb_d7', 'family': 'chebyshev', 'degree': 7, 'spline_smoothing_factor': 1.0}",286,276,1.7325499034402738,11.03125033959294,0.9901787112606868,-0.09051994397199507,128.96250739506104,0.14087174132122285,0.9703897896314646,126.10528048564333,1.4579799225547773e-29,True
G2,265,1,"{'name': 'cheb_d7', 'family': 'chebyshev', 'degree': 7, 'spline_smoothing_factor': 1.0}",286,276,1.7323185522821722,11.037103818415472,0.9895776940127524,-0.08979807324574637,128.77227945006734,0.14159361204747153,0.9697217764414846,125.88865819642467,1.6261406488677593e-29,True
G2,266,1,"{'name': 'cheb_d7', 'family': 'chebyshev', 'degree': 7, 'spline_smoothing_factor': 1.0}",286,276,1.7287073893642804,10.984011728537915,0.9921137826265019,-0.09995200592252229,129.53902787938785,0.13143967937069562,0.9743495761717161,127.03827264784275,9.111262598005269e-30,True
G2,267,1,"{'name': 'cheb_d7', 'family': 'chebyshev', 'degree': 7, 'spline_smoothing_factor': 1.0}",286,276,1.7318660606506928,11.040388074703502,0.9883201629628501,-0.09005762328900399,128.36357020519074,0.14133406200421392,0.9686636641605458,125.4956780258766,1.9822625987854855e-29,True
G2,268,1,"{'name': 'cheb_d7', 'family': 'chebyshev', 'degree': 7, 'spline_smoothing_factor': 1.0}",286,276,1.7323464017494938,11.023823496343704,0.9899734147292366,-0.09394090301248868,128.7858786413252,0.1374507822807292,0.9711293908005402,126.06214393945129,1.4900185766266632e-29,True
G2,269,1,"{'name': 'cheb_d7', 'family': 'chebyshev', 'degree': 7, 'spline_smoothing_factor': 1.0}",286,276,1.7302861953419382,10.994512938987409,0.9943833163314847,-0.09938940586670024,129.93947770559873,0.13200227942651765,0.9765894235414382,127.40250042269554,7.583596746780489e-30,True
G2,270,1,"{'name': 'cheb_d7', 'family': 'chebyshev', 'degree': 7, 'spline_smoothing_factor': 1.0}",286,276,1.732175026884313,11.026575589027416,0.9897468021330149,-0.09409717784030082,128.5789289440146,0.1372945074529171,0.9709881939111167,125.85988938015271,1.6498864112880233e-29,True
G2,271,1,"{'name': 'cheb_d7', 'family': 'chebyshev', 'degree': 7, 'spline_smoothing_factor': 1.0}",286,276,1.7320972536051364,11.015694419916883,0.9923232516531055,-0.0963293871318886,129.1930377844767,0.1350622981613293,0.9739738407565354,126.54605869202817,1.1675934318818891e-29,True
G2,272,1,"{'name': 'cheb_d7', 'family': 'chebyshev', 'degree': 7, 'spline_smoothing_factor': 1.0}",286,276,1.729931296740994,11.04271462798297,0.9850937909405522,-0.09115264997250434,127.15915078654007,0.14023903532071358,0.9658164296870017,124.34667998205589,3.536954407145482e-29,True
G2,273,1,"{'name': 'cheb_d7', 'family': 'chebyshev', 'degree': 7, 'spline_smoothing_factor': 1.0}",286,276,1.7318248362019346,11.02555323289512,0.9902804182555404,-0.09477402201787738,128.4568661895512,0.13661766327534053,0.9716206148470197,125.75733332448078,1.7373931901522728e-29,True
G2,274,1,"{'name': 'cheb_d7', 'family': 'chebyshev', 'degree': 7, 'spline_smoothing_factor': 1.0}",286,276,1.729358371978711,10.989327664440886,1.002717886573035,-0.10018742893505808,131.68317479717678,0.13120425635815983,0.9848885875204467,129.12796575259426,3.1792002736504955e-30,True
G2,275,1,"{'name': 'cheb_d7', 'family': 'chebyshev', 'degree': 7, 'spline_smoothing_factor': 1.0}",286,276,1.7319900222732225,11.013963385885491,0.9951617602339276,-0.0965741616156295,129.5643843715875,0.13481752367758845,0.9766902676336779,126.9067299862487,9.735634058668336e-30,True
G2,276,1,"{'name': 'cheb_d7', 'family': 'chebyshev', 'degree': 7, 'spline_smoothing_factor': 1.0}",286,276,1.7317434254756523,11.019461663336577,0.9929564395633619,-0.09551468475047047,128.88890943438219,0.13587700054274743,0.974249065041467,126.20054112425032,1.3896469817018246e-29,True
G2,277,1,"{'name': 'cheb_d7', 'family': 'chebyshev', 'degree': 7, 'spline_smoothing_factor': 1.0}",286,276,1.7297441852721123,11.02814319600304,0.9872386132456578,-0.09383250977090832,127.30594879402452,0.1375591755223096,0.9682238670129664,124.58184965373243,3.141659176955249e-29,True
G2,278,1,"{'name': 'cheb_d7', 'family': 'chebyshev', 'degree': 7, 'spline_smoothing_factor': 1.0}",286,276,1.7292552805321435,11.0264213557777,0.9869241542509231,-0.09384520833918822,127.15315226926077,0.1375464769540297,0.967837771688495,124.43068676803784,3.3903398650391507e-29,True
G2,279,1,"{'name': 'cheb_d7', 'family': 'chebyshev', 'degree': 7, 'spline_smoothing_factor': 1.0}",286,276,1.731096715119466,11.018213003645494,0.9927911256332504,-0.09470683840766227,128.61888898286952,0.13668484688555566,0.9736826113145701,125.89778209018914,1.6186814172465007e-29,True
G2,280,1,"{'name': 'cheb_d7', 'family': 'chebyshev', 'degree': 7, 'spline_smoothing_factor': 1.0}",286,276,1.720477446024087,11.028348356417592,0.9754612856354246,-0.09282635686933245,124.09345039998504,0.13856532842388547,0.9562116987470871,121.3940751744276,1.5664484807603637e-28,True
G2,281,1,"{'name': 'cheb_d7', 'family': 'chebyshev', 'degree': 7, 'spline_smoothing_factor': 1.0}",286,276,1.7296810294955294,11.01690383002349,0.9902387335050322,-0.0940570531471822,127.86144695731844,0.13733463214603567,0.9708605477549382,125.1286763532537,2.3849582428070608e-29,True
G2,282,1,"{'name': 'cheb_d7', 'family': 'chebyshev', 'degree': 7, 'spline_smoothing_factor': 1.0}",286,276,1.7264719487461024,11.01584601398494,0.98477346429957,-0.09394236775873537,126.42901284447237,0.13744931753448253,0.9653859759969682,123.72221041705654,4.845154267716247e-29,True
G2,283,1,"{'name': 'cheb_d7', 'family': 'chebyshev', 'degree': 7, 'spline_smoothing_factor': 1.0}",286,276,1.7320555049931796,11.012308922709693,0.9998372715828862,-0.09315259201943941,130.30553338840218,0.13823909327377848,0.979894470609919,127.48397623176015,7.278573261247109e-30,True
G2,284,1,"{'name': 'cheb_d7', 'family': 'chebyshev', 'degree': 7, 'spline_smoothing_factor': 1.0}",286,276,1.7265064949704991,11.008381515616366,0.9862512242615252,-0.09393664504333844,126.80515331822141,0.13745504024987948,0.9666585384260057,124.09145831163028,4.0224382508870574e-29,True
G2,285,1,"{'name': 'cheb_d7', 'family': 'chebyshev', 'degree': 7, 'spline_smoothing_factor': 1.0}",286,276,1.7281120120099713,11.006337496127284,0.98955857923268,-0.09343735958952079,127.66979351705845,0.13795432570369712,0.9697167140291663,124.91917824285235,2.650519363803057e-29,True
G2,286,1,"{'name': 'cheb_d7', 'family': 'chebyshev', 'degree': 7, 'spline_smoothing_factor': 1.0}",286,276,1.7239946963288302,10.998756718109574,0.9840502078939926,-0.09440514762255121,126.30049099857604,0.1369865376706667,0.9644533049468427,123.61942517699038,5.102756079306594e-29,True
G2,287,1,"{'name': 'cheb_d7', 'family': 'chebyshev', 'degree': 7, 'spline_smoothing_factor': 1.0}",286,276,1.7279085265391618,11.000897552995264,0.9901369500559608,-0.09302070440588177,127.89430033825693,0.1383709808873361,0.9700672705510456,125.12658903941838,2.3874682271998803e-29,True
G2,288,1,"{'name': 'cheb_d7', 'family': 'chebyshev', 'degree': 7, 'spline_smoothing_factor': 1.0}",286,276,1.7252973615555378,10.992971829376085,0.9869433480367286,-0.09383270708773293,127.14192041446199,0.13755897820548496,0.9670644854943798,124.4255137028099,3.3991900072545414e-29,True
G2,289,1,"{'name': 'cheb_d7', 'family': 'chebyshev', 'degree': 7, 'spline_smoothing_factor': 1.0}",286,276,1.7257167473032653,10.99063648403338,0.9879355493794232,-0.09353288313567046,127.46281382095128,0.13785880215754745,0.9679406428257173,124.73072927714634,2.914572944225491e-29,True
G2,290,1,"{'name': 'cheb_d7', 'family': 'chebyshev', 'degree': 7, 'spline_smoothing_factor': 1.0}",286,276,1.730021968428574,11.002408676379092,0.9937681712076833,-0.09124055147852211,129.01603115266198,0.1401511338146958,0.9731443055756746,126.16119972580645,1.4174705191365844e-29,True
G2,291,1,"{'name': 'cheb_d7', 'family': 'chebyshev', 'degree': 7, 'spline_smoothing_factor': 1.0}",286,276,1.7272172613846015,10.98993964766489,0.9902402689734366,-0.09256746424737679,128.20779125125694,0.13882422104584113,0.969970448295902,125.42791974977945,2.0511158250408416e-29,True
G2,292,1,"{'name': 'cheb_d7', 'family': 'chebyshev', 'degree': 7, 'spline_smoothing_factor': 1.0}",286,276,1.7314963922590423,11.009226419025836,0.9950736497094932,-0.09004829435858165,129.51428717774274,0.14134339093463627,0.9741713752386107,126.60677193892207,1.132414332250294e-29,True
G2,293,1,"{'name': 'cheb_d7', 'family': 'chebyshev', 'degree': 7, 'spline_smoothing_factor': 1.0}",286,277,1.7230864081968766,11.012296624668064,0.9763248701727612,-0.10547871226484357,125.00712936918706,0.12591297302837434,0.9590154452488598,122.78406728091,7.77409489415571e-29,True
G2,294,1,"{'name': 'cheb_d7', 'family': 'chebyshev', 'degree': 7, 'spline_smoothing_factor': 1.0}",286,276,1.724746212273593,10.973523145235704,0.9888090616606177,-0.09368765328001133,128.13104031501507,0.13770403201320658,0.968881236064751,125.40787928344889,2.0719347898933775e-29,True
G2,295,1,"{'name': 'cheb_d7', 'family': 'chebyshev', 'degree': 7, 'spline_smoothing_factor': 1.0}",286,276,1.7317616716412227,11.010773049763213,0.9934359691498371,-0.09013672191816594,129.36956401456246,0.14125496337505197,0.9727047434715516,126.47949611575757,1.2074190755234674e-29,True
G2,296,1,"{'name': 'cheb_d7', 'family': 'chebyshev', 'degree': 7, 'spline_smoothing_factor': 1.0}",286,276,1.7287091058749213,10.989864357360718,0.991255371061631,-0.09194549594616037,128.9179260644088,0.13944618934705755,0.9710206457717734,126.11430911846321,1.45136181183723e-29,True
G2,297,1,"{'name': 'cheb_d7', 'family': 'chebyshev', 'degree': 7, 'spline_smoothing_factor': 1.0}",286,276,1.7318352607620278,11.011270734406102,0.9922365874962491,-0.09070288505186688,129.23578204187334,0.14068880024135103,0.9717884475342516,126.37748213725092,1.271108528971537e-29,True
G2,298,1,"{'name': 'cheb_d7', 'family': 'chebyshev', 'degree': 7, 'spline_smoothing_factor': 1.0}",286,276,1.7240526203814315,10.960841448413696,0.989956038741336,-0.09442674517701372,128.77263148762847,0.1369649401162042,0.9704224648921953,126.07569259116849,1.4798805084238599e-29,True
G2,299,1,"{'name': 'cheb_d7', 'family': 'chebyshev', 'degree': 7, 'spline_smoothing_factor': 1.0}",286,276,1.7319207110573958,11.01194372137082,0.9912239757755572,-0.0915501298097908,129.1224787366491,0.1398415554834271,0.9711429008674564,126.30491616988331,1.3184478419273018e-29,True
G2,300,1,"{'name': 'cheb_d7', 'family': 'chebyshev', 'degree': 7, 'spline_smoothing_factor': 1.0}",286,276,1.7273626016807102,10.977247296362755,0.9909326726820393,-0.09361204332650594,129.13032540796632,0.13777964196671197,0.9713798496807732,126.39636257768575,1.2590728310735535e-29,True
G2,301,1,"{'name': 'cheb_d7', 'family': 'chebyshev', 'degree': 7, 'spline_smoothing_factor': 1.0}",286,276,1.7352388433441948,11.0442688735608,0.9898549429544962,-0.09174818355141293,128.8621980034634,0.13964350174180498,0.9700211416875556,126.06012762773003,1.4915332511794381e-29,True
G2,302,1,"{'name': 'cheb_d7', 'family': 'chebyshev', 'degree': 7, 'spline_smoothing_factor': 1.0}",286,276,1.7357852878403766,11.050532145795842,0.9890634980663646,-0.09242067642288819,128.6937235321427,0.1389710088703297,0.9694741385458774,125.92235593133319,1.5987608561130098e-29,True
G2,303,1,"{'name': 'cheb_d7', 'family': 'chebyshev', 'degree': 7, 'spline_smoothing_factor': 1.0}",286,276,1.7312989668944037,11.006331046612852,0.9904326041898073,-0.09384976867485392,129.08544730455083,0.13754191661836399,0.9711972481455401,126.36218827812695,1.2809421952628605e-29,True
G2,304,1,"{'name': 'cheb_d7', 'family': 'chebyshev', 'degree': 7, 'spline_smoothing_factor': 1.0}",286,276,1.7348067109521401,11.040480242303653,0.9887170795106224,-0.09407182765215116,128.64276302769258,0.13731985764106674,0.9696382469052562,125.93669649027322,1.5872492972505916e-29,True
G2,305,1,"{'name': 'cheb_d7', 'family': 'chebyshev', 'degree': 7, 'spline_smoothing_factor': 1.0}",286,276,1.7403882746719421,11.108811724258585,0.9845141655716643,-0.09512627529031313,127.55437378208853,0.13626541000290476,0.9658011871387755,124.91095263748252,2.66152915360943e-29,True
G2,306,1,"{'name': 'cheb_d7', 'family': 'chebyshev', 'degree': 7, 'spline_smoothing_factor': 1.0}",286,276,1.74383081840743,11.160592266457707,0.9806528003407914,-0.0970197577900257,126.55813748743276,0.1343719275031922,0.9624543287747875,124.00613102411648,4.199185109868444e-29,True
G2,307,1,"{'name': 'cheb_d7', 'family': 'chebyshev', 'degree': 7, 'spline_smoothing_factor': 1.0}",286,276,1.7420027185189138,11.131234904374734,0.9821090466135058,-0.09758305927603361,126.90677333560245,0.1338086260171843,0.9640447375392539,124.36712240728434,3.500703283222443e-29,True
G2,308,1,"{'name': 'cheb_d7', 'family': 'chebyshev', 'degree': 7, 'spline_smoothing_factor': 1.0}",286,276,1.7496666121144548,11.26389254887176,0.9719728889681198,-0.10260866849093421,124.32471501873442,0.1287830168022837,0.9551126102291195,122.0182374821469,1.1436284624920135e-28,True
G2,309,1,"{'name': 'cheb_d7', 'family': 'chebyshev', 'degree': 7, 'spline_smoothing_factor': 1.0}",286,276,1.7452680891011643,11.180162575150602,0.9777869368548959,-0.10108795618053687,125.74237092517296,0.13030372911268104,0.9605531589198876,123.35167530520857,5.839954377165988e-29,True
G2,310,1,"{'name': 'cheb_d7', 'family': 'chebyshev', 'degree': 7, 'spline_smoothing_factor': 1.0}",286,277,1.7079959018205857,11.012296624668064,0.9754233612234864,-0.06977398164874407,124.67053721688399,0.16161770364447384,0.9516751431594602,121.01947350508362,1.8919964084308674e-28,True
G2,311,1,"{'name': 'cheb_d7', 'family': 'chebyshev', 'degree': 7, 'spline_smoothing_factor': 1.0}",286,277,1.711843827770473,11.012296624668064,0.9749417993141238,-0.07379840177061558,124.53522462417641,0.15759328352260232,0.9520993408258925,121.06363102630291,1.8503490588985831e-28,True
G2,312,1,"{'name': 'cheb_d7', 'family': 'chebyshev', 'degree': 7, 'spline_smoothing_factor': 1.0}",286,277,1.700398462496029,11.012296624668064,0.9684716270402443,-0.07031202284423711,122.78086647062003,0.1610796624489808,0.9449934588565876,119.20126667953275,4.731223975186038e-28,True
G2,313,1,"{'name': 'cheb_d7', 'family': 'chebyshev', 'degree': 7, 'spline_smoothing_factor': 1.0}",286,277,1.6525623891653127,11.012296624668064,0.951292245219281,-0.0584726746540439,118.26473164239758,0.172919010639174,0.9255427869661295,114.2878113600226,5.635168845090008e-27,True
G2,314,1,"{'name': 'cheb_d7', 'family': 'chebyshev', 'degree': 7, 'spline_smoothing_factor': 1.0}",286,277,1.6398570387964375,11.012296624668064,0.9447554969184102,-0.05978356441709469,116.59789619020273,0.1716081208761232,0.919434594332687,112.73227759380723,1.234844729485576e-26,True
G2,334,1,"{'name': 'cheb_d7', 'family': 'chebyshev', 'degree': 7, 'spline_smoothing_factor': 1.0}",286,277,1.6048928308469415,9.42464565500425,0.9563645842195686,-0.15760910775472026,121.18534676136994,0.07378257753849765,0.9484493958625407,120.45038131303988,2.5206024498148584e-28,True
G2,335,1,"{'name': 'cheb_d7', 'family': 'chebyshev', 'degree': 7, 'spline_smoothing_factor': 1.0}",286,277,1.7089685961245753,11.012296624668064,0.9780008860662279,-0.12088023405055512,126.17619411943951,0.11051145124266279,0.9639587928275075,124.4562952426171,3.346866828555175e-29,True
G2,336,1,"{'name': 'cheb_d7', 'family': 'chebyshev', 'degree': 7, 'spline_smoothing_factor': 1.0}",286,276,1.7503847574581155,11.473585354758884,0.9728667021546966,-0.1178550588800122,124.84656188431279,0.11353662641320571,0.9584094811454064,123.05099373249095,6.79552975110826e-29,True
G2,337,1,"{'name': 'cheb_d7', 'family': 'chebyshev', 'degree': 7, 'spline_smoothing_factor': 1.0}",286,276,1.74668920304836,11.377136062746358,0.9783351426971203,-0.1108400719406023,126.17582685942602,0.1205516133526156,0.9625554139730657,124.13006879169518,3.944924719278765e-29,True
G2,338,1,"{'name': 'cheb_d7', 'family': 'chebyshev', 'degree': 7, 'spline_smoothing_factor': 1.0}",286,276,1.7409213002441684,11.213442814608905,0.9847851351592896,-0.10202549152964414,127.73119826717948,0.12936619376357378,0.9672584352736423,125.34600647781849,2.1375540628607642e-29,True
G2,339,1,"{'name': 'cheb_d7', 'family': 'chebyshev', 'degree': 7, 'spline_smoothing_factor': 1.0}",286,276,1.7331134549151475,11.034021344584742,0.989769482946661,-0.09411524781230267,128.9185321756496,0.13727643748091523,0.9706246946370305,126.20724148351496,1.3849629998988423e-29,True
G2,340,1,"{'name': 'cheb_d7', 'family': 'chebyshev', 'degree': 7, 'spline_smoothing_factor': 1.0}",286,276,1.7372752132788984,11.141123387327386,0.9886229274102444,-0.097452014302449,128.66289443823848,0.13393967099076892,0.9702587169494085,126.08664975141744,1.471732057348452e-29,True
G2,341,1,"{'name': 'cheb_d7', 'family': 'chebyshev', 'degree': 7, 'spline_smoothing_factor': 1.0}",286,276,1.7343097266572716,11.06763363193966,0.9900948835085364,-0.0953170335006758,128.9970177717762,0.1360746517925421,0.9713400812799305,126.32998981199819,1.3018946290015198e-29,True
G2,342,1,"{'name': 'cheb_d7', 'family': 'chebyshev', 'degree': 7, 'spline_smoothing_factor': 1.0}",286,276,1.7291538245984366,10.956426836022123,0.9899111499396248,-0.0940323260705693,128.89947759244183,0.1373593592226486,0.9709628424085844,126.18237428208374,1.402426638172268e-29,True
G2,343,1,"{'name': 'cheb_d7', 'family': 'chebyshev', 'degree': 7, 'spline_smoothing_factor': 1.0}",286,276,1.7335233514606683,11.059935380511588,0.9915767191818926,-0.09468893407916569,129.2985152684305,0.13670275121405223,0.9727892041352191,126.5971180214118,1.1379363886964433e-29,True
G2,344,1,"{'name': 'cheb_d7', 'family': 'chebyshev', 'degree': 7, 'spline_smoothing_factor': 1.0}",286,276,1.7274024519354625,10.917369176701252,0.9875463529166503,-0.09750254410637253,128.2325237614666,0.13388914118684536,0.9694510860430131,125.66046834001145,1.8243024436353076e-29,True
G2,345,1,"{'name': 'cheb_d7', 'family': 'chebyshev', 'degree': 7, 'spline_smoothing_factor': 1.0}",286,276,1.7276111664817566,10.913257837848775,0.9861854199644944,-0.10024782361722616,127.85049388639936,0.13114386167599174,0.9686961307366899,125.38788162035291,2.0929199504690526e-29,True
G2,346,1,"{'name': 'cheb_d7', 'family': 'chebyshev', 'degree': 7, 'spline_smoothing_factor': 1.0}",286,276,1.7264749781195936,10.892687065529056,0.9829173977670098,-0.10436482366507929,126.98545000008642,0.1270268616281386,0.9663097695730304,124.68835345737261,2.9774835358164643e-29,True
G2,347,1,"{'name': 'cheb_d7', 'family': 'chebyshev', 'degree': 7, 'spline_smoothing_factor': 1.0}",286,276,1.7245273021594902,10.87556007628273,0.9778974663216282,-0.10950706191197708,125.67968073904512,0.12188462338124084,0.9623562940495599,123.58436612983576,5.193718633561297e-29,True
G2,348,1,"{'name': 'cheb_d7', 'family': 'chebyshev', 'degree': 7, 'spline_smoothing_factor': 1.0}",286,276,1.7304289530966437,10.925094649285436,0.9825853900936481,-0.1104439655072229,126.8122760917696,0.12094771978599501,0.9671419466315424,124.72797387150342,2.9186228671323574e-29,True
G2,349,1,"{'name': 'cheb_d7', 'family': 'chebyshev', 'degree': 7, 'spline_smoothing_factor': 1.0}",286,276,1.7282441411132843,10.897296841909988,0.9738690331122425,-0.12057382616318697,124.62201276491373,0.11081785913003094,0.9603725362447779,122.90090584500979,7.329517141829848e-29,True
G2,0,8,"{'name': 'cheb_d7', 'family': 'chebyshev', 'degree': 7, 'spline_smoothing_factor': 1.0}",279,269,1.7266738322304984,10.84377157856373,0.9734437582785466,-0.0920935877422458,123.06270856501021,0.1392980975509721,0.9573090476747445,120.43206057558848,2.5439885693688464e-28,True
G2,8,8,"{'name': 'cheb_d7', 'family': 'chebyshev', 'degree': 7, 'spline_smoothing_factor': 1.0}",279,269,1.7476699063975172,11.026855157100528,1.0410035170792067,-0.11120185316157959,136.79475359692674,0.12018983213163832,1.0254125230360354,134.48605308883725,2.138576128677953e-31,True
G2,16,8,"{'name': 'cheb_d7', 'family': 'chebyshev', 'degree': 7, 'spline_smoothing_factor': 1.0}",279,269,1.739243497208827,10.977761849247354,1.0290941150887765,-0.0786695760191757,133.15638752292716,0.1527221092740422,1.002209718220466,129.56043747221395,2.5567756055434133e-30,True
G2,24,8,"{'name': 'cheb_d7', 'family': 'chebyshev', 'degree': 7, 'spline_smoothing_factor': 1.0}",279,269,1.733787827573549,11.00321826324317,0.9937854222148932,-0.10894864924437689,128.5318681245376,0.12244303604884102,0.975397500375732,126.43395442885105,1.2354475046488021e-29,True
G2,32,8,"{'name': 'cheb_d7', 'family': 'chebyshev', 'degree': 7, 'spline_smoothing_factor': 1.0}",287,277,1.72894546269335,11.012296624668064,0.990184467445838,-0.09371832069769254,129.02100885901916,0.13767336459552534,0.9708301026508948,126.27500073555109,1.3384731427173758e-29,True
G2,40,8,"{'name': 'cheb_d7', 'family': 'chebyshev', 'degree': 7, 'spline_smoothing_factor': 1.0}",282,271,1.7356510488266466,10.94706755037083,1.0013179628747457,-0.0916005978245571,128.15733987680676,0.1397910874686608,0.9835215957137412,125.28364861478167,2.205790899711444e-29,True
G2,48,8,"{'name': 'cheb_d7', 'family': 'chebyshev', 'degree': 7, 'spline_smoothing_factor': 1.0}",286,275,1.7267578040709513,10.958716670518756,0.9882316865432695,-0.08537219581672599,127.423143639346,0.1460194894764919,0.9673955008302574,124.34968122204839,3.5316088031392854e-29,True
G2,56,8,"{'name': 'cheb_d7', 'family': 'chebyshev', 'degree': 7, 'spline_smoothing_factor': 1.0}",279,270,1.6963006060021066,10.853782686285987,0.9202453069791872,-0.10872033123873998,104.90916827016554,0.12267135405447793,0.9007357197180154,103.07445325054857,1.61393343401046e-24,True
G2,64,8,"{'name': 'cheb_d7', 'family': 'chebyshev', 'degree': 7, 'spline_smoothing_factor': 1.0}",279,268,1.7145836324957946,10.814597629721447,0.9488449525397968,-0.13503300805493057,117.04144584558242,0.09635867723828732,0.9354939740422983,115.87221030179626,2.5346571529495507e-27,True
G2,72,8,"{'name': 'cheb_d7', 'family': 'chebyshev', 'degree': 7, 'spline_smoothing_factor': 1.0}",279,268,1.7460908357915237,10.959424626897537,0.9979538712703102,-0.1117794355390674,130.95068049192548,0.11961224975415051,0.983595780699391,128.9467248026615,3.4831670413013734e-30,True
G2,80,8,"{'name': 'cheb_d7', 'family': 'chebyshev', 'degree': 7, 'spline_smoothing_factor': 1.0}",279,268,1.7455069163196308,10.965310425590891,1.034227518020499,-0.12283345460015385,137.26576786243027,0.10855823069306406,1.022415993589914,135.42882718453086,1.3301746794569782e-31,True
G2,88,8,"{'name': 'cheb_d7', 'family': 'chebyshev', 'degree': 7, 'spline_smoothing_factor': 1.0}",279,269,1.7353300834532244,11.008434724686559,1.0045502835828648,-0.10076759809407955,126.5753466222252,0.13062408719913834,0.9855168223969805,124.03628521871428,4.135853454165709e-29,True
G2,96,8,"{'name': 'cheb_d7', 'family': 'chebyshev', 'degree': 7, 'spline_smoothing_factor': 1.0}",279,269,1.742428138269341,10.992394457010372,0.9987879660027305,-0.0835444227815249,127.03844096780051,0.147847262511693,0.9733826101173285,123.90623343641028,4.4160073803537417e-29,True
G2,104,8,"{'name': 'cheb_d7', 'family': 'chebyshev', 'degree': 7, 'spline_smoothing_factor': 1.0}",279,269,1.7488020748415853,11.012718831411476,0.9970665944241174,-0.07602200499656779,130.00910066689937,0.1553696802966501,0.973296322317247,126.64078087830046,1.1131737966534624e-29,True
G2,112,8,"{'name': 'cheb_d7', 'family': 'chebyshev', 'degree': 7, 'spline_smoothing_factor': 1.0}",279,269,1.7498277829770879,11.008761584846855,1.0028781395521715,-0.10882674966212182,130.5124573385018,0.12256493563109609,0.9896864087189283,128.35552275320174,4.69175290689291e-30,True
G2,120,8,"{'name': 'cheb_d7', 'family': 'chebyshev', 'degree': 7, 'spline_smoothing_factor': 1.0}",283,274,1.6943074879006847,10.860761622936222,1.1053172034223546,-0.1270561574752744,157.53732934832465,0.1043355278179435,1.0923074603140783,155.57778211495418,5.2348246676708156e-36,True
G2,128,8,"{'name': 'cheb_d7', 'family': 'chebyshev', 'degree': 7, 'spline_smoothing_factor': 1.0}",287,277,1.72894546269335,11.012296624668064,0.990184467445838,-0.09371832069769254,129.02100885901916,0.13767336459552534,0.9708301026508948,126.27500073555109,1.3384731427173758e-29,True
G2,136,8,"{'name': 'cheb_d7', 'family': 'chebyshev', 'degree': 7, 'spline_smoothing_factor': 1.0}",287,277,1.72894546269335,11.012296624668064,0.990184467445838,-0.09371832069769254,129.02100885901916,0.13767336459552534,0.9708301026508948,126.27500073555109,1.3384731427173758e-29,True
G2,144,8,"{'name': 'cheb_d7', 'family': 'chebyshev', 'degree': 7, 'spline_smoothing_factor': 1.0}",285,275,1.727954218804457,10.96646173392725,0.997473791928398,-0.06578082074221882,130.52656997778377,0.1656108645509991,0.9720526155534271,126.56025371502574,1.159271734799147e-29,True
G2,152,8,"{'name': 'cheb_d7', 'family': 'chebyshev', 'degree': 7, 'spline_smoothing_factor': 1.0}",279,268,1.732621849790881,10.86409224567746,0.9965487701781091,-0.033818424708670754,128.85393658506052,0.19757326058454713,0.9672321410220758,123.36669598731748,5.795911243988814e-29,True
G2,160,8,"{'name': 'cheb_d7', 'family': 'chebyshev', 'degree': 7, 'spline_smoothing_factor': 1.0}",279,269,1.7475313369511896,11.03413801538659,1.0503476948045796,-0.12334599839780659,139.75852949728664,0.10804568689541132,1.0372896504204923,137.86049361762502,3.9090323314689385e-32,True
G2,168,8,"{'name': 'cheb_d7', 'family': 'chebyshev', 'degree': 7, 'spline_smoothing_factor': 1.0}",279,269,1.7518417477661217,11.016082628875102,1.0476902249049804,-0.08089838327718542,137.77154027859058,0.15049330201603253,1.0212452961417133,134.14076409469203,2.5447989938106734e-31,True
G2,176,8,"{'name': 'cheb_d7', 'family': 'chebyshev', 'degree': 7, 'spline_smoothing_factor': 1.0}",279,269,1.7406130473430266,11.000983425660817,1.0211304024313657,-0.0527383207503359,134.081403839921,0.178653364542882,0.9880218611195759,129.37993858285597,2.800178243062331e-30,True
G2,184,8,"{'name': 'cheb_d7', 'family': 'chebyshev', 'degree': 7, 'spline_smoothing_factor': 1.0}",279,269,1.7452418129001244,10.989063775534886,0.9929428087534081,-0.07315713276694855,129.1183555114385,0.15823455252626936,0.9710623085124631,125.64889893682277,1.834969250616454e-29,True
G2,192,8,"{'name': 'cheb_d7', 'family': 'chebyshev', 'degree': 7, 'spline_smoothing_factor': 1.0}",279,269,1.7309848162674002,10.909141801333742,0.9753525179616283,-0.06653681972628396,120.9694287823695,0.16485486556693396,0.9550764213957654,117.24113038292978,1.2710236962207278e-27,True
G2,200,8,"{'name': 'cheb_d7', 'family': 'chebyshev', 'degree': 7, 'spline_smoothing_factor': 1.0}",279,269,1.712578702821004,10.827962734622819,0.9563346665993782,-0.06444597046446902,111.62832183728062,0.16694571482874887,0.9313578036958544,107.88003956357272,1.4277433362389624e-25,True
G2,208,8,"{'name': 'cheb_d7', 'family': 'chebyshev', 'degree': 7, 'spline_smoothing_factor': 1.0}",279,268,1.7247582955629102,10.880478530198411,1.0042935129816999,-0.07301407807618435,123.68557695249478,0.15837760721703356,0.974271878222814,120.04021323858285,3.0995603252043466e-28,True
G2,216,8,"{'name': 'cheb_d7', 'family': 'chebyshev', 'degree': 7, 'spline_smoothing_factor': 1.0}",279,269,1.744937974271833,11.005696317288267,1.0103409554316207,-0.06848046075703565,130.55587969963312,0.16291122453618226,0.9802976866217409,126.78075160577214,1.0373671499370154e-29,True
G2,224,8,"{'name': 'cheb_d7', 'family': 'chebyshev', 'degree': 7, 'spline_smoothing_factor': 1.0}",279,269,1.7378084717326447,11.055434902050942,0.9819993083387655,-0.061394288787251415,126.19281967814686,0.1699973965059665,0.9571588531459554,122.30369087748568,9.90376020955448e-29,True
G2,232,8,"{'name': 'cheb_d7', 'family': 'chebyshev', 'degree': 7, 'spline_smoothing_factor': 1.0}",279,269,1.7389352915982261,10.99312851047608,0.9704494424125594,-0.08659526111194323,121.01311428287318,0.1447964241812747,0.9533196680975016,118.15524381225566,8.0167335300689415e-28,True
G2,240,8,"{'name': 'cheb_d7', 'family': 'chebyshev', 'degree': 7, 'spline_smoothing_factor': 1.0}",279,269,1.7113551797010704,10.865828116664972,0.9381533089157782,-0.07977212295496328,110.22366001451496,0.15161956233825463,0.9165946111435268,107.24395222646365,1.9680496819272387e-25,True
G2,248,8,"{'name': 'cheb_d7', 'family': 'chebyshev', 'degree': 7, 'spline_smoothing_factor': 1.0}",279,269,1.7175424301004856,10.823545640867854,0.9700308311795826,-0.09231091796999485,119.57834972441458,0.13908076732322305,0.9474001051033035,116.95212622358804,1.4704059622009136e-27,True
G2,256,8,"{'name': 'cheb_d7', 'family': 'chebyshev', 'degree': 7, 'spline_smoothing_factor': 1.0}",279,269,1.7545258494460003,11.07770034411365,1.0067779357971292,-0.0669787563360257,132.14820982491528,0.16441292895719223,0.9800022401333282,128.30282008239033,4.8180046131178764e-30,True
G2,264,8,"{'name': 'cheb_d7', 'family': 'chebyshev', 'degree': 7, 'spline_smoothing_factor': 1.0}",279,269,1.750782008495637,11.078103467584423,0.9943508032709846,-0.09669720582324753,128.66162087436715,0.13469447946997037,0.9789007776197132,126.11154735805417,1.4533830239145113e-29,True
G2,272,8,"{'name': 'cheb_d7', 'family': 'chebyshev', 'degree': 7, 'spline_smoothing_factor': 1.0}",279,269,1.742377562289006,11.091276609278058,0.997477036148294,-0.10335475008078092,124.18817030104537,0.12803693521243698,0.9826779133508411,121.79721835324835,1.278398138254212e-28,True
G2,280,8,"{'name': 'cheb_d7', 'family': 'chebyshev', 'degree': 7, 'spline_smoothing_factor': 1.0}",279,269,1.706740414590969,10.998489562867976,0.9537616783710904,-0.09401752567886675,110.78843744885876,0.13737415961435118,0.9326142709973015,108.26817801695472,1.1738183336374616e-25,True
G2,288,8,"{'name': 'cheb_d7', 'family': 'chebyshev', 'degree': 7, 'spline_smoothing_factor': 1.0}",279,269,1.708274871884786,10.879039665241075,0.9752584268510383,-0.10047059626671431,119.30718111866258,0.1309210890265036,0.9525628329116202,116.99078511441712,1.4420223593307934e-27,True
G2,296,8,"{'name': 'cheb_d7', 'family': 'chebyshev', 'degree': 7, 'spline_smoothing_factor': 1.0}",279,269,1.7412314339092636,10.942995840344215,0.994284324707558,-0.0840821567639625,128.76386784132546,0.1473095285292554,0.9710259946205281,125.78342807171998,1.7146968440789637e-29,True
G2,304,8,"{'name': 'cheb_d7', 'family': 'chebyshev', 'degree': 7, 'spline_smoothing_factor': 1.0}",279,269,1.8983036661848613,13.647132282213807,0.823311618148881,-0.06464711385175749,88.33604235764653,0.16674457144146043,0.80471911158742,85.66915537019474,1.0635250479817027e-20,True
G2,312,8,"{'name': 'cheb_d7', 'family': 'chebyshev', 'degree': 7, 'spline_smoothing_factor': 1.0}",284,278,1.5296377230354143,11.075129793454773,0.8782361153226663,0.0026797315635664026,99.71445028225878,0.23407141685678431,0.8410622047823298,93.57710021552703,1.953408265490328e-22,True
G2,320,8,"{'name': 'cheb_d7', 'family': 'chebyshev', 'degree': 7, 'spline_smoothing_factor': 1.0}",287,277,1.72894546269335,11.012296624668064,0.990184467445838,-0.09371832069769254,129.02100885901916,0.13767336459552534,0.9708301026508948,126.27500073555109,1.3384731427173758e-29,True
G2,328,8,"{'name': 'cheb_d7', 'family': 'chebyshev', 'degree': 7, 'spline_smoothing_factor': 1.0}",285,277,1.5828171537591644,9.42464565500425,0.9455801508098798,-0.18743853595552148,118.90356796709602,0.04395314933769642,0.9414770883677179,118.64980576887513,6.247587967523707e-28,True
G2,336,8,"{'name': 'cheb_d7', 'family': 'chebyshev', 'degree': 7, 'spline_smoothing_factor': 1.0}",279,269,1.8709664123971597,13.555047148960295,0.9401136939338623,-0.19855505057210446,117.48228042764845,0.03283663472111345,0.9376194840159107,117.34743202968923,1.204694596617681e-27,True
G2,0,16,"{'name': 'cheb_d7', 'family': 'chebyshev', 'degree': 7, 'spline_smoothing_factor': 1.0}",271,261,1.6962860945082017,10.428945698487002,0.9047808745432494,-0.09717716238645428,101.65597875446235,0.1342145229067636,0.892032939753376,99.55467616023111,9.541092064221193e-24,True
G2,8,16,"{'name': 'cheb_d7', 'family': 'chebyshev', 'degree': 7, 'spline_smoothing_factor': 1.0}",271,261,1.7575427665174377,10.976352228215196,1.0836907033988303,-0.09194820207773338,141.0518098592969,0.13944348321548453,1.0599538689501313,137.73293577393622,4.168370288300492e-32,True
G2,16,16,"{'name': 'cheb_d7', 'family': 'chebyshev', 'degree': 7, 'spline_smoothing_factor': 1.0}",271,261,1.7244841495448333,10.857391281485201,0.9940335758522992,-0.10751686629628764,122.9322555342228,0.12387481899693027,0.972371420717254,120.81878690422411,2.093406243400209e-28,True
G2,24,16,"{'name': 'cheb_d7', 'family': 'chebyshev', 'degree': 7, 'spline_smoothing_factor': 1.0}",279,269,1.733787827573549,11.00321826324317,0.9937854222148932,-0.10894864924437689,128.5318681245376,0.12244303604884102,0.975397500375732,126.43395442885105,1.2354475046488021e-29,True
G2,32,16,"{'name': 'cheb_d7', 'family': 'chebyshev', 'degree': 7, 'spline_smoothing_factor': 1.0}",282,271,1.7356510488266466,10.94706755037083,1.0013179628747457,-0.0916005978245571,128.15733987680676,0.1397910874686608,0.9835215957137412,125.28364861478167,2.205790899711444e-29,True
G2,40,16,"{'name': 'cheb_d7', 'family': 'chebyshev', 'degree': 7, 'spline_smoothing_factor': 1.0}",281,270,1.7348884205839321,10.922694701301692,0.9960223688517642,-0.08652692130812073,125.74235156102213,0.14486476398509718,0.9776037574119649,122.69151578034871,8.145323111745677e-29,True
G2,48,16,"{'name': 'cheb_d7', 'family': 'chebyshev', 'degree': 7, 'spline_smoothing_factor': 1.0}",278,269,1.694332812487128,10.827704697490045,0.912440530804963,-0.10461005232638218,102.16996501420886,0.12678163296683573,0.8923675113786467,100.24432673797719,6.735532065684682e-24,True
G2,56,16,"{'name': 'cheb_d7', 'family': 'chebyshev', 'degree': 7, 'spline_smoothing_factor': 1.0}",271,262,1.6682669038008013,10.64030167607311,0.8432781312208969,-0.18706848805202198,88.0054953231255,0.04432319724119593,0.8371959611827405,87.81607724055448,3.591634467537084e-21,True
G2,64,16,"{'name': 'cheb_d7', 'family': 'chebyshev', 'degree': 7, 'spline_smoothing_factor': 1.0}",271,260,1.7299497779136799,10.760821236037637,0.9548805142403456,-0.17992601634761934,119.08010162536152,0.05146566894559856,0.9494168178572563,118.7602848319849,5.909127034431842e-28,True
G2,72,16,"{'name': 'cheb_d7', 'family': 'chebyshev', 'degree': 7, 'spline_smoothing_factor': 1.0}",271,260,1.7647991210574414,10.9391606494961,1.0458522097137173,-0.15234739004049333,140.12337487452737,0.07904429525272458,1.0395966930073437,139.17822373871638,2.0132183291778398e-32,True
G2,80,16,"{'name': 'cheb_d7', 'family': 'chebyshev', 'degree': 7, 'spline_smoothing_factor': 1.0}",271,261,1.755295089908573,11.002779607899944,1.0469663349325617,-0.13180582342762742,133.56117748465306,0.09958586186559049,1.0359482182850384,131.979681506264,7.557920701338199e-31,True
G2,88,16,"{'name': 'cheb_d7', 'family': 'chebyshev', 'degree': 7, 'spline_smoothing_factor': 1.0}",271,261,1.746801481163302,10.98203481624954,1.002002269977282,-0.0952103835244806,121.51750682094007,0.13618130176873733,0.9780347962518553,118.84923084260004,5.650007203878964e-28,True
G2,96,16,"{'name': 'cheb_d7', 'family': 'chebyshev', 'degree': 7, 'spline_smoothing_factor': 1.0}",271,261,1.7624119771243547,10.98502069782247,1.0063484362746573,-0.06795466566312205,127.99113585011617,0.16343701963009583,0.9761373693999086,124.31401127980405,3.595667744730676e-29,True
G2,104,16,"{'name': 'cheb_d7', 'family': 'chebyshev', 'degree': 7, 'spline_smoothing_factor': 1.0}",271,261,1.7706025299595423,11.008811951449601,1.0086762160272489,-0.0914057554778933,131.3846549472221,0.1399859298153246,0.9920461861063882,128.69229433532018,3.9595483295545506e-30,True
G2,112,16,"{'name': 'cheb_d7', 'family': 'chebyshev', 'degree': 7, 'spline_smoothing_factor': 1.0}",275,266,1.7124786827109613,10.834700715289928,1.1326676975805876,-0.1513153697853661,162.66439402871117,0.0800763155078518,1.1261810260129965,161.49493229178654,2.6668760976338717e-37,True
G2,120,16,"{'name': 'cheb_d7', 'family': 'chebyshev', 'degree': 7, 'spline_smoothing_factor': 1.0}",283,274,1.6943074879006847,10.860761622936222,1.1053172034223546,-0.1270561574752744,157.53732934832465,0.1043355278179435,1.0923074603140783,155.57778211495418,5.2348246676708156e-36,True
G2,128,16,"{'name': 'cheb_d7', 'family': 'chebyshev', 'degree': 7, 'spline_smoothing_factor': 1.0}",287,277,1.72894546269335,11.012296624668064,0.990184467445838,-0.09371832069769254,129.02100885901916,0.13767336459552534,0.9708301026508948,126.27500073555109,1.3384731427173758e-29,True
G2,136,16,"{'name': 'cheb_d7', 'family': 'chebyshev', 'degree': 7, 'spline_smoothing_factor': 1.0}",285,275,1.727954218804457,10.96646173392725,0.997473791928398,-0.06578082074221882,130.52656997778377,0.1656108645509991,0.9720526155534271,126.56025371502574,1.159271734799147e-29,True
G2,144,16,"{'name': 'cheb_d7', 'family': 'chebyshev', 'degree': 7, 'spline_smoothing_factor': 1.0}",277,266,1.7291308046159661,10.79787485238667,1.0072986061787816,0.008873477632161637,131.31339626327042,0.24026516292537956,0.9667188102653653,123.19624401833937,6.315830264392443e-29,True
G2,152,16,"{'name': 'cheb_d7', 'family': 'chebyshev', 'degree': 7, 'spline_smoothing_factor': 1.0}",271,260,1.751986757096273,10.873130681313539,1.0476320711031002,-0.06216981303273153,136.97617678128097,0.1692218722604864,1.026371620187305,132.54118771817286,5.695926234576159e-31,True
G2,160,16,"{'name': 'cheb_d7', 'family': 'chebyshev', 'degree': 7, 'spline_smoothing_factor': 1.0}",271,261,1.771310712889518,11.041880973439836,1.1198278238786998,-0.11103566719520092,151.01019405591353,0.12035601809801698,1.1007835706821736,148.36168258359362,1.97715012789161e-34,True
G2,168,16,"{'name': 'cheb_d7', 'family': 'chebyshev', 'degree': 7, 'spline_smoothing_factor': 1.0}",271,261,1.764097874360505,11.005443813704733,1.0884086972780227,-0.0380638835889955,144.63179320237123,0.19332780170422242,1.0440754883266674,138.46817764467244,2.8785291311455153e-32,True
G2,176,16,"{'name': 'cheb_d7', 'family': 'chebyshev', 'degree': 7, 'spline_smoothing_factor': 1.0}",271,261,1.756647688324121,10.972746361039386,1.0274681092787121,-0.02361568344031007,134.8861352369422,0.20777600185290784,0.9883653375001451,128.79934416032654,3.751649192628816e-30,True
G2,184,16,"{'name': 'cheb_d7', 'family': 'chebyshev', 'degree': 7, 'spline_smoothing_factor': 1.0}",271,261,1.7449742742407548,10.867969321824864,0.9742435449271892,-0.031016961855773007,120.25190078921094,0.2003747234374449,0.9491792817106784,115.057223302696,3.822950156774282e-27,True
G2,192,16,"{'name': 'cheb_d7', 'family': 'chebyshev', 'degree': 7, 'spline_smoothing_factor': 1.0}",271,260,1.70268039480242,10.624968909470232,0.9165260197919826,-0.004302453740545529,98.92768700993452,0.22708923155267238,0.8846828153007716,92.74431470625473,2.975306024380865e-22,True
G2,200,16,"{'name': 'cheb_d7', 'family': 'chebyshev', 'degree': 7, 'spline_smoothing_factor': 1.0}",271,260,1.7005003226502546,10.644817027183883,0.9459360396508026,-0.041091283149487574,100.64160038144689,0.19030040214373034,0.9083261151421272,95.99967386749006,5.745120299621735e-23,True
G2,208,16,"{'name': 'cheb_d7', 'family': 'chebyshev', 'degree': 7, 'spline_smoothing_factor': 1.0}",271,260,1.7396801900990349,10.853714624890873,1.023640663184073,-0.049613228638676586,124.02145365423212,0.18177845665454131,0.98027311481863,119.34490621061832,4.400735668529817e-28,True
G2,216,16,"{'name': 'cheb_d7', 'family': 'chebyshev', 'degree': 7, 'spline_smoothing_factor': 1.0}",271,261,1.755339408177551,11.066515785572744,1.0097239146069448,-0.026422905627670093,129.16814530800661,0.20496877966554783,0.9694676121763647,123.57632510125427,5.214809099976456e-29,True
G2,224,16,"{'name': 'cheb_d7', 'family': 'chebyshev', 'degree': 7, 'spline_smoothing_factor': 1.0}",271,261,1.7448117776434209,11.044306930570903,0.951554423810393,-0.03561245507012352,115.77972024538064,0.1957792302230944,0.9261853804944783,111.06431133784622,2.864099299916056e-26,True
G2,232,16,"{'name': 'cheb_d7', 'family': 'chebyshev', 'degree': 7, 'spline_smoothing_factor': 1.0}",271,260,1.7042683990751621,10.741902552085822,0.8766096099033989,-0.043486132041852046,93.66358905768948,0.18790555325136588,0.8529212781766669,89.76270684680446,1.3425411131935685e-21,True
G2,240,16,"{'name': 'cheb_d7', 'family': 'chebyshev', 'degree': 7, 'spline_smoothing_factor': 1.0}",271,261,1.6838204588238026,10.592379919337006,0.8769629498581306,-0.08181426575385924,92.59721064447717,0.14957741953935866,0.8535910622935845,90.12294294262074,1.1190563395481102e-21,True
G2,248,16,"{'name': 'cheb_d7', 'family': 'chebyshev', 'degree': 7, 'spline_smoothing_factor': 1.0}",271,261,1.7413857374262511,10.850334553108997,0.9844166125974578,-0.07049313368719765,121.84004030000654,0.16089855160602026,0.9548582624150005,118.41273627950886,7.040745329962982e-28,True
G2,256,16,"{'name': 'cheb_d7', 'family': 'chebyshev', 'degree': 7, 'spline_smoothing_factor': 1.0}",271,261,1.7794507478116692,11.178158204699955,1.010761978116871,-0.06230276715337723,131.81389182547457,0.1690889181398407,0.9871212513844327,127.89037126950598,5.930864432149547e-30,True
G2,264,16,"{'name': 'cheb_d7', 'family': 'chebyshev', 'degree': 7, 'spline_smoothing_factor': 1.0}",271,261,1.7662617048573312,11.20247850533422,0.9932968244297655,-0.09986918896546818,121.4459469534172,0.13152249632774973,0.9817413995090853,119.04665793694255,5.114741115274816e-28,True
G2,272,16,"{'name': 'cheb_d7', 'family': 'chebyshev', 'degree': 7, 'spline_smoothing_factor': 1.0}",271,261,1.7137351290421508,11.114537552925352,0.9276173673391123,-0.09789237304745349,98.52047118003179,0.13349931224576442,0.9105871868317882,96.2859837380729,4.9715735974559077e-23,True
G2,280,16,"{'name': 'cheb_d7', 'family': 'chebyshev', 'degree': 7, 'spline_smoothing_factor': 1.0}",271,264,1.6012725255107783,10.078271182947972,0.9231607354854345,-0.04679805495492848,97.07657830904463,0.18459363033828943,0.8839703536793782,93.01215595966016,2.5987066408175918e-22,True
G2,288,16,"{'name': 'cheb_d7', 'family': 'chebyshev', 'degree': 7, 'spline_smoothing_factor': 1.0}",271,265,1.5665276356427833,8.863534560061858,1.0181563599214627,-0.02559407243294946,126.5317125175784,0.20579761286026846,0.9701890582378845,120.74940147265681,2.1679193776116836e-28,True
G2,296,16,"{'name': 'cheb_d7', 'family': 'chebyshev', 'degree': 7, 'spline_smoothing_factor': 1.0}",271,261,2.0781114653726127,15.079847449688764,0.778394931191929,-0.014009849400982904,77.74289732272246,0.21738183589223498,0.7493052008931743,73.97445163789916,3.956731320765424e-18,True
G2,304,16,"{'name': 'cheb_d7', 'family': 'chebyshev', 'degree': 7, 'spline_smoothing_factor': 1.0}",276,271,1.576578948742668,13.86521009719528,0.6676184194010109,0.12959345987976234,57.17842283824996,0.36098514517298025,0.6144557923022144,49.28811394269724,1.1049874907785504e-12,True
G2,312,16,"{'name': 'cheb_d7', 'family': 'chebyshev', 'degree': 7, 'spline_smoothing_factor': 1.0}",284,278,1.5296377230354143,11.075129793454773,0.8782361153226663,0.0026797315635664026,99.71445028225878,0.23407141685678431,0.8410622047823298,93.57710021552703,1.953408265490328e-22,True
G2,320,16,"{'name': 'cheb_d7', 'family': 'chebyshev', 'degree': 7, 'spline_smoothing_factor': 1.0}",285,277,1.5828171537591644,9.42464565500425,0.9455801508098798,-0.18743853595552148,118.90356796709602,0.04395314933769642,0.9414770883677179,118.64980576887513,6.247587967523707e-28,True
G2,328,16,"{'name': 'cheb_d7', 'family': 'chebyshev', 'degree': 7, 'spline_smoothing_factor': 1.0}",277,269,1.6441205697260637,10.659497039341451,0.8996684235377321,-0.344914281794667,109.66646760263689,-0.11352259650144907,0.9007792532254257,108.21481936811574,1.2058484354659523e-25,True
G2,0,32,"{'name': 'cheb_d7', 'family': 'chebyshev', 'degree': 7, 'spline_smoothing_factor': 1.0}",255,252,1.3425443287900678,7.184295462620084,0.6958061971060098,-0.2770695529887329,57.62425387657589,-0.04567786769551502,0.6976879749088047,57.48728884182407,1.7008528755299637e-14,True
G2,8,32,"{'name': 'cheb_d7', 'family': 'chebyshev', 'degree': 7, 'spline_smoothing_factor': 1.0}",263,254,1.6924406094546682,10.400895370729788,0.9180847363049214,-0.1225639338754483,99.96869117997926,0.10882775141776961,0.9017507279500884,98.57907675492845,1.561507670678341e-23,True
G2,16,32,"{'name': 'cheb_d7', 'family': 'chebyshev', 'degree': 7, 'spline_smoothing_factor': 1.0}",266,256,1.7360098744110681,10.878083793189846,1.0289019295620383,-0.14388470365839778,128.7665864325205,0.08750698163482012,1.0161390672273813,127.64252320572336,6.719738988871549e-30,True
G2,24,32,"{'name': 'cheb_d7', 'family': 'chebyshev', 'degree': 7, 'spline_smoothing_factor': 1.0}",273,263,1.746105023937897,10.984284044519137,1.0148394342610478,-0.11840321087007438,129.28281512161004,0.11298847442314353,1.0001445672775766,127.43397576273901,7.464274778862602e-30,True
G2,32,32,"{'name': 'cheb_d7', 'family': 'chebyshev', 'degree': 7, 'spline_smoothing_factor': 1.0}",273,264,1.6976395759472835,10.763355657724333,0.9036510019833457,-0.09757788397025613,96.77240741968137,0.13381380132296178,0.8841066963669167,94.68191982920393,1.1178595414148693e-22,True
G2,40,32,"{'name': 'cheb_d7', 'family': 'chebyshev', 'degree': 7, 'spline_smoothing_factor': 1.0}",265,256,1.6573026337089583,10.482266707685561,0.7899078620312754,-0.17274735136788535,73.32662831393043,0.058644333925332554,0.7826979062319378,73.0371740144567,6.36153666123019e-18,True
G2,48,32,"{'name': 'cheb_d7', 'family': 'chebyshev', 'degree': 7, 'spline_smoothing_factor': 1.0}",262,253,1.6675077940930294,10.490495521357328,0.8227578777068469,-0.27084676181329986,84.49324817343575,-0.039455076520081955,0.8262825506327757,84.3587648512804,2.063327027302913e-20,True
G2,56,32,"{'name': 'cheb_d7', 'family': 'chebyshev', 'degree': 7, 'spline_smoothing_factor': 1.0}",255,247,1.6804607964220153,10.475664031472684,0.90475606043201,-0.3703347357260333,101.69929740222926,-0.1389430504328154,0.9090844204215797,99.73812673308441,8.697014170585828e-24,True
G2,64,32,"{'name': 'cheb_d7', 'family': 'chebyshev', 'degree': 7, 'spline_smoothing_factor': 1.0}",255,244,1.758514534044213,10.72383084599544,1.0611739415583854,-0.23375620734090705,136.12801210638895,-0.002364522047689138,1.061327636426705,136.1271973606731,9.357471297470331e-32,True
G2,72,32,"{'name': 'cheb_d7', 'family': 'chebyshev', 'degree': 7, 'spline_smoothing_factor': 1.0}",255,245,1.7919916770211115,10.992933529509102,1.042910459155952,-0.13965794845376706,127.2597911770929,0.09173373683945085,1.0322016706469013,126.02816316244775,1.515752042248115e-29,True
G2,80,32,"{'name': 'cheb_d7', 'family': 'chebyshev', 'degree': 7, 'spline_smoothing_factor': 1.0}",255,245,1.7878960802157706,10.960363371805071,1.0389557135659042,-0.11568111357973342,125.86155281570916,0.11571057171348449,1.0209318832904846,123.92225623031823,4.3804915069102514e-29,True
G2,88,32,"{'name': 'cheb_d7', 'family': 'chebyshev', 'degree': 7, 'spline_smoothing_factor': 1.0}",255,244,1.7778189494675964,10.824564472639915,1.0242608051025055,-0.11840934686609278,125.03835457013042,0.11298233842712513,1.0078160087131267,123.29297048006833,6.015320904955323e-29,True
G2,96,32,"{'name': 'cheb_d7', 'family': 'chebyshev', 'degree': 7, 'spline_smoothing_factor': 1.0}",259,250,1.735419214742512,10.739947944526016,1.151055218772035,-0.1560901238330574,163.07491763022836,0.07530156146016051,1.1426843272600868,162.0973093010981,1.9696977000000295e-37,True
G2,104,32,"{'name': 'cheb_d7', 'family': 'chebyshev', 'degree': 7, 'spline_smoothing_factor': 1.0}",267,258,1.730538108371642,10.813775389661306,1.1396523470890936,-0.1477207352902857,164.20276294876123,0.0836709500029322,1.1325674178027976,162.97993041760333,1.2635014909070638e-37,True
G2,112,32,"{'name': 'cheb_d7', 'family': 'chebyshev', 'degree': 7, 'spline_smoothing_factor': 1.0}",275,266,1.7124786827109613,10.834700715289928,1.1326676975805876,-0.1513153697853661,162.66439402871117,0.0800763155078518,1.1261810260129965,161.49493229178654,2.6668760976338717e-37,True
G2,120,32,"{'name': 'cheb_d7', 'family': 'chebyshev', 'degree': 7, 'spline_smoothing_factor': 1.0}",281,272,1.6904477710437205,10.803738701184884,1.1149994133372763,-0.09844928046859179,159.90613234585135,0.1329424048246261,1.0964289838836692,156.7197405003318,2.946867994524496e-36,True
G2,128,32,"{'name': 'cheb_d7', 'family': 'chebyshev', 'degree': 7, 'spline_smoothing_factor': 1.0}",277,266,1.7291308046159661,10.79787485238667,1.0072986061787816,0.008873477632161637,131.31339626327042,0.24026516292537956,0.9667188102653653,123.19624401833937,6.315830264392443e-29,True
G2,136,32,"{'name': 'cheb_d7', 'family': 'chebyshev', 'degree': 7, 'spline_smoothing_factor': 1.0}",269,258,1.7482299268369197,10.796663929401191,1.0525112900447355,-0.014970961118956311,138.13797720715718,0.2164207241742616,1.0205100712829058,130.97146182526865,1.2559583426162027e-30,True
G2,144,32,"{'name': 'cheb_d7', 'family': 'chebyshev', 'degree': 7, 'spline_smoothing_factor': 1.0}",261,250,1.772664441988258,10.781811669468743,1.105017590728987,-0.002233142191876825,144.2827952001751,0.2291585431013411,1.0633780292873245,135.51351288166506,1.2746343025257533e-31,True
G2,152,32,"{'name': 'cheb_d7', 'family': 'chebyshev', 'degree': 7, 'spline_smoothing_factor': 1.0}",255,244,1.792061544636835,10.868636971661099,1.1490438756888186,-0.019141395426245603,151.84906375121852,0.21225028986697228,1.1041802140383747,143.89742305743619,1.8706295812947846e-33,True
G2,160,32,"{'name': 'cheb_d7', 'family': 'chebyshev', 'degree': 7, 'spline_smoothing_factor': 1.0}",255,245,1.7997427057004696,11.006916007556454,1.1883871408529447,-0.03615951246301802,164.27894361701885,0.1952321728301999,1.1438845577588235,157.206201050422,2.3070788893889117e-36,True
G2,168,32,"{'name': 'cheb_d7', 'family': 'chebyshev', 'degree': 7, 'spline_smoothing_factor': 1.0}",255,244,1.7711175356308704,10.780718226377388,1.0994016325367513,0.0686362754352068,141.75011624348417,0.3000279607284247,1.027232931696293,128.03719818764478,5.507944178459919e-30,True
G2,176,32,"{'name': 'cheb_d7', 'family': 'chebyshev', 'degree': 7, 'spline_smoothing_factor': 1.0}",255,244,1.7097065775345661,10.466531535177095,0.9517864342140759,0.16340253521720577,104.51658259290957,0.3947942205104237,0.8638229483165628,86.90229202399644,5.7008579101817594e-21,True
G2,184,32,"{'name': 'cheb_d7', 'family': 'chebyshev', 'degree': 7, 'spline_smoothing_factor': 1.0}",255,244,1.6842919030461685,10.308469683657597,0.8512634654692147,0.12112871323748313,78.21875554861185,0.35252039853070105,0.7814471846173073,66.53148726775237,1.7217445587170765e-16,True
G2,192,32,"{'name': 'cheb_d7', 'family': 'chebyshev', 'degree': 7, 'spline_smoothing_factor': 1.0}",255,244,1.687098213717586,10.294446091910817,0.8480026146459188,0.043772752766969465,73.70653623269641,0.27516443806018737,0.7878249185452301,66.59339257583883,1.6685139990740847e-16,True
G2,200,32,"{'name': 'cheb_d7', 'family': 'chebyshev', 'degree': 7, 'spline_smoothing_factor': 1.0}",255,244,1.725868752915027,10.610358570365365,0.9572494452541316,-0.002599317647392981,97.98253898321673,0.22879236764582492,0.9001979161699737,91.96587858836199,4.409197337615773e-22,True
G2,208,32,"{'name': 'cheb_d7', 'family': 'chebyshev', 'degree': 7, 'spline_smoothing_factor': 1.0}",255,245,1.7684258526867023,11.010406416179498,1.0247461063481136,0.025343015207285425,119.86008159476978,0.25673470050050334,0.9625196165670726,111.41194379256933,2.4034423940114436e-26,True
G2,216,32,"{'name': 'cheb_d7', 'family': 'chebyshev', 'degree': 7, 'spline_smoothing_factor': 1.0}",255,244,1.7093557769205556,10.843564737864202,0.84670688903367,0.1837975396258868,83.5842208344028,0.4151892249191047,0.7525043453383458,68.57214071006649,6.116000015810229e-17,True
G2,224,32,"{'name': 'cheb_d7', 'family': 'chebyshev', 'degree': 7, 'spline_smoothing_factor': 1.0}",255,247,1.6085302808906579,10.14378342067036,0.6817326461099659,0.16676252832358504,53.71891043313269,0.3981542136168029,0.6116001090657419,44.31989812551524,1.3943361775909408e-11,True
G2,232,32,"{'name': 'cheb_d7', 'family': 'chebyshev', 'degree': 7, 'spline_smoothing_factor': 1.0}",255,248,1.5564732051525285,8.723185098502963,0.699508660343375,0.08412537415873138,55.77599040129826,0.3155170594519493,0.6453742524955763,49.409887508274096,1.0384809371731447e-12,True
G2,240,32,"{'name': 'cheb_d7', 'family': 'chebyshev', 'degree': 7, 'spline_smoothing_factor': 1.0}",255,247,1.6093342935487487,9.01940232283725,0.8227839973941596,-0.09184248615755308,80.20335643797137,0.13954919913566485,0.8046283123159801,78.48394884289678,4.0325451362706857e-19,True
G2,248,32,"{'name': 'cheb_d7', 'family': 'chebyshev', 'degree': 7, 'spline_smoothing_factor': 1.0}",255,245,1.7911814818117,11.112520911058652,1.0091051212277429,-0.0648039280533928,120.2598587134645,0.1665877572398251,0.9860248080402974,116.62181473725389,1.7368709541310255e-27,True
G2,256,32,"{'name': 'cheb_d7', 'family': 'chebyshev', 'degree': 7, 'spline_smoothing_factor': 1.0}",255,244,1.8129702685404865,12.243824922442501,0.8552912893889784,0.03168459087225692,81.94760272863448,0.2630762761654748,0.8168474652732937,75.3529248945863,1.9683238577051744e-18,True
G2,264,32,"{'name': 'cheb_d7', 'family': 'chebyshev', 'degree': 7, 'spline_smoothing_factor': 1.0}",255,249,1.5716391119059874,10.125113855914535,0.7449693608336552,0.03585305339574736,57.96623872515033,0.26724473868896526,0.7015272815349965,52.71562214266942,1.9275623502031316e-13,True
G2,272,32,"{'name': 'cheb_d7', 'family': 'chebyshev', 'degree': 7, 'spline_smoothing_factor': 1.0}",255,251,1.4682666283640378,8.8469557508475,0.7378217694169409,-0.11129869926631478,57.703566703539366,0.12009298602690312,0.7198859192911816,56.677544423257984,2.56732815605294e-14,True
G2,280,32,"{'name': 'cheb_d7', 'family': 'chebyshev', 'degree': 7, 'spline_smoothing_factor': 1.0}",255,252,1.43327725434036,6.962791665246091,0.8908718421831969,-0.10531203263870331,89.81257986235244,0.1260796526545146,0.868520089775115,88.23727047382505,2.902782753271172e-21,True
G2,288,32,"{'name': 'cheb_d7', 'family': 'chebyshev', 'degree': 7, 'spline_smoothing_factor': 1.0}",260,253,1.7892323497255396,17.144019469278007,0.6583093986598075,0.426724349445737,49.55262746874905,0.658116034738955,0.48206722796415186,29.087965862295732,3.458264122551621e-08,True
G2,296,32,"{'name': 'cheb_d7', 'family': 'chebyshev', 'degree': 7, 'spline_smoothing_factor': 1.0}",268,263,1.6643586771281889,15.408648516154434,0.6225680475201774,0.28574189531608984,48.33852568036809,0.5171335806093078,0.524455819601501,35.76533174351937,1.1128674016697938e-09,True
G2,304,32,"{'name': 'cheb_d7', 'family': 'chebyshev', 'degree': 7, 'spline_smoothing_factor': 1.0}",274,271,1.279135979340942,4.80542587117652,0.58687565697321,-0.043055795200893913,44.27014800537472,0.18833589009232402,0.5713887131989777,42.57574628842548,3.3998658812433914e-11,True
G2,312,32,"{'name': 'cheb_d7', 'family': 'chebyshev', 'degree': 7, 'spline_smoothing_factor': 1.0}",274,271,1.3481367740699297,5.842128307120025,0.7416435602780237,-0.2827925834545277,72.88839681586182,-0.05140089816130977,0.7429372635783019,72.68648331479062,7.598568914957428e-18,True
